order_id,product_id,unit_price,quantity,discount
1,26,373.36,4,0.05
2,755,341.58,9,0.0
2,105,299.34,1,0.0
3,224,124.0,10,0.0
4,204,215.56,8,0.2
4,734,146.31,1,0.05
4,666,352.09,6,0.1
4,719,86.18,6,0.0
4,559,55.45,2,0.1
5,619,31.29,8,0.2
5,271,71.16,7,0.0
5,827,280.5,10,0.1
6,197,121.67,5,0.0
6,722,429.11,2,0.15
6,72,146.21,6,0.05
6,47,191.39,4,0.1
6,678,353.89,2,0.2
7,547,129.96,8,0.15
7,747,142.27,9,0.05
8,864,37.41,1,0.1
8,787,206.57,2,0.05
8,795,457.44,10,0.1
9,672,203.86,8,0.05
9,512,139.79,4,0.2
10,270,295.93,6,0.05
10,765,498.69,3,0.2
10,599,251.82,1,0.0
10,439,84.89,3,0.15
10,920,302.24,7,0.15
11,480,431.78,1,0.0
11,542,344.04,9,0.1
11,258,386.61,6,0.0
11,995,153.82,3,0.15
11,567,11.59,5,0.2
12,520,62.14,5,0.2
12,935,308.4,3,0.1
13,553,391.53,9,0.0
13,977,303.48,8,0.0
14,952,187.86,5,0.05
15,247,440.22,2,0.0
16,836,385.26,3,0.15
16,71,473.96,3,0.1
16,779,268.56,10,0.15
16,546,482.54,9,0.05
17,409,192.98,9,0.15
17,688,69.29,4,0.0
17,666,175.66,10,0.2
18,603,13.52,1,0.05
18,226,43.03,1,0.1
19,527,126.62,8,0.05
20,136,292.34,4,0.15
20,741,405.67,4,0.0
20,958,57.5,7,0.1
20,904,217.55,8,0.0
20,585,339.95,2,0.0
21,746,63.54,4,0.05
21,348,272.78,3,0.15
21,820,99.91,8,0.05
21,883,438.5,2,0.15
22,101,17.23,2,0.05
22,52,91.49,8,0.15
22,668,114.74,7,0.0
22,554,90.67,1,0.15
22,857,139.95,8,0.1
23,714,282.33,8,0.05
23,981,103.05,4,0.0
23,749,293.8,9,0.0
23,803,376.51,1,0.0
24,489,87.14,9,0.0
24,515,427.16,2,0.2
24,942,43.3,4,0.15
24,874,68.74,10,0.05
24,544,293.67,1,0.2
25,430,332.11,10,0.2
26,958,338.17,6,0.05
26,268,140.15,3,0.1
26,210,234.04,2,0.0
27,637,273.44,9,0.1
27,577,74.9,6,0.0
27,103,440.84,6,0.1
27,76,87.3,9,0.1
28,827,410.38,5,0.0
28,670,470.08,3,0.1
28,542,66.56,2,0.2
28,9,86.17,5,0.2
28,684,113.21,6,0.05
29,518,453.61,1,0.0
29,501,320.8,5,0.0
29,258,11.74,3,0.1
30,760,280.32,7,0.2
30,453,14.74,2,0.05
31,37,82.57,3,0.0
31,855,161.05,1,0.1
31,379,112.94,4,0.0
31,597,183.3,9,0.15
31,566,487.18,3,0.05
32,1000,407.28,7,0.0
32,820,97.89,6,0.15
33,274,395.81,2,0.15
33,164,437.36,8,0.05
34,837,235.55,5,0.05
34,941,119.23,4,0.15
35,286,483.78,5,0.1
35,886,324.33,7,0.2
35,72,172.26,1,0.0
36,183,491.94,1,0.0
36,595,302.32,6,0.1
36,986,223.83,9,0.0
37,922,31.75,7,0.0
37,591,264.76,9,0.05
37,195,188.47,2,0.1
37,261,315.35,2,0.1
38,317,351.63,9,0.05
38,683,104.0,7,0.05
38,419,311.6,5,0.15
38,335,278.49,1,0.1
38,413,150.59,7,0.2
39,671,114.71,8,0.05
39,330,332.84,5,0.2
39,477,335.29,10,0.1
39,453,55.76,4,0.1
39,692,120.07,4,0.05
40,48,129.97,8,0.2
41,467,213.08,10,0.05
42,507,331.47,1,0.0
42,410,391.43,4,0.05
42,250,404.01,9,0.15
42,152,34.61,4,0.0
43,137,270.25,9,0.2
43,821,165.48,8,0.2
43,476,409.35,9,0.15
43,684,416.98,9,0.15
44,762,242.59,5,0.05
44,883,421.53,5,0.2
45,642,47.97,5,0.05
45,245,143.14,6,0.2
45,282,49.48,3,0.05
45,451,197.69,3,0.05
46,425,209.72,9,0.15
47,64,200.84,10,0.0
47,212,429.8,10,0.15
47,853,243.72,6,0.1
47,431,379.2,7,0.2
48,820,117.52,7,0.15
48,618,24.22,6,0.15
48,920,364.85,8,0.05
48,226,490.55,9,0.0
48,500,454.4,10,0.2
49,86,324.95,3,0.15
50,52,195.76,4,0.15
50,267,170.15,7,0.1
51,259,19.5,9,0.0
51,855,499.95,6,0.05
51,84,328.57,1,0.0
51,482,475.31,4,0.0
52,157,66.05,4,0.15
52,245,352.74,6,0.05
52,130,306.89,2,0.05
52,485,482.71,2,0.2
52,686,22.58,5,0.2
53,407,47.24,4,0.0
53,965,351.62,5,0.2
53,733,404.71,10,0.0
53,204,180.13,7,0.1
54,519,327.3,1,0.15
55,109,321.44,8,0.05
55,444,223.39,9,0.1
55,984,311.8,9,0.15
55,371,237.79,10,0.1
56,873,467.96,5,0.15
56,252,129.49,8,0.2
56,851,309.06,7,0.1
57,507,426.97,3,0.15
58,364,136.59,5,0.2
58,817,353.58,5,0.2
59,530,474.55,2,0.05
60,501,348.4,8,0.15
60,569,398.54,2,0.1
60,777,118.58,4,0.1
60,247,335.34,6,0.15
61,544,172.09,8,0.1
61,353,160.25,4,0.0
61,436,363.43,6,0.0
61,764,374.01,3,0.05
61,564,116.03,8,0.1
62,779,417.99,5,0.05
62,538,186.83,5,0.0
62,612,356.93,3,0.1
62,290,32.3,1,0.2
62,103,153.15,3,0.15
63,894,16.01,5,0.15
64,452,35.17,8,0.0
64,349,412.84,7,0.15
64,189,46.3,1,0.05
64,989,83.11,10,0.1
65,255,68.04,7,0.2
66,810,196.39,8,0.1
66,634,431.48,7,0.1
66,232,288.63,1,0.2
66,795,480.45,2,0.05
66,536,316.5,5,0.0
67,246,280.48,3,0.0
67,178,210.17,10,0.15
68,34,356.41,8,0.0
68,238,346.82,5,0.2
68,296,333.98,4,0.15
69,558,120.16,3,0.1
70,74,91.3,5,0.2
70,62,376.99,10,0.1
71,128,352.87,5,0.2
71,480,274.59,8,0.0
71,706,303.04,7,0.1
71,312,305.82,1,0.0
72,985,419.62,10,0.2
72,691,475.89,5,0.2
73,782,380.57,8,0.2
74,939,223.58,8,0.0
74,285,240.31,7,0.1
74,186,167.32,2,0.05
74,600,171.6,8,0.1
75,834,232.86,6,0.1
75,779,168.4,7,0.2
75,564,414.21,1,0.2
75,38,236.37,1,0.05
76,371,226.6,1,0.05
76,638,140.86,3,0.1
76,775,224.68,8,0.0
76,511,24.15,10,0.05
76,641,357.79,5,0.2
77,566,209.92,4,0.0
78,970,85.45,5,0.2
78,121,355.65,7,0.15
78,664,490.32,4,0.15
78,853,280.12,7,0.05
79,521,44.21,7,0.1
79,765,467.78,9,0.1
79,901,412.07,5,0.1
79,140,420.36,10,0.15
79,885,433.98,8,0.2
80,354,276.28,8,0.1
80,341,436.1,4,0.2
80,566,197.66,7,0.0
80,782,165.91,8,0.15
81,680,490.6,8,0.0
81,812,71.86,10,0.1
81,841,436.15,8,0.0
81,668,267.72,8,0.0
82,420,330.84,3,0.0
82,892,240.05,5,0.1
83,710,171.0,9,0.15
83,408,477.53,8,0.2
83,666,27.59,2,0.05
83,83,319.27,5,0.05
83,873,375.92,7,0.0
84,455,91.52,5,0.0
85,333,400.11,5,0.1
86,442,270.27,10,0.05
86,150,93.29,2,0.2
86,251,436.71,10,0.05
87,935,235.96,5,0.15
87,598,135.11,1,0.15
87,147,451.59,9,0.05
87,238,46.19,6,0.2
88,655,348.25,8,0.1
88,986,107.62,7,0.15
88,435,62.26,7,0.2
89,589,154.66,7,0.1
89,303,13.97,1,0.2
89,717,375.13,5,0.05
90,822,314.24,3,0.0
90,361,452.67,1,0.1
90,225,396.42,1,0.2
90,652,188.78,3,0.0
90,195,455.72,6,0.15
91,206,395.39,6,0.2
91,136,255.88,5,0.05
92,936,246.11,5,0.1
92,845,404.07,8,0.0
92,967,78.97,4,0.15
93,375,139.58,2,0.15
93,93,190.61,5,0.2
93,810,196.7,6,0.0
93,405,340.67,8,0.0
93,15,313.58,9,0.1
94,227,237.49,5,0.15
94,664,67.17,1,0.0
94,65,159.14,8,0.0
94,651,57.62,9,0.05
94,844,200.44,6,0.2
95,602,443.85,2,0.15
95,761,311.67,5,0.0
95,745,348.24,4,0.15
95,159,227.9,4,0.1
96,703,189.99,6,0.0
97,283,475.02,8,0.0
97,195,334.76,10,0.0
97,992,34.78,6,0.05
97,126,494.52,10,0.05
98,850,384.93,4,0.2
99,833,124.17,3,0.2
99,891,11.39,3,0.05
100,257,434.56,3,0.0
100,818,185.54,4,0.2
100,179,168.65,3,0.1
100,113,35.68,7,0.2
100,677,65.69,2,0.15
101,797,63.44,9,0.05
101,371,473.25,1,0.2
101,526,157.8,1,0.0
101,608,499.31,7,0.15
102,503,359.08,8,0.0
103,330,308.07,2,0.05
104,640,278.69,6,0.15
104,649,497.37,9,0.1
104,600,232.32,10,0.15
105,813,353.87,9,0.05
106,463,176.08,8,0.15
106,910,213.83,2,0.1
106,234,219.11,5,0.1
106,424,477.26,8,0.0
107,852,51.83,7,0.0
108,832,39.39,9,0.2
108,134,171.53,2,0.15
108,570,183.26,7,0.0
109,615,60.76,9,0.05
109,320,85.82,8,0.05
109,361,425.16,6,0.2
110,118,291.31,7,0.2
110,781,487.53,10,0.2
110,286,340.74,9,0.0
111,952,24.19,5,0.1
111,674,461.55,6,0.0
111,850,98.89,3,0.2
111,711,332.1,2,0.05
111,274,373.07,1,0.0
112,221,87.13,5,0.1
112,386,390.65,10,0.2
112,430,51.63,1,0.05
112,465,87.13,10,0.0
112,350,340.24,5,0.15
113,498,143.85,9,0.0
113,622,179.13,2,0.1
113,453,342.33,10,0.15
113,425,268.2,5,0.0
114,405,36.84,4,0.1
114,614,473.21,3,0.1
115,336,253.72,7,0.05
115,123,73.3,9,0.05
115,8,255.13,6,0.0
116,883,19.18,2,0.1
116,760,292.12,10,0.15
116,44,357.65,7,0.1
116,447,66.43,1,0.1
117,821,312.88,6,0.0
117,971,223.99,2,0.05
118,604,203.93,5,0.1
118,411,118.57,3,0.0
118,537,260.14,2,0.2
118,81,259.88,6,0.1
119,242,81.76,4,0.05
119,106,305.18,2,0.05
120,476,293.94,10,0.2
120,773,168.37,6,0.05
120,578,225.48,8,0.15
120,779,319.38,5,0.2
121,361,258.6,5,0.15
122,39,150.67,2,0.2
122,59,301.1,7,0.15
122,378,294.36,1,0.15
122,852,455.43,10,0.05
123,620,83.92,1,0.15
123,488,60.72,6,0.0
123,514,257.23,3,0.0
124,725,495.58,9,0.2
124,449,308.8,6,0.1
125,397,175.8,10,0.0
125,419,396.72,6,0.0
125,794,171.55,9,0.15
126,259,331.72,10,0.05
126,742,173.35,10,0.05
126,873,459.21,5,0.15
127,610,469.62,5,0.2
127,726,194.57,6,0.05
128,96,187.3,6,0.1
128,662,98.33,4,0.1
128,687,474.36,8,0.05
128,434,121.01,3,0.05
128,521,47.81,2,0.2
129,856,334.35,10,0.05
129,757,302.65,3,0.05
129,905,98.61,10,0.05
129,540,363.38,1,0.15
129,39,188.51,4,0.15
130,292,124.66,4,0.1
130,771,483.14,8,0.05
130,767,190.24,10,0.15
130,803,236.22,5,0.15
130,460,256.42,7,0.05
131,821,77.82,5,0.0
131,620,324.18,6,0.2
132,729,424.49,2,0.1
133,782,88.55,8,0.2
134,851,54.94,4,0.15
134,448,443.47,1,0.15
135,406,255.98,4,0.15
136,384,120.02,6,0.0
137,811,28.77,8,0.05
137,150,381.83,8,0.15
137,141,311.52,2,0.0
138,221,278.91,10,0.2
138,856,217.39,5,0.05
138,154,157.56,1,0.05
139,655,40.78,8,0.2
139,813,272.67,9,0.2
139,638,128.55,3,0.1
139,469,220.33,10,0.1
140,585,101.78,2,0.2
140,427,487.58,2,0.2
141,520,437.93,1,0.15
141,806,490.71,5,0.0
141,568,184.98,2,0.1
141,21,128.15,2,0.2
141,400,370.24,6,0.05
142,361,277.55,3,0.15
143,647,40.92,8,0.0
143,187,153.79,1,0.05
143,831,444.04,6,0.1
143,139,262.54,9,0.15
144,38,103.64,6,0.0
144,772,434.24,6,0.1
144,663,70.99,6,0.15
145,762,199.46,3,0.15
145,451,349.11,6,0.2
145,917,140.69,2,0.15
145,980,48.67,10,0.05
146,301,333.85,5,0.15
146,329,305.28,7,0.05
146,106,347.98,6,0.15
146,82,30.75,6,0.2
146,336,499.09,5,0.0
147,688,322.38,6,0.2
148,976,79.96,10,0.15
148,32,27.05,2,0.05
149,371,287.95,10,0.05
149,393,342.74,6,0.1
149,973,227.53,2,0.2
150,543,205.04,5,0.05
150,376,480.65,1,0.05
151,531,67.7,5,0.15
151,397,115.14,10,0.1
151,936,350.05,8,0.05
151,576,70.09,2,0.15
152,921,228.1,2,0.1
152,731,337.24,2,0.2
153,298,358.79,3,0.1
153,913,259.29,2,0.05
153,308,398.11,4,0.15
153,872,22.88,9,0.2
153,162,190.77,9,0.05
154,906,499.8,8,0.2
154,89,211.29,7,0.2
154,68,46.14,6,0.0
154,317,230.49,9,0.1
154,408,72.88,9,0.2
155,787,73.23,9,0.0
155,990,417.38,9,0.05
156,169,468.02,4,0.1
156,166,474.27,9,0.1
156,331,424.51,5,0.05
157,282,271.4,9,0.05
157,129,299.99,10,0.05
157,641,93.89,10,0.2
157,311,175.43,10,0.0
157,630,414.37,1,0.0
158,972,324.31,10,0.1
159,786,214.13,1,0.15
159,586,445.61,9,0.1
160,495,405.6,7,0.1
160,251,232.24,1,0.05
160,825,225.41,8,0.15
161,349,80.4,6,0.1
161,622,487.93,3,0.1
162,576,70.04,8,0.05
162,109,79.03,1,0.1
162,327,473.24,10,0.15
162,248,131.65,3,0.1
162,478,467.54,6,0.05
163,511,238.74,5,0.15
163,528,21.36,7,0.2
164,990,182.92,1,0.1
164,247,252.5,8,0.1
164,221,272.98,2,0.15
164,598,75.63,5,0.1
165,375,289.44,4,0.1
165,47,281.08,2,0.15
165,411,257.09,9,0.1
165,53,414.4,10,0.2
166,132,487.79,7,0.1
167,572,379.93,4,0.2
167,962,259.47,9,0.0
167,375,32.2,3,0.1
168,532,447.63,3,0.1
168,468,466.37,6,0.05
168,153,202.55,10,0.1
168,621,300.93,9,0.2
169,502,409.72,6,0.1
169,726,340.17,7,0.2
169,577,160.76,1,0.2
169,307,242.55,10,0.2
169,487,121.5,1,0.2
170,175,313.67,7,0.05
170,537,412.61,4,0.0
170,645,290.56,2,0.05
170,739,19.28,6,0.15
171,423,109.91,9,0.2
171,708,461.06,1,0.05
172,213,267.48,6,0.05
172,575,235.24,9,0.1
172,333,277.67,5,0.2
172,679,247.25,4,0.1
172,490,283.46,4,0.1
173,722,355.44,6,0.15
173,213,180.91,5,0.1
173,707,69.72,9,0.15
174,839,404.26,5,0.0
174,354,150.94,2,0.1
174,978,462.76,5,0.15
174,792,114.85,9,0.1
175,713,373.04,4,0.05
175,279,34.88,9,0.05
175,141,322.59,1,0.0
175,112,212.52,8,0.0
175,631,343.78,3,0.0
176,952,441.52,8,0.15
176,162,328.76,5,0.1
176,417,149.85,1,0.0
176,669,329.63,4,0.2
176,958,371.96,1,0.05
177,904,460.62,7,0.15
177,858,101.29,5,0.0
177,181,14.54,10,0.2
177,957,62.58,6,0.1
178,657,445.74,3,0.2
178,557,239.33,4,0.0
178,537,172.04,8,0.1
178,506,362.11,1,0.1
179,582,104.65,10,0.15
179,691,415.23,9,0.1
179,776,52.5,2,0.05
180,489,468.55,1,0.1
180,332,197.95,8,0.1
181,310,290.71,5,0.1
181,597,349.46,1,0.0
181,741,238.04,3,0.15
182,946,162.38,2,0.1
182,917,190.1,4,0.05
182,910,479.11,8,0.05
182,721,232.94,10,0.1
182,789,213.76,9,0.15
183,822,131.26,10,0.0
183,681,267.5,9,0.1
183,846,48.27,10,0.0
183,224,40.26,9,0.2
183,781,109.06,9,0.05
184,336,264.97,2,0.05
184,875,361.29,8,0.0
185,457,261.49,8,0.2
185,829,38.29,8,0.1
185,57,364.41,7,0.1
185,465,410.06,4,0.2
185,136,45.78,7,0.1
186,555,497.12,2,0.15
187,294,210.34,3,0.15
188,913,436.11,7,0.15
188,392,49.32,9,0.05
188,460,330.23,6,0.0
189,551,269.13,4,0.0
189,403,380.53,5,0.15
190,435,131.28,6,0.05
190,545,145.07,2,0.0
190,389,406.64,7,0.2
190,844,385.37,1,0.05
190,236,110.98,2,0.2
191,458,302.91,1,0.05
192,412,225.09,9,0.05
193,144,256.91,5,0.05
194,327,411.01,4,0.1
194,592,439.37,9,0.05
194,613,212.64,5,0.0
194,792,282.79,10,0.05
194,689,316.74,7,0.2
195,49,325.22,7,0.2
195,996,166.18,7,0.15
195,353,83.12,7,0.05
195,965,379.66,8,0.05
196,308,356.71,8,0.0
196,879,285.57,7,0.2
197,138,171.83,2,0.15
197,398,425.1,2,0.2
197,249,365.05,4,0.0
197,262,141.55,10,0.2
197,209,29.38,2,0.05
198,742,112.36,6,0.1
198,688,478.94,1,0.05
198,573,469.21,2,0.15
198,223,458.08,10,0.05
198,491,204.35,4,0.2
199,795,238.46,6,0.1
199,290,138.17,9,0.15
199,390,238.34,8,0.1
200,380,212.83,10,0.05
200,321,373.21,1,0.1
201,958,154.64,4,0.1
201,599,122.71,10,0.05
201,594,254.66,6,0.1
201,738,384.05,8,0.15
201,428,235.81,6,0.05
202,738,249.27,9,0.0
202,560,266.73,2,0.0
203,423,77.37,4,0.0
204,10,257.81,6,0.0
204,224,312.74,10,0.15
205,17,211.56,1,0.2
205,7,363.87,9,0.1
205,545,18.4,7,0.05
205,565,62.44,2,0.2
206,247,313.69,5,0.1
206,197,140.99,7,0.0
207,983,286.85,4,0.1
207,416,345.18,2,0.0
207,471,55.82,7,0.15
208,488,93.98,8,0.15
208,58,326.0,6,0.2
208,653,488.89,2,0.2
208,10,460.38,4,0.05
208,720,451.62,10,0.15
209,48,345.37,5,0.2
209,947,286.12,1,0.05
209,77,465.1,6,0.0
210,602,378.6,7,0.0
210,148,156.65,10,0.05
211,855,274.88,7,0.05
211,870,397.34,2,0.2
211,399,375.27,6,0.0
211,694,57.87,4,0.0
211,919,176.89,10,0.2
212,993,320.72,8,0.15
212,793,121.79,9,0.15
212,335,221.61,10,0.15
212,31,51.99,10,0.1
213,731,50.2,3,0.15
213,76,358.72,3,0.15
214,370,12.55,5,0.15
214,110,186.36,5,0.0
214,94,74.93,3,0.15
215,571,60.61,2,0.1
215,569,281.57,10,0.2
215,525,394.37,7,0.0
215,418,153.01,7,0.0
216,927,345.8,3,0.05
216,249,141.77,5,0.15
216,586,81.51,3,0.15
216,534,145.22,5,0.15
216,174,393.51,6,0.1
217,739,252.94,10,0.05
217,641,234.35,3,0.1
218,972,203.89,10,0.15
219,451,409.58,10,0.05
219,343,157.21,10,0.05
219,441,244.71,3,0.15
220,299,320.12,10,0.05
220,753,169.68,5,0.15
220,712,188.86,10,0.05
221,559,23.19,8,0.05
221,185,224.84,5,0.0
221,699,411.29,7,0.15
221,787,78.2,5,0.05
221,564,133.81,3,0.15
222,76,295.3,9,0.2
222,460,462.51,7,0.2
222,613,28.01,6,0.2
222,491,300.97,2,0.0
223,674,183.95,10,0.0
223,681,285.98,7,0.1
224,109,118.78,9,0.2
224,11,294.45,10,0.05
224,101,228.43,7,0.15
224,265,388.45,10,0.2
225,354,246.56,5,0.15
225,26,461.07,2,0.0
226,357,178.1,4,0.2
226,320,246.63,8,0.0
227,740,42.92,1,0.0
227,714,21.07,6,0.0
227,464,341.8,3,0.05
227,327,262.84,9,0.05
228,574,236.41,7,0.05
228,437,101.33,7,0.15
228,982,24.3,10,0.05
229,607,355.32,4,0.1
229,440,378.64,2,0.2
229,399,59.86,9,0.05
229,5,189.24,4,0.15
230,269,338.64,8,0.2
231,612,202.35,2,0.1
231,398,182.47,8,0.2
231,626,94.54,5,0.2
232,87,126.9,2,0.05
232,689,192.92,3,0.2
232,138,200.35,10,0.05
232,321,291.65,7,0.05
232,121,248.47,9,0.05
233,171,164.14,8,0.2
233,502,36.27,6,0.0
233,296,247.46,4,0.15
233,144,482.28,9,0.15
233,192,210.48,8,0.15
234,501,25.12,4,0.1
234,172,26.02,4,0.2
234,85,151.45,8,0.2
234,579,373.83,8,0.2
235,116,276.12,6,0.2
235,587,413.08,1,0.15
235,117,277.71,7,0.0
235,275,370.63,4,0.1
235,794,438.66,1,0.15
236,357,52.62,2,0.05
236,883,112.84,10,0.1
236,837,431.91,10,0.15
237,631,394.58,4,0.0
237,143,289.34,9,0.1
238,552,151.77,5,0.2
238,173,492.89,2,0.05
238,332,481.76,7,0.0
238,721,496.32,3,0.05
238,300,132.34,6,0.05
239,502,141.67,7,0.15
239,146,231.48,2,0.15
239,592,262.65,5,0.1
239,648,232.8,8,0.1
240,3,55.64,8,0.1
240,890,426.55,9,0.15
240,793,116.74,7,0.05
240,868,252.41,6,0.1
240,751,175.5,10,0.05
241,873,344.45,1,0.0
241,497,58.79,8,0.0
241,808,70.88,3,0.15
241,352,233.69,7,0.05
241,916,497.89,3,0.1
242,896,439.53,2,0.1
242,956,132.69,6,0.05
243,406,316.55,4,0.15
244,721,56.64,4,0.15
245,136,300.9,9,0.15
246,9,350.84,2,0.15
247,490,122.18,2,0.0
247,73,60.57,6,0.1
248,392,408.55,3,0.05
248,793,43.52,10,0.0
249,666,114.4,3,0.15
249,169,311.88,8,0.05
249,451,52.48,2,0.05
249,360,378.7,10,0.15
249,740,182.25,7,0.1
250,254,325.86,4,0.2
250,284,304.49,10,0.1
251,869,425.06,5,0.05
252,622,154.82,1,0.05
252,522,252.49,2,0.05
252,194,254.8,10,0.0
252,766,268.86,1,0.1
252,402,467.62,3,0.15
253,431,383.74,2,0.0
253,375,297.81,1,0.1
253,560,115.71,1,0.15
253,700,258.24,9,0.15
253,177,217.55,7,0.0
254,551,161.85,9,0.05
254,631,487.41,3,0.2
254,157,170.11,10,0.0
254,285,161.98,7,0.05
254,86,38.37,2,0.15
255,465,310.03,1,0.1
256,123,356.87,1,0.05
256,13,253.24,6,0.2
257,802,192.22,5,0.0
257,843,388.0,1,0.1
257,739,405.48,5,0.2
257,266,41.3,10,0.0
257,171,253.11,9,0.1
258,512,431.09,3,0.1
259,262,60.42,10,0.0
259,792,121.92,9,0.0
260,880,432.83,4,0.0
261,373,97.69,1,0.2
261,393,403.53,7,0.05
261,943,167.68,7,0.1
261,154,142.92,2,0.2
262,123,451.95,3,0.05
262,515,404.13,1,0.15
262,690,43.77,8,0.1
263,336,233.81,6,0.05
263,89,152.88,5,0.2
263,567,128.87,6,0.2
264,792,451.22,4,0.05
264,795,13.13,7,0.0
264,201,124.17,6,0.0
264,751,475.99,1,0.15
265,107,491.73,7,0.15
265,211,480.98,3,0.1
265,543,55.58,4,0.2
266,718,487.53,2,0.2
266,918,56.83,3,0.15
266,382,46.67,10,0.0
266,470,223.14,3,0.05
267,268,463.76,7,0.1
267,872,165.85,5,0.05
267,323,46.6,4,0.05
268,112,238.37,7,0.0
268,160,272.6,4,0.15
268,109,161.07,5,0.0
268,169,54.31,5,0.2
268,461,29.76,6,0.05
269,729,131.63,6,0.15
270,51,495.43,1,0.15
270,694,428.75,9,0.2
270,307,132.43,8,0.0
270,267,403.91,3,0.0
270,840,15.86,4,0.05
271,844,192.4,2,0.2
271,411,297.2,2,0.0
272,203,452.22,8,0.05
273,927,425.16,6,0.0
274,965,235.89,3,0.2
275,842,24.45,7,0.05
275,742,183.43,3,0.1
275,405,147.13,3,0.0
275,509,310.91,10,0.05
276,511,279.84,1,0.0
276,422,147.09,3,0.15
276,904,107.73,9,0.05
277,814,185.96,9,0.15
277,20,178.58,10,0.2
277,392,167.59,5,0.05
277,801,22.77,10,0.05
277,731,24.36,5,0.0
278,543,499.81,3,0.0
278,367,131.45,4,0.1
278,786,271.51,1,0.05
278,599,292.09,7,0.1
279,181,300.33,6,0.2
279,243,23.82,6,0.2
280,146,494.12,8,0.2
280,577,161.44,8,0.0
280,972,54.23,4,0.2
280,193,117.22,9,0.15
280,857,10.33,10,0.05
281,349,96.96,6,0.0
281,735,20.74,10,0.05
282,867,267.88,6,0.0
283,722,203.84,2,0.1
283,965,157.86,3,0.05
283,679,368.85,7,0.15
284,179,285.37,10,0.1
284,725,119.39,10,0.05
284,992,195.41,5,0.05
285,747,474.91,10,0.15
285,2,426.87,10,0.0
286,617,461.31,10,0.05
286,326,323.43,2,0.15
287,340,48.13,6,0.1
287,764,92.26,2,0.1
288,12,349.66,6,0.1
288,272,395.64,1,0.0
288,215,199.11,7,0.05
288,256,443.43,8,0.15
289,560,416.12,10,0.05
289,385,89.7,2,0.0
289,104,154.51,6,0.1
290,76,177.49,7,0.05
291,561,471.5,2,0.1
292,629,221.35,3,0.2
292,915,445.98,3,0.0
292,495,59.62,4,0.05
292,722,210.55,9,0.2
292,32,139.98,5,0.1
293,99,202.52,9,0.15
293,51,85.26,6,0.0
294,90,316.29,8,0.05
294,302,57.52,4,0.05
294,844,322.71,2,0.15
294,678,423.45,5,0.15
295,501,54.66,9,0.15
295,917,100.59,7,0.1
295,677,101.43,1,0.1
295,272,225.47,5,0.05
296,578,378.6,2,0.0
296,64,337.39,9,0.15
296,155,485.65,10,0.05
297,63,215.13,9,0.15
297,861,290.63,4,0.15
297,397,156.44,7,0.0
297,839,256.03,9,0.2
297,536,341.99,10,0.05
298,973,381.02,3,0.05
299,828,71.83,7,0.0
299,198,494.26,7,0.05
300,855,136.36,2,0.0
300,610,200.17,7,0.2
301,878,234.5,1,0.2
301,283,297.91,7,0.0
301,533,213.08,3,0.2
302,597,463.21,10,0.0
302,777,395.02,9,0.1
302,988,440.17,5,0.15
302,963,330.85,10,0.2
302,103,241.79,3,0.1
303,148,349.89,1,0.15
303,634,445.89,6,0.05
303,624,34.15,8,0.1
303,698,449.55,1,0.1
304,319,250.89,2,0.05
304,288,75.85,8,0.1
304,864,142.02,7,0.2
305,193,226.44,7,0.15
306,889,397.83,2,0.1
306,383,357.69,7,0.05
306,841,392.45,9,0.2
306,58,24.18,4,0.05
306,528,420.12,4,0.0
307,52,107.56,6,0.15
307,941,257.51,2,0.0
307,370,128.55,8,0.2
307,722,228.59,8,0.2
308,359,136.74,2,0.1
308,353,23.45,1,0.05
308,168,428.37,4,0.05
308,858,327.22,4,0.1
308,916,329.28,9,0.0
309,486,456.64,3,0.2
310,230,133.67,5,0.1
311,917,234.91,4,0.15
311,386,158.05,9,0.2
311,873,204.6,2,0.0
311,358,260.64,6,0.2
312,624,246.05,6,0.1
312,290,323.89,5,0.1
312,306,331.5,5,0.05
312,701,83.47,4,0.0
312,111,404.66,10,0.15
313,698,22.47,8,0.1
313,144,137.12,7,0.15
313,739,200.25,1,0.2
314,836,118.96,9,0.15
314,195,454.2,6,0.2
314,352,157.1,3,0.2
314,744,98.76,2,0.15
314,731,72.69,5,0.2
315,970,450.8,2,0.05
315,697,184.09,5,0.15
316,381,154.09,2,0.15
316,267,36.3,10,0.2
316,600,472.71,2,0.15
317,513,435.07,7,0.2
317,123,156.19,1,0.05
318,206,210.5,10,0.15
318,351,80.18,3,0.0
319,341,320.9,1,0.15
319,647,144.03,3,0.2
319,182,384.6,8,0.0
319,321,73.41,7,0.15
320,440,12.29,9,0.05
320,989,368.02,1,0.1
320,489,380.86,9,0.05
320,393,18.78,1,0.05
321,711,178.73,3,0.0
321,899,197.94,10,0.1
322,67,32.4,5,0.15
322,844,366.64,10,0.2
323,445,497.78,6,0.15
323,910,186.03,4,0.05
323,704,474.56,7,0.0
324,230,492.59,4,0.0
324,745,298.95,3,0.0
325,729,28.31,5,0.2
325,667,315.34,10,0.0
325,812,334.37,1,0.0
326,427,227.71,2,0.2
327,486,110.69,1,0.1
327,719,216.23,2,0.2
327,157,142.29,10,0.05
328,851,362.2,2,0.1
328,921,65.87,2,0.15
328,108,107.34,4,0.1
328,524,417.43,4,0.1
329,303,253.21,4,0.15
329,165,172.0,1,0.0
329,41,339.1,2,0.2
329,562,337.82,3,0.0
330,77,325.73,8,0.1
330,741,139.42,1,0.0
330,104,408.46,1,0.1
330,927,186.51,6,0.15
330,263,371.88,2,0.0
331,873,77.81,3,0.1
332,916,314.69,2,0.1
332,449,409.33,3,0.0
332,979,206.38,8,0.1
333,707,216.65,3,0.0
333,872,74.93,1,0.05
333,490,60.82,10,0.15
333,820,403.11,8,0.05
334,389,432.66,3,0.15
334,798,461.0,2,0.15
334,368,225.94,2,0.1
334,627,330.94,1,0.2
334,30,386.09,10,0.2
335,979,437.84,9,0.2
335,686,347.24,10,0.0
336,678,179.42,7,0.05
336,745,421.13,9,0.2
336,255,36.74,3,0.2
336,494,425.93,8,0.05
337,770,250.91,4,0.1
338,52,279.74,7,0.15
338,520,410.38,2,0.15
338,229,227.65,10,0.15
339,878,254.24,6,0.0
340,764,207.69,1,0.2
340,670,279.06,2,0.2
340,19,481.95,5,0.2
340,106,285.54,8,0.1
341,846,119.23,8,0.1
341,56,284.47,10,0.2
341,837,241.84,6,0.15
342,100,382.07,4,0.0
343,364,482.57,5,0.2
343,850,265.77,2,0.0
343,649,449.47,8,0.05
344,110,101.9,7,0.05
344,261,233.95,4,0.1
344,626,62.81,7,0.0
344,201,464.05,10,0.0
345,469,257.06,8,0.0
345,675,269.88,1,0.2
345,604,468.3,10,0.15
345,980,462.94,3,0.2
346,749,72.91,7,0.2
346,835,307.02,6,0.2
347,429,383.56,5,0.15
347,624,482.16,5,0.15
347,938,404.35,3,0.15
347,710,305.24,9,0.1
348,882,281.25,4,0.05
348,322,112.76,5,0.1
348,729,461.38,3,0.05
348,755,256.91,6,0.0
348,958,382.78,9,0.15
349,585,340.38,9,0.1
349,966,439.96,7,0.0
349,684,266.14,1,0.15
349,728,81.21,1,0.05
349,428,140.82,3,0.1
350,150,348.39,5,0.05
350,860,379.26,1,0.1
350,64,408.87,2,0.2
351,886,200.55,9,0.1
351,230,349.54,1,0.15
351,761,199.9,6,0.2
351,663,36.36,5,0.05
351,575,314.08,8,0.05
352,774,371.84,4,0.05
352,603,154.15,3,0.0
352,560,101.62,3,0.2
353,387,29.91,5,0.2
354,134,424.55,1,0.1
354,165,238.5,3,0.0
354,599,85.31,6,0.2
355,793,466.87,10,0.1
356,809,45.71,6,0.2
356,587,117.78,3,0.2
356,564,43.41,9,0.05
356,367,213.81,9,0.15
357,358,118.39,4,0.1
358,370,475.65,10,0.2
358,301,242.68,9,0.0
358,224,66.21,6,0.15
359,927,310.71,10,0.05
359,658,479.86,6,0.15
360,396,135.73,5,0.0
361,842,259.28,8,0.0
361,789,155.25,4,0.1
361,384,261.81,2,0.05
361,527,486.1,9,0.2
361,823,13.59,2,0.05
362,886,217.86,2,0.05
362,702,273.5,7,0.0
363,25,361.27,1,0.0
363,471,45.89,3,0.1
364,73,136.74,7,0.15
364,589,318.81,7,0.1
364,842,18.28,2,0.2
364,234,12.89,10,0.0
364,933,380.42,10,0.0
365,367,464.74,2,0.1
366,622,384.98,8,0.15
366,89,203.61,1,0.15
366,289,86.6,4,0.05
367,816,154.54,3,0.1
367,817,341.87,6,0.0
367,870,281.23,9,0.05
367,559,70.39,1,0.2
368,404,159.3,6,0.05
368,551,212.2,9,0.05
368,561,88.87,4,0.2
368,970,419.03,4,0.0
368,88,98.87,10,0.0
369,473,339.13,5,0.0
369,661,106.73,10,0.15
369,563,476.25,6,0.05
369,75,338.93,4,0.0
369,298,149.72,2,0.05
370,498,312.01,5,0.2
370,462,84.67,10,0.1
370,337,405.77,7,0.05
371,321,130.63,4,0.15
372,861,342.99,6,0.15
372,369,236.8,6,0.1
372,138,248.62,2,0.05
373,84,78.6,9,0.05
373,862,138.98,2,0.0
373,288,447.13,9,0.0
373,880,408.19,10,0.15
373,847,386.91,4,0.0
374,267,330.41,3,0.1
374,557,202.32,10,0.1
374,916,75.6,9,0.2
374,553,54.37,6,0.2
374,484,15.19,4,0.2
375,776,78.78,3,0.05
375,527,287.52,10,0.05
376,962,383.12,4,0.0
376,368,139.53,4,0.0
376,42,337.61,9,0.1
376,225,200.17,8,0.0
377,665,168.79,9,0.1
378,593,95.19,7,0.1
378,558,297.96,2,0.2
378,584,133.28,4,0.2
379,362,248.56,8,0.2
379,837,13.23,3,0.15
379,889,91.15,2,0.2
379,354,325.3,4,0.05
380,162,304.99,2,0.05
380,371,213.16,6,0.0
381,692,89.01,7,0.0
381,491,129.4,3,0.2
381,216,300.25,3,0.2
381,605,29.2,10,0.05
382,171,136.55,3,0.2
383,614,19.12,5,0.0
383,993,116.13,10,0.15
383,578,434.98,3,0.05
383,653,416.88,10,0.05
384,841,260.29,3,0.1
384,786,461.95,10,0.2
384,187,43.73,7,0.15
384,639,74.78,1,0.05
384,676,266.13,9,0.15
385,621,96.94,10,0.2
385,99,29.13,9,0.2
386,96,246.3,3,0.2
387,848,342.49,7,0.2
387,2,216.14,1,0.2
387,919,220.19,8,0.15
387,961,181.75,10,0.0
387,794,218.49,5,0.15
388,932,51.07,10,0.2
388,880,210.24,4,0.0
389,592,266.04,9,0.0
390,671,164.79,6,0.0
390,211,85.84,10,0.1
390,705,138.04,9,0.15
390,824,286.69,10,0.1
391,774,394.06,8,0.05
391,209,191.4,9,0.15
391,424,134.35,5,0.2
391,566,178.73,7,0.05
392,766,122.59,3,0.0
393,521,395.18,9,0.2
393,411,351.56,1,0.05
394,988,54.63,3,0.15
394,652,463.67,7,0.0
394,6,41.4,4,0.1
394,824,49.22,1,0.15
395,629,358.69,10,0.0
395,672,473.4,3,0.15
395,534,225.1,4,0.2
395,294,150.14,1,0.2
396,529,340.27,6,0.05
396,716,330.96,3,0.0
396,238,498.44,7,0.1
396,630,338.13,7,0.2
396,174,108.15,1,0.0
397,563,149.4,9,0.2
398,356,145.49,10,0.05
398,987,232.83,7,0.2
398,836,12.28,3,0.15
399,110,176.58,2,0.2
399,573,478.79,9,0.2
399,75,132.57,8,0.15
399,516,285.95,4,0.1
399,302,481.01,8,0.15
400,883,43.1,4,0.05
400,29,402.08,7,0.1
400,494,263.09,1,0.1
400,120,131.65,2,0.15
400,265,340.11,6,0.0
401,954,117.1,10,0.1
401,183,99.56,4,0.15
401,488,371.19,4,0.05
401,322,437.64,4,0.05
401,363,109.36,4,0.2
402,160,68.74,2,0.15
402,798,310.78,9,0.0
402,110,425.53,6,0.2
403,505,449.53,5,0.15
403,920,99.61,9,0.1
403,903,204.96,10,0.05
404,539,401.64,8,0.2
405,515,180.17,3,0.15
406,716,263.92,6,0.0
407,691,113.27,10,0.0
408,371,137.25,9,0.1
408,628,126.2,8,0.2
408,883,178.12,3,0.15
409,216,192.43,7,0.1
409,430,230.86,10,0.05
409,718,489.84,4,0.0
409,771,363.2,4,0.2
410,877,402.02,3,0.15
410,391,404.78,3,0.15
410,201,254.8,9,0.2
410,150,363.07,8,0.1
411,576,33.38,2,0.05
411,880,39.42,5,0.15
411,582,421.1,2,0.15
412,267,284.57,5,0.1
412,370,19.72,2,0.1
412,369,435.01,10,0.05
413,590,489.89,5,0.1
413,666,169.29,9,0.15
413,665,389.62,8,0.0
413,552,196.72,5,0.15
413,179,319.54,3,0.05
414,432,290.1,2,0.0
414,647,89.38,4,0.1
414,628,165.27,5,0.1
415,661,392.68,6,0.2
415,405,265.26,8,0.15
415,278,91.99,1,0.05
415,909,366.61,5,0.0
415,456,113.18,7,0.0
416,66,469.03,8,0.2
417,27,387.76,9,0.0
418,269,312.87,2,0.15
419,235,149.25,3,0.05
419,254,268.1,3,0.0
419,756,27.23,6,0.1
420,479,468.08,9,0.15
420,999,76.21,9,0.05
420,892,299.51,8,0.2
420,554,223.14,9,0.1
421,494,404.31,8,0.1
421,553,189.23,5,0.05
421,233,158.75,1,0.2
422,353,239.91,1,0.15
422,294,474.01,8,0.1
423,785,220.91,5,0.2
424,816,278.62,4,0.15
424,8,442.26,7,0.15
425,168,371.19,7,0.15
425,733,118.09,2,0.15
426,530,401.98,10,0.1
426,783,149.49,9,0.1
427,193,76.95,2,0.15
427,874,312.69,5,0.2
427,71,251.08,6,0.0
427,187,84.55,9,0.0
428,996,148.24,3,0.15
428,105,366.28,4,0.0
429,16,116.42,7,0.1
429,506,395.01,8,0.1
430,714,49.31,3,0.0
430,811,140.59,7,0.0
430,33,276.16,3,0.05
430,339,448.89,5,0.15
431,125,487.55,4,0.15
432,254,235.81,2,0.2
432,756,336.34,4,0.15
432,35,200.67,5,0.1
432,204,87.72,1,0.2
433,126,107.37,1,0.05
433,260,486.9,4,0.15
433,493,169.01,3,0.1
433,654,296.5,7,0.05
433,306,14.38,1,0.2
434,705,387.69,4,0.05
434,611,254.96,10,0.1
434,159,466.12,1,0.0
434,381,184.2,3,0.2
435,129,249.04,6,0.2
436,825,369.26,1,0.15
436,914,185.5,3,0.1
436,450,450.34,8,0.15
437,302,287.68,9,0.1
437,556,168.6,8,0.1
437,714,435.15,10,0.2
437,502,88.57,9,0.05
437,195,230.2,5,0.2
438,465,322.63,7,0.05
438,1,442.64,10,0.1
438,795,390.25,4,0.1
439,675,483.91,7,0.05
440,700,310.39,6,0.15
440,510,324.04,2,0.0
440,785,266.37,2,0.0
440,565,419.24,3,0.05
440,158,438.01,4,0.0
441,197,324.46,7,0.15
441,102,267.65,10,0.1
441,33,34.05,4,0.2
441,585,361.74,1,0.05
442,951,239.35,1,0.1
442,912,283.43,7,0.1
442,853,399.18,1,0.2
442,82,140.25,1,0.0
443,80,480.69,2,0.0
443,968,365.33,9,0.15
443,222,102.84,9,0.05
444,641,283.49,2,0.2
444,971,185.4,8,0.15
444,184,442.58,3,0.05
444,572,279.48,9,0.1
444,768,332.19,9,0.2
445,956,279.54,6,0.1
445,361,212.05,7,0.1
445,925,308.12,10,0.2
445,323,114.82,9,0.1
446,985,480.31,1,0.0
446,464,491.65,10,0.0
446,459,263.63,5,0.0
447,228,164.3,5,0.2
447,220,260.52,10,0.2
447,877,85.81,1,0.15
448,160,189.87,10,0.05
448,142,124.17,5,0.0
448,272,289.54,10,0.05
449,741,169.1,8,0.05
450,846,292.35,2,0.2
450,921,324.7,1,0.2
450,707,196.96,1,0.1
450,720,180.49,7,0.15
451,891,387.49,10,0.0
452,56,166.47,10,0.05
452,313,170.15,4,0.05
452,537,34.75,7,0.15
452,43,378.89,10,0.2
453,228,221.65,7,0.05
454,345,243.17,1,0.2
454,85,205.6,2,0.15
455,445,76.09,9,0.05
455,793,249.05,10,0.05
455,715,284.97,9,0.05
455,134,128.73,5,0.15
455,781,168.47,10,0.0
456,688,212.66,6,0.1
457,329,301.0,1,0.1
457,353,92.94,6,0.2
458,639,462.86,4,0.05
458,150,345.83,3,0.0
458,452,65.06,1,0.05
458,46,474.98,3,0.1
459,352,349.96,2,0.1
460,483,372.61,4,0.05
460,24,277.75,5,0.2
460,340,246.68,3,0.0
460,215,194.54,9,0.0
461,175,108.34,10,0.1
461,62,36.01,1,0.0
461,291,200.44,5,0.1
462,20,153.32,7,0.05
463,521,164.57,10,0.2
463,727,53.13,4,0.2
463,102,483.73,9,0.0
463,926,29.48,9,0.1
464,502,86.93,6,0.1
464,403,184.14,5,0.05
464,763,498.04,9,0.1
465,641,136.26,7,0.0
466,972,449.62,3,0.0
466,287,367.65,9,0.2
466,231,437.62,4,0.15
466,156,127.78,3,0.15
466,350,485.56,10,0.1
467,556,77.9,9,0.05
467,135,432.67,5,0.2
467,212,455.69,7,0.05
467,669,331.55,10,0.05
468,70,474.81,2,0.05
468,571,165.62,3,0.0
468,546,385.06,7,0.15
469,454,412.63,5,0.05
469,764,391.76,2,0.05
469,957,100.53,10,0.2
470,621,123.15,4,0.05
470,581,346.82,6,0.0
470,628,347.19,8,0.05
471,867,193.24,7,0.15
471,620,242.18,3,0.05
471,481,120.87,7,0.0
471,730,463.46,7,0.05
471,666,373.76,4,0.05
472,182,464.28,8,0.2
473,705,444.92,7,0.15
473,333,390.35,10,0.15
473,888,362.9,7,0.2
473,469,470.18,10,0.2
474,538,28.87,2,0.15
474,657,233.88,1,0.05
474,897,264.16,7,0.0
474,722,283.27,9,0.0
474,806,103.03,8,0.15
475,793,236.06,7,0.1
475,848,310.44,1,0.2
475,293,452.8,8,0.15
476,740,255.32,3,0.2
477,139,22.21,8,0.2
477,403,449.34,4,0.15
477,424,54.19,6,0.05
477,332,362.0,2,0.0
477,462,65.94,8,0.1
478,537,356.57,9,0.2
479,388,196.5,3,0.1
479,564,287.09,3,0.05
480,184,358.9,7,0.1
480,788,161.66,8,0.1
481,121,74.47,4,0.0
481,921,315.05,5,0.0
482,510,405.65,10,0.15
482,876,126.56,10,0.15
482,511,232.33,8,0.0
482,557,304.6,1,0.05
483,285,414.37,1,0.05
483,635,82.65,6,0.0
483,644,81.23,1,0.2
483,571,420.63,5,0.1
483,840,460.99,1,0.0
484,183,309.43,10,0.2
484,166,395.78,3,0.15
484,689,377.17,6,0.0
484,292,55.63,5,0.1
485,920,43.16,7,0.2
485,389,41.81,8,0.05
485,840,69.79,5,0.1
486,424,38.51,10,0.2
486,538,493.72,8,0.2
486,215,467.61,5,0.15
486,713,308.33,6,0.1
486,627,267.44,10,0.1
487,630,253.23,8,0.15
487,577,405.91,10,0.05
488,199,21.75,2,0.05
488,2,401.79,7,0.15
488,122,32.29,6,0.2
489,12,108.58,5,0.1
489,656,397.2,5,0.1
490,564,346.06,6,0.15
490,332,364.95,10,0.0
490,786,417.7,4,0.1
490,7,418.57,8,0.15
490,117,400.65,3,0.15
491,643,447.11,9,0.1
491,472,236.61,7,0.0
492,307,282.04,1,0.05
492,579,292.92,6,0.1
492,743,42.44,3,0.1
492,695,421.96,6,0.15
492,324,316.99,3,0.2
493,399,393.35,5,0.1
493,192,357.82,5,0.15
493,610,52.53,4,0.1
493,120,231.43,5,0.05
493,886,267.3,3,0.0
494,804,109.03,2,0.15
494,39,257.94,8,0.2
494,797,85.5,6,0.15
495,318,437.18,9,0.05
495,795,110.54,1,0.15
495,336,199.92,9,0.0
495,147,12.01,1,0.2
495,788,437.22,6,0.15
496,106,265.08,5,0.0
497,777,167.23,4,0.1
497,320,145.56,6,0.15
497,655,338.85,5,0.05
497,914,87.17,2,0.0
497,215,479.57,9,0.2
498,212,275.84,9,0.1
499,145,403.96,10,0.05
499,966,93.92,5,0.2
499,722,447.2,9,0.15
500,134,24.21,1,0.0
501,56,97.7,10,0.2
501,89,318.44,8,0.2
501,437,184.26,6,0.05
501,402,359.32,9,0.0
502,582,403.15,8,0.0
502,135,233.24,8,0.15
502,96,123.53,4,0.05
502,833,431.94,10,0.1
503,402,459.46,6,0.1
503,188,232.11,1,0.0
503,717,242.91,6,0.15
504,867,180.82,10,0.05
504,175,258.9,7,0.0
504,290,169.68,2,0.1
504,787,271.05,7,0.2
505,245,87.92,8,0.15
505,636,42.37,4,0.2
505,250,221.26,7,0.2
505,562,395.79,9,0.05
506,679,48.17,10,0.15
506,686,66.02,10,0.15
507,569,228.16,5,0.15
507,100,44.11,2,0.2
507,842,387.96,7,0.1
508,661,116.63,3,0.2
508,677,452.6,1,0.05
508,63,333.83,8,0.2
508,93,152.84,10,0.2
509,201,165.13,10,0.1
509,211,460.07,7,0.1
509,698,495.24,10,0.0
509,899,309.63,9,0.15
510,873,40.58,9,0.0
510,302,10.41,9,0.1
511,882,148.28,1,0.05
512,720,165.88,7,0.15
512,605,196.97,9,0.05
512,404,334.62,8,0.05
512,641,102.23,7,0.1
513,158,71.52,1,0.0
513,296,327.71,3,0.15
513,894,332.38,3,0.0
513,687,77.24,7,0.15
514,953,259.61,9,0.15
514,436,198.51,4,0.05
514,639,218.14,1,0.2
514,185,254.1,4,0.2
514,466,141.93,9,0.2
515,35,246.8,6,0.0
515,39,294.33,2,0.05
515,582,367.79,9,0.1
516,530,308.93,4,0.15
516,81,319.02,2,0.2
516,536,401.07,5,0.2
516,912,35.86,6,0.2
517,481,232.48,8,0.2
518,432,489.1,5,0.1
518,362,92.08,10,0.1
518,984,366.22,10,0.1
519,645,241.85,3,0.2
520,673,495.28,10,0.0
521,497,257.74,5,0.1
521,85,74.94,5,0.1
521,130,430.35,1,0.0
522,179,332.99,6,0.05
522,932,138.01,4,0.15
522,606,98.6,9,0.0
522,757,178.0,2,0.05
522,155,301.82,3,0.15
523,789,225.69,3,0.05
523,393,293.1,6,0.0
523,244,324.71,2,0.0
523,677,92.12,7,0.15
524,488,378.69,9,0.05
524,765,196.1,7,0.15
524,972,138.69,9,0.15
525,296,464.34,8,0.15
526,985,478.38,2,0.2
526,543,322.34,7,0.2
526,700,459.84,5,0.1
527,274,135.12,10,0.15
527,822,235.94,4,0.2
527,101,387.54,9,0.1
528,321,15.18,1,0.0
528,561,15.86,2,0.2
529,702,228.51,4,0.1
530,198,313.5,1,0.2
530,35,331.74,4,0.2
530,25,322.66,2,0.0
531,134,327.47,3,0.0
531,385,350.87,5,0.1
531,673,238.81,2,0.15
531,783,462.12,5,0.15
531,922,349.19,6,0.1
532,800,145.87,1,0.15
532,76,200.41,1,0.1
533,183,250.94,4,0.2
533,452,202.39,8,0.0
533,72,80.5,7,0.05
534,659,136.91,1,0.0
534,109,44.5,5,0.15
534,935,19.19,8,0.05
534,453,329.9,1,0.0
534,733,335.66,5,0.05
535,927,11.81,8,0.15
535,401,223.67,2,0.2
535,589,120.66,7,0.15
536,581,272.3,6,0.1
537,411,498.54,2,0.1
537,57,271.97,6,0.0
537,648,422.18,5,0.05
538,568,484.08,4,0.1
538,41,350.98,2,0.1
539,87,370.31,3,0.0
539,907,104.62,10,0.05
539,648,249.72,2,0.2
539,449,325.27,8,0.2
540,990,37.47,1,0.15
540,17,67.91,9,0.15
540,38,470.64,9,0.05
540,348,373.12,4,0.0
541,754,79.38,1,0.15
542,47,17.04,1,0.1
542,249,412.16,2,0.15
542,719,309.5,10,0.0
542,665,410.72,2,0.0
542,134,253.6,10,0.05
543,824,109.29,6,0.15
544,124,292.22,3,0.1
544,1000,419.85,4,0.0
544,701,300.61,6,0.0
545,281,79.21,7,0.05
546,567,129.39,10,0.0
546,169,75.35,10,0.15
546,450,391.05,1,0.15
547,7,13.54,2,0.2
548,427,398.2,8,0.05
548,711,111.02,5,0.2
548,827,230.71,4,0.05
549,709,254.94,2,0.1
549,39,180.45,1,0.2
549,611,125.46,2,0.2
549,185,488.63,10,0.1
549,735,432.74,9,0.2
550,476,316.97,4,0.1
550,789,36.0,2,0.05
551,510,462.11,1,0.1
551,181,149.68,7,0.1
551,164,173.8,8,0.0
551,687,61.17,1,0.2
552,162,24.24,9,0.0
552,805,44.72,4,0.15
553,594,341.66,6,0.05
553,334,391.7,6,0.05
553,430,58.05,7,0.05
553,204,194.01,4,0.0
553,766,240.79,8,0.0
554,149,232.95,7,0.1
554,222,76.84,4,0.1
554,951,488.02,4,0.1
554,625,72.33,10,0.0
555,140,238.11,7,0.05
555,114,382.57,4,0.1
555,873,305.78,10,0.05
556,994,211.73,9,0.15
556,567,432.48,4,0.2
556,876,242.01,8,0.1
556,236,17.11,7,0.05
556,89,131.44,7,0.2
557,914,299.97,3,0.2
557,950,450.14,7,0.0
558,482,369.4,9,0.0
559,544,401.03,2,0.15
559,404,252.69,2,0.2
559,491,379.01,7,0.05
559,830,75.03,5,0.05
560,17,245.09,5,0.05
561,879,21.96,8,0.15
561,585,388.2,7,0.05
561,766,397.03,6,0.15
561,598,354.91,1,0.0
562,915,26.03,7,0.1
562,708,352.05,10,0.2
562,341,291.86,4,0.0
562,544,314.02,6,0.0
563,969,35.27,7,0.1
563,932,238.02,1,0.1
563,691,189.55,9,0.0
563,373,284.77,4,0.05
563,910,490.81,4,0.2
564,665,244.46,10,0.05
565,329,449.99,9,0.15
565,362,145.8,2,0.1
566,464,268.07,2,0.15
566,498,357.81,9,0.1
566,514,231.47,6,0.0
567,914,234.36,2,0.15
567,906,449.99,5,0.0
568,169,145.21,3,0.15
569,896,265.14,1,0.1
569,210,214.1,9,0.05
570,356,325.9,5,0.05
570,431,40.85,4,0.2
570,455,325.89,7,0.2
570,756,177.97,6,0.15
571,682,228.18,5,0.2
571,714,74.66,5,0.05
571,543,396.74,4,0.15
571,863,192.23,5,0.0
571,562,82.69,5,0.15
572,634,88.79,9,0.1
572,947,99.32,3,0.05
573,244,30.16,6,0.2
573,120,71.97,5,0.1
574,211,356.5,6,0.1
574,576,82.49,8,0.2
575,547,69.53,1,0.15
575,309,466.22,3,0.15
576,160,371.86,9,0.1
576,5,327.15,5,0.15
576,994,449.03,10,0.05
577,747,347.68,8,0.0
577,929,78.32,9,0.0
577,945,160.96,7,0.2
577,453,422.03,8,0.1
577,347,55.32,1,0.2
578,598,118.85,5,0.05
578,540,21.05,9,0.15
579,1000,260.78,4,0.15
580,618,472.27,6,0.15
580,620,82.49,7,0.1
580,524,199.2,1,0.1
581,360,438.41,2,0.05
581,316,366.65,8,0.15
581,457,403.81,5,0.05
582,747,419.4,10,0.0
582,918,80.38,5,0.15
582,425,494.31,9,0.1
582,143,42.4,10,0.15
583,7,210.64,5,0.15
584,570,358.02,3,0.05
584,474,101.14,7,0.1
585,503,418.95,5,0.15
585,44,284.05,8,0.05
585,843,23.15,1,0.05
585,847,138.71,8,0.0
585,310,330.37,5,0.15
586,504,347.04,4,0.0
586,929,68.48,5,0.15
587,614,375.33,10,0.15
588,447,243.26,2,0.1
588,890,261.14,10,0.0
588,265,424.19,3,0.2
588,644,38.67,6,0.15
588,703,440.38,3,0.1
589,55,186.97,6,0.0
589,280,152.03,9,0.0
590,199,56.31,3,0.2
590,785,168.08,6,0.1
590,644,143.01,6,0.0
590,188,271.87,6,0.05
590,784,16.32,9,0.1
591,798,176.75,3,0.0
591,497,116.76,9,0.05
591,422,417.47,9,0.2
592,867,380.59,2,0.15
592,545,235.64,2,0.0
592,730,411.23,1,0.15
592,565,180.62,6,0.05
592,720,410.35,10,0.2
593,177,24.09,2,0.05
593,727,73.07,3,0.05
593,312,160.64,4,0.05
594,436,348.5,2,0.0
595,794,247.28,7,0.0
596,111,398.6,9,0.2
596,34,39.04,2,0.1
597,68,157.81,1,0.0
598,943,304.88,10,0.05
599,687,24.34,3,0.1
599,360,474.91,6,0.1
600,876,392.59,10,0.05
600,513,257.41,2,0.0
601,782,103.86,5,0.05
601,15,451.81,9,0.0
601,542,487.05,2,0.05
601,223,461.03,8,0.1
601,733,352.09,3,0.15
602,186,419.02,7,0.15
603,527,209.71,6,0.0
603,234,238.29,9,0.05
604,781,282.99,1,0.0
604,370,170.78,2,0.15
604,722,148.97,10,0.1
604,296,346.65,8,0.05
605,418,429.82,8,0.1
605,298,97.86,8,0.0
605,876,204.22,9,0.0
605,439,68.42,7,0.15
605,194,350.57,2,0.05
606,373,487.85,6,0.05
607,865,218.11,8,0.1
607,414,384.76,10,0.2
607,126,143.76,7,0.1
607,239,243.15,10,0.15
607,859,493.89,9,0.1
608,787,62.94,5,0.15
608,466,253.66,3,0.0
609,756,35.9,2,0.15
610,996,97.76,10,0.1
611,311,315.38,2,0.2
611,637,386.11,8,0.05
612,678,257.35,9,0.1
612,510,406.65,9,0.2
612,503,18.66,1,0.15
613,393,230.56,7,0.15
614,37,333.11,5,0.05
614,34,250.83,3,0.1
614,182,360.7,8,0.0
614,571,288.74,8,0.2
615,586,86.59,1,0.15
615,482,139.06,10,0.15
615,488,312.3,6,0.1
615,576,167.04,1,0.2
615,875,32.11,6,0.1
616,28,196.48,7,0.1
616,784,496.05,7,0.1
616,913,37.66,4,0.05
616,641,124.96,5,0.2
616,350,51.62,2,0.1
617,346,93.19,9,0.1
618,472,332.31,7,0.2
619,924,240.15,1,0.1
619,432,195.09,7,0.1
619,274,290.54,8,0.0
619,21,348.52,4,0.1
619,713,253.4,6,0.05
620,307,253.51,2,0.2
620,373,114.9,5,0.0
620,993,155.69,10,0.15
620,447,404.26,10,0.0
620,207,361.68,10,0.0
621,345,270.22,7,0.05
621,280,180.19,2,0.1
621,69,257.27,5,0.15
621,581,335.09,6,0.05
621,821,213.01,5,0.2
622,465,441.64,9,0.05
622,688,292.65,4,0.15
622,782,141.29,9,0.2
622,561,427.86,7,0.2
622,185,366.04,1,0.2
623,374,82.39,3,0.1
623,474,423.62,7,0.1
624,650,109.74,7,0.1
625,662,346.56,4,0.15
625,165,126.86,3,0.05
625,263,23.58,5,0.15
626,574,453.77,4,0.05
626,447,143.63,1,0.1
626,433,396.94,5,0.2
626,663,96.23,1,0.15
627,57,431.2,2,0.1
628,306,209.43,6,0.0
628,888,204.48,3,0.05
628,66,64.85,9,0.0
628,923,265.76,10,0.2
628,979,133.39,2,0.05
629,126,417.84,7,0.05
629,792,468.4,4,0.05
629,827,62.34,4,0.1
629,321,225.34,5,0.2
629,338,37.4,9,0.1
630,325,277.42,8,0.05
631,901,81.01,8,0.1
631,804,412.47,1,0.2
631,960,27.06,1,0.05
632,566,323.09,6,0.0
632,394,272.11,4,0.15
632,317,200.35,7,0.1
633,93,380.77,5,0.05
633,959,431.11,3,0.15
633,843,319.36,7,0.0
634,888,391.93,8,0.15
634,83,371.1,6,0.15
634,843,439.61,2,0.05
635,519,216.23,9,0.1
635,68,232.1,1,0.0
635,361,324.27,3,0.15
636,4,108.04,5,0.1
636,411,292.15,2,0.05
637,529,485.14,3,0.2
637,731,346.02,6,0.15
638,895,95.0,10,0.1
638,753,401.77,4,0.0
638,137,213.1,3,0.15
638,267,439.43,10,0.05
639,971,21.26,9,0.2
640,929,487.32,4,0.1
640,92,353.62,3,0.0
641,633,83.13,6,0.05
641,440,474.15,2,0.0
641,615,362.11,7,0.15
641,267,415.36,8,0.0
642,731,103.37,5,0.1
642,209,375.76,7,0.05
643,877,497.65,5,0.05
643,212,214.98,7,0.05
643,615,24.1,5,0.05
643,221,312.66,4,0.1
644,701,239.75,6,0.15
644,663,346.56,7,0.15
644,470,370.69,5,0.0
644,88,56.69,1,0.0
644,11,173.1,4,0.15
645,621,483.93,10,0.0
645,962,12.63,9,0.2
645,687,196.66,7,0.1
646,992,284.18,10,0.05
646,914,137.54,9,0.15
647,899,53.93,9,0.15
647,480,79.48,2,0.1
647,136,31.64,3,0.15
648,766,220.74,5,0.2
648,370,416.5,5,0.2
648,949,163.38,3,0.1
649,783,427.99,8,0.0
649,973,102.57,1,0.05
649,155,99.74,8,0.1
649,570,90.14,8,0.15
650,917,464.33,1,0.15
651,727,234.3,2,0.05
651,575,70.59,2,0.05
651,497,435.4,3,0.05
652,843,296.98,10,0.0
652,280,267.75,10,0.05
652,577,214.05,2,0.05
652,913,386.44,2,0.1
652,680,22.72,2,0.15
653,605,61.97,6,0.05
653,952,24.15,8,0.15
653,975,232.49,5,0.2
654,338,485.19,10,0.15
655,971,454.37,10,0.05
655,750,113.57,1,0.1
655,752,168.35,1,0.0
656,975,135.03,4,0.15
656,617,53.7,4,0.05
656,391,200.37,7,0.1
656,95,327.11,3,0.0
656,409,156.29,7,0.1
657,135,190.05,4,0.15
657,368,228.27,7,0.15
657,682,141.55,10,0.15
657,99,54.21,7,0.1
657,853,310.8,7,0.15
658,42,261.54,8,0.05
659,954,268.37,9,0.0
659,508,152.44,7,0.0
660,308,452.42,4,0.2
660,153,219.59,10,0.0
660,131,279.99,1,0.2
660,701,62.74,7,0.15
661,476,333.82,10,0.1
662,261,386.64,1,0.0
662,600,372.85,8,0.05
662,84,395.23,7,0.0
663,427,439.61,5,0.1
664,742,315.67,5,0.1
664,466,483.69,3,0.05
664,776,100.69,10,0.1
664,687,437.09,2,0.15
664,461,271.84,1,0.15
665,14,94.15,8,0.15
666,890,304.92,8,0.1
666,674,313.06,10,0.1
666,989,348.42,7,0.1
666,763,52.94,3,0.0
667,115,17.78,4,0.0
667,836,112.52,3,0.05
668,863,273.91,2,0.1
668,642,387.16,3,0.15
668,879,216.72,2,0.05
668,809,452.18,8,0.15
669,21,128.89,5,0.2
669,881,416.43,7,0.0
669,461,173.59,2,0.15
669,600,489.95,8,0.2
670,749,205.84,9,0.2
670,568,365.06,8,0.05
670,298,360.0,9,0.0
670,38,216.78,6,0.2
670,500,41.12,7,0.15
671,507,315.12,6,0.15
672,22,104.18,6,0.15
672,166,123.73,4,0.2
672,295,455.44,6,0.2
672,744,428.19,8,0.05
673,741,480.3,6,0.15
673,729,401.88,3,0.2
673,400,111.53,2,0.15
674,178,86.59,8,0.0
674,205,398.81,8,0.1
675,215,33.05,1,0.1
675,571,441.64,6,0.05
676,848,448.28,1,0.0
676,881,175.49,2,0.2
677,124,119.81,5,0.1
677,576,394.59,1,0.2
678,918,348.17,9,0.2
678,155,338.05,1,0.15
678,874,401.5,2,0.0
679,625,413.57,1,0.2
679,801,61.65,2,0.05
679,879,456.38,3,0.1
679,971,357.0,9,0.15
679,105,368.95,2,0.05
680,343,70.26,4,0.15
680,839,485.12,1,0.05
680,142,419.06,8,0.1
681,518,140.35,7,0.1
681,176,318.43,4,0.05
681,88,379.07,9,0.15
682,142,220.12,7,0.15
682,822,476.4,9,0.1
683,454,81.34,1,0.2
684,87,175.77,7,0.05
685,63,333.49,3,0.2
685,403,38.33,9,0.1
685,778,215.46,9,0.1
685,38,363.56,6,0.1
686,847,147.09,9,0.2
687,718,228.63,4,0.2
687,414,315.94,10,0.15
688,909,327.89,4,0.1
688,832,51.3,9,0.1
688,801,201.1,3,0.2
689,291,163.0,6,0.05
689,219,21.48,9,0.2
689,96,136.76,5,0.15
689,524,493.61,2,0.0
689,566,422.38,5,0.2
690,127,328.97,2,0.15
690,49,156.0,1,0.15
690,775,176.1,4,0.2
691,732,271.31,10,0.05
691,916,181.67,5,0.2
691,961,339.49,7,0.2
691,643,371.38,2,0.1
691,682,263.06,4,0.1
692,101,415.93,2,0.0
692,151,40.47,3,0.15
692,729,115.24,2,0.1
692,436,341.64,7,0.2
693,532,296.31,7,0.15
693,798,347.62,8,0.15
693,405,413.67,3,0.2
693,893,72.29,8,0.05
693,271,484.34,9,0.2
694,712,114.19,8,0.0
695,967,190.97,2,0.2
695,573,427.64,2,0.0
696,586,266.16,2,0.1
696,297,159.41,6,0.1
696,42,154.05,1,0.05
697,803,216.66,5,0.1
697,604,115.63,8,0.0
698,561,180.84,1,0.15
699,587,451.14,7,0.15
699,318,418.89,10,0.05
699,580,383.36,9,0.15
699,464,383.22,8,0.05
700,92,335.61,7,0.15
700,820,124.08,7,0.1
700,640,275.09,8,0.1
701,887,91.15,1,0.2
702,575,325.52,2,0.05
702,661,478.03,9,0.2
702,127,381.23,10,0.2
703,769,256.29,1,0.0
703,488,332.54,9,0.05
704,282,395.51,4,0.2
705,87,167.01,10,0.0
705,827,250.82,1,0.1
705,547,224.14,7,0.0
705,622,431.23,6,0.15
706,94,275.47,5,0.05
706,118,99.51,2,0.05
706,102,160.33,7,0.05
707,630,480.95,3,0.0
708,306,201.07,6,0.05
709,915,471.37,2,0.0
709,332,109.25,10,0.2
709,265,125.88,9,0.2
709,385,198.67,2,0.1
710,326,237.76,7,0.0
711,30,457.73,1,0.1
711,418,281.5,10,0.0
711,649,130.69,9,0.05
711,240,159.26,7,0.15
712,867,321.54,4,0.05
713,554,130.13,7,0.2
713,173,231.35,1,0.15
713,801,480.95,10,0.1
714,1,467.42,8,0.1
714,62,302.96,7,0.1
715,600,260.06,1,0.05
715,861,372.2,10,0.0
716,92,70.26,3,0.2
716,405,499.42,7,0.05
716,716,309.12,6,0.1
717,771,143.78,6,0.1
717,725,113.21,10,0.1
717,464,17.78,3,0.0
718,488,95.03,9,0.15
718,5,383.61,9,0.0
718,924,395.78,2,0.2
718,10,25.16,8,0.0
718,689,182.97,7,0.2
719,397,386.3,1,0.0
719,182,236.72,4,0.15
719,860,14.59,1,0.1
720,197,310.59,5,0.05
720,93,124.79,8,0.1
720,836,28.03,8,0.2
721,8,492.29,7,0.0
721,201,436.26,10,0.2
722,175,372.02,10,0.2
722,566,96.01,10,0.05
722,199,375.53,3,0.1
722,676,467.45,4,0.2
723,197,21.33,9,0.2
723,869,133.93,9,0.15
723,695,10.96,7,0.0
724,443,144.28,9,0.15
724,865,252.83,9,0.0
724,417,443.06,4,0.0
725,941,229.94,1,0.15
725,431,105.36,2,0.2
725,546,405.76,4,0.15
726,940,132.49,3,0.1
727,65,57.4,8,0.15
727,642,405.95,10,0.1
727,641,421.85,4,0.0
728,245,36.67,6,0.2
728,982,399.11,2,0.2
728,349,313.59,2,0.15
728,853,293.68,2,0.0
729,387,163.51,2,0.05
730,942,403.17,1,0.1
731,642,37.34,1,0.1
731,443,426.47,7,0.0
731,68,312.48,7,0.05
731,105,433.65,10,0.0
731,694,232.17,8,0.15
732,635,341.13,1,0.15
732,104,263.43,10,0.05
732,348,62.92,1,0.2
732,667,359.52,10,0.05
732,961,453.14,3,0.2
733,364,365.07,8,0.05
733,432,129.14,1,0.0
733,493,72.56,10,0.15
734,983,296.0,9,0.05
734,668,82.23,5,0.2
734,773,178.02,6,0.0
734,367,263.66,3,0.0
734,319,126.32,9,0.0
735,353,323.87,4,0.0
735,201,177.36,8,0.15
735,1000,303.88,6,0.2
735,206,287.39,6,0.2
736,429,61.38,1,0.15
736,337,117.51,1,0.05
736,167,349.68,8,0.2
737,245,369.95,6,0.15
737,493,110.61,3,0.0
738,11,24.71,2,0.05
738,76,152.38,4,0.2
738,367,457.23,6,0.0
739,204,106.93,3,0.05
740,737,425.29,4,0.05
740,179,106.03,3,0.1
740,348,456.22,1,0.05
741,671,175.81,4,0.1
741,807,233.54,6,0.1
741,907,333.85,9,0.2
741,114,442.02,2,0.0
742,904,74.09,4,0.05
742,947,270.95,6,0.1
743,440,383.91,10,0.05
743,652,428.67,5,0.05
743,251,170.56,1,0.1
743,944,437.7,9,0.2
743,48,444.06,4,0.0
744,810,92.04,7,0.2
744,680,193.39,9,0.15
744,630,97.71,6,0.2
744,67,350.31,8,0.15
745,596,461.38,10,0.0
745,411,111.53,4,0.15
745,654,432.95,7,0.05
746,436,289.97,6,0.1
746,911,279.77,3,0.0
746,387,154.57,9,0.1
747,598,237.97,10,0.1
747,43,218.79,8,0.15
748,377,143.78,1,0.05
748,824,226.43,5,0.0
748,510,185.96,2,0.1
748,325,422.88,9,0.2
749,805,145.45,4,0.0
750,74,186.52,9,0.05
751,202,132.51,5,0.05
751,692,355.76,3,0.2
751,338,457.07,1,0.1
752,843,498.45,7,0.2
752,355,381.32,1,0.15
752,802,330.5,3,0.15
753,233,377.08,8,0.05
753,741,262.75,9,0.15
754,349,424.44,7,0.15
754,811,112.7,8,0.2
754,88,24.75,3,0.2
754,321,438.14,5,0.0
755,830,176.51,7,0.15
755,675,346.02,7,0.2
755,855,156.82,10,0.0
755,364,288.11,1,0.05
756,976,288.41,10,0.2
756,339,291.2,7,0.15
757,972,41.22,7,0.05
757,401,242.64,6,0.2
758,655,94.0,9,0.05
758,917,25.71,10,0.15
758,312,23.15,4,0.0
758,96,456.56,7,0.1
759,239,333.19,2,0.15
759,299,38.15,9,0.0
760,335,455.81,7,0.05
760,881,494.9,3,0.2
761,490,478.0,4,0.05
761,761,436.52,5,0.15
761,71,410.77,8,0.05
761,399,305.82,5,0.2
762,515,345.57,5,0.05
762,734,13.65,3,0.15
763,845,205.63,4,0.2
764,933,250.57,8,0.2
764,583,29.15,2,0.1
764,901,326.69,8,0.1
765,401,406.89,3,0.15
765,628,132.08,10,0.15
765,844,234.34,3,0.2
766,403,352.34,1,0.05
767,281,317.76,5,0.0
767,904,352.04,4,0.15
768,781,47.5,2,0.2
768,567,385.6,6,0.15
768,125,230.96,5,0.05
768,378,257.97,8,0.0
769,655,350.3,8,0.15
770,764,105.26,1,0.0
770,409,132.8,3,0.1
770,877,338.44,8,0.15
771,70,128.72,8,0.05
771,85,240.69,5,0.05
771,562,93.59,1,0.2
771,673,59.25,5,0.0
772,760,384.16,5,0.05
772,401,225.92,3,0.05
772,173,360.06,9,0.05
772,80,226.61,1,0.2
772,688,324.1,2,0.15
773,455,12.29,7,0.05
773,54,465.12,6,0.05
773,613,107.99,1,0.15
774,15,175.19,4,0.0
775,982,57.34,3,0.05
775,904,31.57,9,0.0
776,331,102.88,4,0.2
776,576,203.58,7,0.0
776,642,123.88,2,0.1
777,178,330.46,1,0.15
777,16,114.26,4,0.0
777,412,332.4,5,0.2
778,45,117.09,5,0.2
778,69,254.79,2,0.2
778,907,397.72,10,0.05
779,983,168.93,7,0.05
779,98,172.7,6,0.15
779,615,43.08,1,0.2
780,460,123.89,10,0.0
780,392,123.98,10,0.0
780,524,161.34,7,0.05
780,656,313.69,1,0.05
780,760,193.52,5,0.05
781,385,324.6,4,0.2
781,210,494.39,8,0.1
782,285,325.37,1,0.2
782,326,397.97,7,0.1
783,235,425.0,6,0.1
784,211,36.5,4,0.05
784,553,307.95,7,0.2
785,188,12.96,8,0.0
785,453,477.29,1,0.05
785,645,469.75,3,0.0
786,607,417.3,4,0.05
786,563,258.64,7,0.15
787,169,130.01,3,0.2
787,739,132.0,5,0.2
787,203,229.65,4,0.1
788,82,205.14,3,0.15
788,974,226.27,9,0.2
788,996,370.11,3,0.15
788,369,19.71,7,0.15
789,778,454.16,5,0.2
790,157,196.42,5,0.15
790,567,148.78,9,0.2
790,745,245.61,6,0.05
790,180,360.28,4,0.05
790,264,458.9,1,0.0
791,748,463.59,7,0.1
791,743,198.18,5,0.2
791,384,44.9,1,0.0
791,504,198.56,10,0.05
791,415,105.17,7,0.1
792,522,321.14,6,0.0
792,727,328.94,7,0.05
792,501,128.75,1,0.1
793,715,336.18,3,0.1
794,467,131.23,10,0.05
794,967,16.05,2,0.15
794,698,204.86,10,0.0
794,151,264.08,4,0.15
794,261,91.25,7,0.1
795,513,332.66,7,0.2
795,991,160.91,7,0.0
795,546,63.54,10,0.1
796,276,112.67,7,0.1
796,767,13.15,3,0.15
797,100,44.22,7,0.2
798,671,93.61,6,0.05
798,296,354.98,4,0.15
798,751,99.17,2,0.15
798,442,287.88,4,0.05
799,61,99.54,4,0.1
799,768,491.64,7,0.15
800,112,153.63,7,0.0
800,890,145.61,6,0.0
800,652,296.97,8,0.15
800,171,339.67,2,0.0
800,82,39.92,1,0.2
801,100,113.42,1,0.15
802,533,248.1,6,0.2
802,986,220.43,6,0.1
802,780,499.73,4,0.1
802,273,335.89,7,0.2
802,955,38.05,6,0.1
803,4,233.89,7,0.05
804,617,70.22,9,0.1
805,378,312.99,8,0.2
805,463,212.43,4,0.0
806,18,437.98,6,0.15
806,649,124.44,8,0.15
806,369,372.21,2,0.1
807,962,493.57,2,0.15
807,954,153.99,4,0.05
807,965,436.23,10,0.2
807,488,25.56,8,0.0
808,853,493.74,8,0.05
808,690,449.24,2,0.15
808,562,334.69,4,0.05
809,175,472.66,2,0.0
809,772,223.1,1,0.05
810,925,147.38,5,0.15
810,393,476.24,2,0.05
810,785,462.14,8,0.0
811,893,292.23,10,0.0
811,230,325.55,7,0.15
811,955,330.42,9,0.15
812,229,66.69,2,0.0
812,266,53.68,10,0.05
813,587,190.19,6,0.15
814,755,272.45,7,0.15
814,2,166.63,6,0.05
814,319,264.68,10,0.2
814,64,118.85,7,0.0
814,605,273.76,8,0.1
815,836,155.44,4,0.15
815,966,343.19,3,0.2
816,150,426.07,1,0.2
816,765,166.87,9,0.0
816,682,143.99,10,0.15
817,507,355.03,7,0.0
817,299,490.76,6,0.05
818,869,467.87,4,0.0
818,751,462.35,3,0.15
819,307,425.77,1,0.2
819,835,202.22,7,0.15
819,676,495.25,7,0.15
819,935,45.19,5,0.1
820,718,278.52,2,0.05
820,877,168.48,10,0.0
821,469,292.81,8,0.15
821,671,152.63,3,0.05
821,168,116.89,4,0.0
822,744,59.95,3,0.15
822,877,475.7,7,0.05
822,590,463.73,2,0.1
823,184,490.34,6,0.2
823,968,222.57,3,0.15
823,54,130.05,2,0.05
823,121,204.36,5,0.2
824,669,193.93,2,0.15
824,764,433.8,7,0.1
825,377,50.49,8,0.2
825,12,120.22,10,0.2
825,123,493.8,8,0.1
825,120,349.93,2,0.2
826,394,499.98,7,0.1
826,496,290.0,2,0.1
827,731,455.35,9,0.05
828,833,282.47,9,0.2
828,718,249.4,9,0.2
828,21,274.1,2,0.05
828,404,483.18,2,0.05
829,712,402.25,2,0.0
829,185,73.12,4,0.05
829,6,53.03,5,0.0
829,569,51.46,2,0.2
829,458,156.3,9,0.05
830,968,157.29,9,0.1
830,674,332.99,8,0.05
830,1,292.77,6,0.2
830,255,456.28,6,0.2
831,523,411.68,4,0.0
831,215,102.16,5,0.05
831,705,479.14,10,0.2
831,102,115.86,6,0.1
831,679,72.96,10,0.15
832,564,134.93,7,0.05
833,468,341.5,3,0.2
833,86,109.84,5,0.05
833,968,360.08,10,0.2
833,261,306.42,7,0.05
834,807,22.7,10,0.05
834,445,47.99,2,0.2
834,389,63.9,9,0.15
835,338,323.69,6,0.1
836,150,120.63,1,0.0
836,890,194.81,4,0.15
836,818,476.37,2,0.05
837,746,405.33,2,0.2
837,897,180.96,10,0.1
837,314,280.26,10,0.0
837,603,449.32,3,0.1
837,842,473.79,7,0.05
838,826,484.32,9,0.2
838,760,301.36,7,0.15
838,695,300.23,5,0.0
839,731,195.61,5,0.0
839,160,460.04,6,0.05
839,674,342.33,7,0.15
839,130,99.72,6,0.15
839,147,256.09,5,0.15
840,965,122.09,2,0.1
840,736,209.19,6,0.0
840,903,320.99,2,0.05
840,946,472.98,3,0.2
840,834,38.13,5,0.2
841,828,474.71,9,0.05
841,896,245.03,9,0.2
841,11,351.96,7,0.0
841,986,311.98,1,0.15
842,768,475.93,9,0.2
842,354,30.75,8,0.05
842,251,340.52,9,0.05
842,757,95.66,6,0.05
842,678,261.71,1,0.15
843,389,65.48,4,0.2
843,175,426.88,2,0.1
843,383,156.6,5,0.1
843,994,114.4,10,0.15
844,946,465.26,9,0.0
844,313,468.35,10,0.15
845,365,12.89,8,0.1
846,363,181.36,3,0.15
846,110,183.72,2,0.15
846,6,251.1,2,0.2
847,921,248.83,3,0.1
847,158,120.79,7,0.1
847,421,156.65,7,0.05
847,127,272.85,5,0.0
847,936,494.79,8,0.05
848,363,222.64,6,0.05
848,766,64.23,5,0.0
849,405,374.52,1,0.05
849,432,336.44,8,0.1
850,432,249.64,8,0.05
851,770,442.07,9,0.15
851,783,74.39,2,0.0
851,800,71.8,6,0.2
852,786,345.37,1,0.1
853,1000,222.82,5,0.1
853,612,248.11,7,0.05
853,756,312.63,9,0.05
853,9,132.24,2,0.1
854,683,220.29,8,0.0
854,841,353.56,9,0.2
855,194,299.69,3,0.05
855,876,69.03,7,0.0
856,197,218.89,10,0.05
856,952,54.56,1,0.15
856,150,209.58,5,0.05
857,345,244.81,9,0.15
857,437,325.5,5,0.0
858,373,182.0,7,0.05
858,288,166.72,1,0.05
858,966,30.04,1,0.1
859,293,147.28,10,0.0
859,484,221.14,5,0.15
860,343,57.47,1,0.2
860,312,387.53,3,0.1
860,115,186.68,6,0.2
861,620,112.92,7,0.0
861,381,444.72,3,0.2
861,244,68.97,10,0.05
861,666,104.53,8,0.0
861,283,46.69,9,0.2
862,309,494.93,4,0.2
862,743,363.18,1,0.05
862,486,103.94,9,0.1
863,999,318.63,2,0.15
863,356,43.18,7,0.2
863,917,466.35,9,0.0
863,375,91.8,5,0.05
863,460,151.93,10,0.0
864,759,204.77,9,0.2
864,835,486.05,3,0.15
865,394,307.54,4,0.05
865,576,11.76,10,0.05
865,799,300.14,1,0.2
865,400,233.17,9,0.1
865,411,158.67,4,0.1
866,566,119.73,9,0.05
866,122,153.0,3,0.1
866,176,464.35,5,0.0
867,844,271.95,1,0.1
867,216,320.01,6,0.1
868,970,355.68,9,0.1
869,419,309.63,6,0.0
869,920,316.72,1,0.1
870,749,147.05,5,0.0
870,989,273.32,10,0.0
871,969,316.85,10,0.2
871,670,111.02,8,0.05
871,264,168.89,4,0.2
871,891,318.6,7,0.05
872,238,190.63,8,0.0
872,748,253.02,8,0.05
872,744,409.64,3,0.05
872,445,289.13,3,0.1
873,318,89.83,3,0.15
874,193,130.17,7,0.0
874,72,364.91,3,0.0
874,147,305.61,7,0.15
874,74,20.15,1,0.0
874,437,74.77,2,0.1
875,962,303.82,1,0.0
875,643,275.76,6,0.0
876,143,382.24,8,0.05
876,492,160.62,8,0.05
877,58,349.1,9,0.0
877,557,20.39,1,0.0
878,304,213.49,1,0.05
878,106,21.76,7,0.15
878,524,82.21,5,0.05
878,908,461.63,7,0.0
878,857,250.99,2,0.05
879,980,478.37,6,0.0
880,342,460.74,1,0.2
880,122,84.04,7,0.2
880,370,174.07,3,0.15
880,946,83.61,5,0.2
880,947,410.61,6,0.0
881,939,190.87,5,0.0
881,512,396.54,3,0.05
881,678,166.93,7,0.15
882,835,219.45,5,0.05
882,69,54.32,3,0.05
882,116,386.09,6,0.1
882,592,252.16,8,0.15
883,813,472.57,4,0.15
883,652,215.14,8,0.2
883,342,271.55,9,0.2
883,142,412.49,7,0.0
883,822,294.67,7,0.2
884,796,354.52,4,0.1
884,711,11.4,1,0.1
884,831,283.6,3,0.0
884,767,39.19,6,0.1
884,225,425.89,3,0.1
885,148,486.19,7,0.05
885,856,113.26,4,0.0
885,874,376.03,2,0.05
885,565,194.96,1,0.15
886,56,334.75,2,0.15
886,719,420.34,3,0.0
886,109,81.97,3,0.0
887,79,288.9,7,0.05
887,13,385.05,8,0.05
888,716,364.05,8,0.0
888,972,150.52,3,0.0
888,307,441.77,1,0.2
888,482,378.06,9,0.05
888,422,15.33,7,0.15
889,729,255.92,4,0.15
889,850,466.41,5,0.0
889,265,265.54,3,0.05
889,942,206.2,1,0.05
889,586,202.22,9,0.2
890,837,349.29,8,0.1
891,848,403.64,7,0.05
891,390,142.26,2,0.0
891,169,187.72,6,0.0
891,56,127.37,3,0.2
892,67,113.84,1,0.1
893,565,322.81,1,0.05
893,207,141.89,10,0.2
894,578,493.38,8,0.0
895,323,55.67,5,0.0
896,770,205.09,4,0.1
896,290,378.4,6,0.05
896,982,354.3,2,0.1
897,919,256.07,3,0.0
897,760,297.72,7,0.15
897,516,297.32,1,0.1
897,104,89.0,8,0.0
898,976,362.05,4,0.05
899,987,262.99,10,0.2
899,514,465.81,6,0.15
900,348,186.56,7,0.0
900,298,446.43,7,0.05
901,626,46.75,3,0.2
901,622,317.62,8,0.0
902,147,385.5,5,0.2
903,511,56.12,6,0.05
904,166,292.49,6,0.0
904,70,44.86,8,0.1
904,287,493.21,5,0.15
905,963,486.12,8,0.0
905,127,188.1,5,0.15
906,878,73.2,6,0.2
906,635,423.97,6,0.1
906,940,50.91,7,0.2
906,697,230.55,1,0.2
907,759,397.39,9,0.0
908,874,152.42,3,0.2
908,108,205.65,2,0.05
909,896,180.98,8,0.2
909,474,451.06,8,0.0
909,686,52.05,2,0.15
909,96,386.43,4,0.15
910,67,498.25,8,0.05
910,325,354.12,8,0.0
910,351,146.4,1,0.2
911,972,81.3,4,0.1
911,482,288.42,10,0.15
912,959,406.18,7,0.15
913,56,435.33,7,0.1
913,217,133.51,3,0.0
914,71,208.48,5,0.15
914,281,436.93,9,0.05
915,189,55.3,7,0.1
915,851,482.05,5,0.05
915,56,107.32,7,0.15
916,549,483.14,7,0.1
916,706,457.17,10,0.15
916,803,413.28,9,0.2
916,165,107.29,10,0.2
917,332,493.32,6,0.0
917,681,83.75,8,0.05
918,886,485.29,7,0.1
918,325,265.14,1,0.15
918,117,472.23,3,0.15
918,812,323.07,10,0.0
919,224,375.4,4,0.15
920,793,180.56,4,0.2
920,171,478.0,6,0.1
920,616,17.93,5,0.2
920,387,411.34,2,0.15
920,222,327.97,8,0.15
921,361,266.35,6,0.0
921,849,463.91,8,0.15
921,556,192.83,9,0.2
921,437,89.7,7,0.15
922,866,343.34,5,0.2
922,676,469.57,2,0.0
922,706,404.91,2,0.0
923,632,466.92,2,0.15
924,950,256.65,1,0.1
924,558,427.34,4,0.05
924,103,390.67,9,0.15
924,649,66.11,8,0.0
924,455,181.8,8,0.15
925,8,119.73,5,0.1
925,963,441.01,5,0.1
925,384,420.86,7,0.05
925,801,12.04,7,0.0
926,27,85.15,6,0.2
927,326,496.49,4,0.2
927,344,487.01,4,0.2
927,175,325.77,1,0.2
927,983,220.26,7,0.05
927,586,207.53,6,0.2
928,448,58.79,3,0.2
928,237,68.0,10,0.15
929,858,474.86,4,0.0
929,567,55.7,7,0.0
929,163,318.16,10,0.05
930,633,356.71,2,0.2
931,26,491.87,6,0.05
931,761,127.46,4,0.1
931,752,104.98,4,0.15
931,134,387.49,1,0.1
932,958,80.45,1,0.2
933,114,234.97,10,0.0
934,146,148.41,3,0.0
935,507,423.87,4,0.15
936,503,399.77,7,0.0
937,983,346.79,7,0.1
937,641,320.44,8,0.05
937,79,98.11,1,0.05
937,216,333.24,10,0.0
938,1000,177.98,6,0.15
939,615,373.43,2,0.05
939,560,306.99,9,0.0
939,6,263.82,3,0.05
939,163,434.77,2,0.05
939,535,24.45,3,0.05
940,746,348.88,3,0.1
941,494,55.07,9,0.1
941,205,238.85,8,0.15
941,977,261.2,7,0.05
942,178,424.56,5,0.15
942,203,60.42,10,0.1
942,704,91.17,4,0.15
943,905,376.07,6,0.2
943,457,62.7,7,0.15
943,434,107.86,6,0.1
943,611,449.97,2,0.15
944,911,479.47,5,0.2
944,35,210.81,10,0.2
945,408,98.15,6,0.15
945,31,397.54,6,0.05
945,118,45.59,6,0.1
946,799,69.93,6,0.0
946,322,361.23,4,0.15
947,815,42.46,5,0.2
947,330,113.97,4,0.0
947,921,284.87,10,0.0
947,239,291.23,7,0.15
947,576,165.71,6,0.05
948,51,252.03,1,0.1
948,822,216.41,2,0.15
949,616,299.67,4,0.2
949,335,20.42,1,0.2
950,934,236.27,3,0.15
951,918,271.4,9,0.0
952,661,240.25,7,0.1
952,17,144.59,6,0.15
952,72,49.09,6,0.15
953,49,251.73,2,0.1
953,403,469.47,2,0.0
953,306,119.77,1,0.05
953,714,61.52,6,0.15
953,466,120.91,2,0.05
954,836,494.89,1,0.1
954,925,442.83,1,0.0
954,551,33.52,5,0.0
955,338,397.9,7,0.1
955,705,352.35,3,0.2
955,628,235.74,3,0.1
956,772,445.02,7,0.15
956,599,337.44,9,0.2
957,592,334.02,5,0.1
957,490,388.6,8,0.05
958,271,385.44,2,0.1
959,856,370.28,4,0.0
959,894,46.82,8,0.0
959,249,114.11,4,0.15
959,676,411.07,4,0.15
959,663,61.22,4,0.2
960,527,162.79,8,0.05
960,880,425.43,2,0.05
960,321,117.2,6,0.15
960,779,487.78,10,0.2
960,968,109.48,7,0.05
961,285,217.32,5,0.2
962,151,235.87,2,0.0
963,17,235.81,5,0.0
963,916,243.36,9,0.15
964,272,279.65,6,0.15
964,122,113.91,7,0.2
964,950,221.12,6,0.0
965,280,327.82,7,0.05
965,379,154.06,7,0.05
965,101,301.08,9,0.2
965,51,251.87,7,0.0
966,662,131.98,2,0.05
967,55,448.58,10,0.1
968,68,59.51,4,0.2
968,545,352.76,7,0.15
969,104,440.97,5,0.15
969,226,110.8,4,0.1
969,752,322.08,10,0.1
969,844,369.6,2,0.05
970,930,159.61,4,0.05
970,718,164.41,2,0.05
970,638,101.8,8,0.05
970,489,481.5,8,0.15
970,757,173.69,3,0.1
971,175,342.81,1,0.2
972,993,10.49,4,0.15
972,486,63.6,1,0.2
972,598,343.22,5,0.05
973,516,56.02,5,0.1
973,172,231.78,6,0.2
973,774,136.1,8,0.1
973,151,188.5,1,0.1
973,794,157.56,6,0.2
974,496,366.83,1,0.05
974,116,489.53,4,0.05
974,277,185.03,1,0.05
974,703,293.02,7,0.1
974,532,111.09,2,0.05
975,655,439.8,9,0.15
975,111,493.79,9,0.05
975,989,140.0,6,0.1
975,281,201.6,7,0.1
976,196,264.84,6,0.2
976,43,70.25,8,0.2
976,594,484.39,6,0.1
977,993,14.08,3,0.15
978,536,151.99,9,0.05
978,990,158.79,5,0.0
979,16,116.49,10,0.0
979,465,36.06,5,0.0
979,42,220.86,1,0.0
980,142,148.8,9,0.2
980,359,85.97,2,0.1
980,900,79.9,4,0.15
981,941,241.86,6,0.05
981,83,407.74,7,0.15
981,298,205.57,2,0.1
981,225,460.9,10,0.1
981,33,94.92,7,0.1
982,143,76.49,9,0.05
982,700,157.52,2,0.1
982,787,287.67,8,0.2
982,205,99.85,7,0.0
982,257,77.92,8,0.1
983,958,183.55,8,0.15
983,702,481.11,8,0.0
983,730,457.15,1,0.15
983,367,53.33,3,0.2
983,480,454.36,4,0.2
984,383,287.13,5,0.0
984,131,380.11,7,0.05
984,636,207.44,1,0.15
984,557,405.67,9,0.15
984,922,421.21,2,0.0
985,850,173.41,2,0.1
985,666,287.07,6,0.0
985,110,69.51,10,0.2
986,719,110.48,3,0.2
987,140,323.44,3,0.1
987,229,317.84,1,0.15
987,917,315.6,4,0.0
987,692,42.9,3,0.2
988,533,57.46,4,0.0
989,26,201.45,2,0.1
989,853,208.23,3,0.05
989,518,422.44,9,0.1
989,455,412.63,8,0.2
990,443,81.66,1,0.05
991,839,332.16,3,0.2
991,763,373.42,9,0.05
992,492,479.95,8,0.1
992,297,337.17,7,0.15
992,684,351.85,2,0.15
992,103,214.28,7,0.05
993,291,233.97,10,0.15
994,595,158.35,10,0.15
995,930,454.46,3,0.15
996,284,255.31,9,0.05
996,10,180.93,9,0.15
996,163,261.39,3,0.05
996,367,182.41,10,0.1
997,733,146.39,5,0.15
997,880,43.42,8,0.15
997,806,481.65,10,0.05
997,144,292.26,9,0.2
998,133,298.54,10,0.1
998,715,296.4,7,0.0
998,332,32.02,3,0.05
999,682,62.05,8,0.1
1000,791,459.46,4,0.0
1000,828,450.9,3,0.15
1001,945,132.74,1,0.0
1001,66,226.35,6,0.2
1001,64,319.33,1,0.05
1001,627,167.37,8,0.15
1002,653,282.67,4,0.1
1002,588,250.64,5,0.05
1003,760,222.69,9,0.05
1003,166,52.15,1,0.0
1004,35,78.88,1,0.1
1004,830,389.45,10,0.2
1005,349,100.8,9,0.15
1006,853,289.48,8,0.2
1006,213,182.53,10,0.2
1007,821,225.05,7,0.0
1007,69,288.88,3,0.2
1008,104,122.98,10,0.2
1008,121,172.15,4,0.1
1008,511,461.91,5,0.15
1009,70,87.35,5,0.0
1009,894,271.87,4,0.2
1009,893,466.59,9,0.1
1010,634,446.99,10,0.15
1010,59,469.09,5,0.0
1010,560,25.81,7,0.1
1010,715,108.25,1,0.05
1011,561,369.6,1,0.05
1011,837,251.84,10,0.2
1012,355,490.72,7,0.2
1013,952,473.83,5,0.0
1013,83,60.99,8,0.2
1013,909,120.37,6,0.15
1013,565,244.02,4,0.0
1013,491,466.31,1,0.05
1014,623,371.58,9,0.15
1014,881,35.55,7,0.05
1014,389,220.56,7,0.2
1014,699,77.51,8,0.0
1014,701,449.6,6,0.1
1015,352,459.85,4,0.05
1015,448,55.08,1,0.05
1016,766,398.66,10,0.0
1016,771,495.56,1,0.05
1016,910,408.18,2,0.0
1016,828,72.09,3,0.1
1017,322,181.34,4,0.1
1018,621,244.56,2,0.0
1018,408,47.43,9,0.05
1019,723,449.84,4,0.15
1019,753,359.44,6,0.2
1019,833,153.41,4,0.2
1019,366,447.56,6,0.2
1020,107,355.7,10,0.15
1020,56,147.09,4,0.05
1020,355,422.3,9,0.05
1020,923,159.42,9,0.05
1020,421,70.15,3,0.0
1021,716,328.45,8,0.0
1021,451,20.43,1,0.1
1022,603,415.32,2,0.0
1022,394,146.76,10,0.15
1022,308,252.73,7,0.15
1023,46,100.37,7,0.2
1023,230,35.61,5,0.0
1023,211,275.36,6,0.0
1023,389,455.93,6,0.1
1024,222,416.33,7,0.15
1024,776,393.48,1,0.0
1024,29,281.11,5,0.2
1024,350,237.12,10,0.2
1024,744,386.82,5,0.05
1025,479,74.62,1,0.1
1025,764,401.8,5,0.0
1025,947,499.41,9,0.1
1025,244,175.39,7,0.0
1026,281,393.39,10,0.0
1026,371,70.91,10,0.1
1026,276,419.64,3,0.15
1026,676,236.73,8,0.0
1026,257,238.56,6,0.15
1027,224,48.98,10,0.2
1027,419,163.87,2,0.15
1027,60,98.1,5,0.1
1027,594,435.84,3,0.05
1027,962,318.87,3,0.2
1028,239,66.08,1,0.05
1029,882,281.17,4,0.0
1029,451,476.33,5,0.1
1029,594,17.9,6,0.2
1029,325,361.98,10,0.05
1029,43,181.37,2,0.2
1030,116,109.98,10,0.1
1030,524,416.28,7,0.0
1030,80,324.52,5,0.05
1030,243,22.1,10,0.1
1031,999,329.47,8,0.1
1031,418,314.74,3,0.1
1031,919,31.86,3,0.2
1032,109,308.43,6,0.2
1033,803,115.29,10,0.0
1033,596,331.96,3,0.15
1033,730,383.68,2,0.0
1033,353,479.73,4,0.2
1033,963,256.71,10,0.2
1034,552,440.46,1,0.2
1034,751,241.44,9,0.2
1034,125,226.1,5,0.05
1034,868,419.64,5,0.05
1035,249,488.96,4,0.15
1035,819,164.26,2,0.05
1035,787,228.05,7,0.1
1036,361,284.62,2,0.1
1037,620,215.24,10,0.05
1037,236,463.6,4,0.15
1037,460,340.31,3,0.2
1037,806,137.54,5,0.1
1038,121,216.3,3,0.2
1038,84,252.16,4,0.05
1038,419,439.44,1,0.05
1039,429,139.05,9,0.15
1040,130,436.03,7,0.0
1041,75,262.3,9,0.15
1041,136,453.09,6,0.05
1042,714,153.76,6,0.1
1042,571,299.82,10,0.0
1042,248,497.13,1,0.0
1042,730,371.99,6,0.15
1043,646,223.49,8,0.05
1043,461,369.39,10,0.2
1043,759,51.06,1,0.2
1043,855,300.59,8,0.15
1044,450,364.04,5,0.0
1044,181,123.81,8,0.1
1044,521,33.66,9,0.2
1045,521,168.17,6,0.05
1045,865,477.22,1,0.05
1045,951,220.96,5,0.2
1045,437,441.0,6,0.0
1045,293,180.2,3,0.0
1046,281,119.58,3,0.1
1046,499,470.21,5,0.2
1046,450,379.2,4,0.1
1047,99,280.56,9,0.05
1047,212,23.4,1,0.2
1048,819,412.98,6,0.05
1048,200,148.1,10,0.15
1048,7,368.72,9,0.05
1048,501,417.21,5,0.0
1048,853,360.96,2,0.15
1049,506,77.04,5,0.0
1049,270,484.54,2,0.05
1049,89,366.41,6,0.05
1049,886,258.46,5,0.15
1050,689,164.26,1,0.15
1050,796,59.22,9,0.1
1050,76,103.3,9,0.0
1050,724,475.1,1,0.05
1050,705,77.07,7,0.05
1051,272,84.2,3,0.15
1051,482,148.47,4,0.0
1052,878,222.82,8,0.2
1052,741,309.5,3,0.0
1052,768,214.9,5,0.2
1052,220,196.34,10,0.05
1052,4,322.48,8,0.2
1053,899,421.94,5,0.15
1053,308,250.21,7,0.2
1054,557,57.3,2,0.1
1054,493,215.6,8,0.1
1054,303,131.22,7,0.0
1055,476,166.26,2,0.1
1055,980,351.51,3,0.15
1056,616,24.19,5,0.2
1056,422,115.4,7,0.0
1056,704,285.51,6,0.1
1056,241,340.74,7,0.15
1057,436,36.77,8,0.05
1057,409,176.52,1,0.1
1057,267,229.34,4,0.2
1057,935,439.05,9,0.05
1058,971,484.45,10,0.1
1059,620,19.76,1,0.15
1059,553,54.22,6,0.1
1060,65,187.43,4,0.05
1060,671,420.69,7,0.05
1060,51,152.19,3,0.1
1060,532,172.44,4,0.2
1060,216,369.33,1,0.0
1061,774,470.77,2,0.2
1062,811,148.71,1,0.05
1062,497,319.46,4,0.0
1062,44,143.5,2,0.15
1062,161,331.09,3,0.1
1063,79,46.21,7,0.0
1064,761,416.82,10,0.05
1065,754,298.22,7,0.05
1066,880,261.05,1,0.1
1066,320,144.28,4,0.0
1066,804,139.49,10,0.15
1066,332,194.52,7,0.0
1066,436,118.9,7,0.2
1067,495,354.41,9,0.05
1067,292,197.38,8,0.15
1067,930,476.21,9,0.0
1068,230,204.7,4,0.15
1068,592,191.21,10,0.0
1068,999,324.98,6,0.05
1068,26,406.74,2,0.0
1069,174,300.77,2,0.05
1069,213,207.57,8,0.2
1069,886,364.29,10,0.05
1069,965,38.88,8,0.1
1069,502,211.81,6,0.05
1070,330,347.61,10,0.15
1071,275,348.29,9,0.15
1072,512,167.7,8,0.2
1072,321,281.86,2,0.0
1072,983,218.59,2,0.15
1072,668,72.37,1,0.05
1072,242,264.77,2,0.05
1073,449,486.24,1,0.15
1073,891,252.64,9,0.15
1074,767,278.07,7,0.0
1074,896,155.41,7,0.1
1075,536,445.88,10,0.05
1075,331,79.34,9,0.05
1075,630,403.38,6,0.2
1076,258,171.79,3,0.05
1076,484,266.95,8,0.0
1076,474,165.67,3,0.05
1076,216,240.54,1,0.1
1076,959,353.72,4,0.0
1077,470,239.66,3,0.0
1077,339,181.72,9,0.05
1077,97,179.03,1,0.05
1077,63,144.54,7,0.2
1077,640,367.37,6,0.2
1078,957,324.38,4,0.0
1078,261,300.39,2,0.05
1078,575,147.19,5,0.2
1078,555,60.14,9,0.2
1079,339,300.16,5,0.2
1079,590,337.56,8,0.05
1079,791,92.37,4,0.05
1079,874,54.76,10,0.05
1080,169,438.56,6,0.0
1080,487,449.02,1,0.05
1081,827,170.27,9,0.0
1081,451,127.98,7,0.15
1081,436,389.22,8,0.1
1081,681,162.76,9,0.1
1081,484,270.04,10,0.05
1082,969,418.47,3,0.15
1082,649,284.64,8,0.1
1083,572,450.88,6,0.05
1084,887,189.19,8,0.1
1085,219,498.97,4,0.15
1085,632,193.36,1,0.05
1085,574,226.62,9,0.05
1085,898,12.75,5,0.1
1086,933,190.75,5,0.2
1087,622,143.78,5,0.15
1088,45,144.35,1,0.2
1088,713,413.43,8,0.2
1088,722,319.8,8,0.05
1088,260,241.99,9,0.0
1089,379,24.13,3,0.05
1090,85,418.69,2,0.0
1090,430,227.26,1,0.1
1091,879,276.6,4,0.2
1092,341,420.26,6,0.05
1093,740,470.87,7,0.15
1093,967,420.48,1,0.0
1093,376,104.54,9,0.05
1093,529,367.19,2,0.05
1093,15,227.27,5,0.2
1094,706,210.53,1,0.1
1094,518,144.14,6,0.0
1095,478,351.18,10,0.15
1095,582,53.2,2,0.05
1095,857,367.48,3,0.1
1096,642,396.48,4,0.1
1096,989,235.57,4,0.1
1096,21,420.28,4,0.05
1096,786,162.14,7,0.1
1096,174,97.22,3,0.2
1097,424,102.24,4,0.05
1097,232,489.85,5,0.15
1097,856,139.63,8,0.1
1098,373,230.34,3,0.0
1098,358,475.34,10,0.15
1098,791,86.3,10,0.05
1098,658,496.94,7,0.1
1098,536,326.54,5,0.05
1099,717,280.29,5,0.0
1099,992,261.5,4,0.1
1099,516,116.94,5,0.0
1100,530,332.58,3,0.15
1101,479,168.27,10,0.15
1101,601,332.57,1,0.1
1102,645,185.85,1,0.05
1103,487,452.46,3,0.1
1103,343,160.08,8,0.2
1103,345,101.22,1,0.15
1103,664,406.52,8,0.2
1104,712,418.71,5,0.1
1104,446,304.46,8,0.15
1104,749,157.08,4,0.2
1104,409,62.85,7,0.1
1104,485,477.45,7,0.2
1105,168,260.98,5,0.2
1106,204,78.38,6,0.0
1106,975,485.46,5,0.05
1106,996,402.73,8,0.15
1106,582,91.02,1,0.05
1106,770,108.2,3,0.1
1107,83,430.3,7,0.0
1107,190,364.83,3,0.2
1107,242,424.38,6,0.0
1108,164,279.42,7,0.05
1108,353,457.29,7,0.15
1108,103,356.05,2,0.15
1108,483,72.97,3,0.15
1109,920,340.63,7,0.2
1109,290,202.99,2,0.1
1109,840,249.27,10,0.0
1110,907,97.3,4,0.1
1110,624,187.52,9,0.0
1111,614,326.33,3,0.15
1111,770,102.11,4,0.1
1111,408,223.35,6,0.15
1111,937,330.48,7,0.05
1111,80,149.63,7,0.15
1112,268,479.67,7,0.05
1113,408,263.5,2,0.15
1113,699,405.05,6,0.0
1114,823,166.32,10,0.2
1114,827,198.16,8,0.0
1114,13,248.21,7,0.15
1114,165,387.97,5,0.15
1115,760,305.78,8,0.2
1115,650,192.68,8,0.1
1115,119,423.64,6,0.0
1116,435,382.21,2,0.05
1116,545,13.41,10,0.1
1117,528,311.11,8,0.15
1117,833,33.79,5,0.0
1118,889,249.91,6,0.0
1119,703,340.75,1,0.2
1119,379,140.95,5,0.1
1119,259,214.36,8,0.1
1119,436,155.86,1,0.2
1119,346,64.72,1,0.2
1120,255,56.34,3,0.15
1120,180,221.24,5,0.1
1120,87,486.21,10,0.05
1120,548,460.2,9,0.2
1121,42,28.76,10,0.0
1121,79,197.14,2,0.1
1121,335,464.45,5,0.15
1121,382,206.36,3,0.1
1122,857,457.05,2,0.05
1123,268,428.58,4,0.0
1123,311,193.38,8,0.05
1123,631,382.75,7,0.1
1123,527,375.97,3,0.1
1123,553,255.77,1,0.2
1124,932,143.61,7,0.05
1124,186,19.17,7,0.05
1124,695,144.64,8,0.2
1124,292,397.23,6,0.0
1125,231,357.41,4,0.0
1125,19,309.58,10,0.15
1126,431,200.63,9,0.0
1126,651,178.05,6,0.1
1126,610,413.09,3,0.15
1126,337,428.63,8,0.05
1126,555,270.8,3,0.15
1127,413,427.62,2,0.15
1127,34,285.05,6,0.0
1127,677,111.7,9,0.1
1128,299,231.23,8,0.0
1128,769,86.39,10,0.05
1128,323,315.89,10,0.15
1129,784,149.1,8,0.05
1129,24,193.89,9,0.05
1129,770,195.43,2,0.0
1129,997,203.92,4,0.0
1130,297,390.99,7,0.2
1130,183,210.17,4,0.15
1130,886,451.22,5,0.1
1130,163,387.54,2,0.1
1130,786,256.13,9,0.15
1131,880,252.47,8,0.1
1131,414,414.81,8,0.05
1132,410,11.64,6,0.15
1132,296,331.53,2,0.15
1133,669,321.84,10,0.05
1133,429,77.9,10,0.2
1133,998,499.47,10,0.2
1133,421,368.75,1,0.1
1133,194,308.81,3,0.2
1134,701,21.13,10,0.15
1134,94,280.51,4,0.05
1134,975,234.31,4,0.05
1134,380,241.36,4,0.1
1135,301,448.28,4,0.2
1135,67,235.98,4,0.2
1136,248,236.09,2,0.2
1136,816,420.56,3,0.05
1136,182,236.48,2,0.0
1136,997,376.82,7,0.2
1137,883,214.37,5,0.2
1137,395,69.28,10,0.2
1137,73,360.23,8,0.15
1137,802,415.6,1,0.1
1138,849,29.55,7,0.2
1138,843,318.34,8,0.15
1138,743,395.84,2,0.05
1138,788,425.06,10,0.0
1139,376,331.7,3,0.05
1139,423,399.82,4,0.1
1140,338,324.6,2,0.15
1141,771,177.8,8,0.1
1141,251,395.81,5,0.2
1141,776,144.9,1,0.05
1141,267,82.53,5,0.0
1142,902,286.13,5,0.1
1142,380,472.95,3,0.2
1143,487,339.91,3,0.05
1143,731,81.8,5,0.15
1143,451,136.08,4,0.0
1144,598,82.7,1,0.1
1144,311,188.44,9,0.2
1145,489,486.48,3,0.2
1145,634,427.78,6,0.2
1145,922,193.44,8,0.05
1145,175,436.68,8,0.05
1146,919,474.0,6,0.05
1146,389,161.56,4,0.05
1146,15,146.37,2,0.05
1146,685,184.69,8,0.2
1147,861,375.67,9,0.05
1148,373,26.09,2,0.1
1148,681,258.63,5,0.2
1149,867,485.51,1,0.15
1149,760,287.68,4,0.05
1149,551,135.48,3,0.05
1149,894,121.89,8,0.05
1149,82,29.71,10,0.1
1150,285,417.04,2,0.05
1150,94,266.05,1,0.05
1150,761,121.52,10,0.2
1150,195,243.87,2,0.2
1150,751,442.0,1,0.1
1151,202,244.37,8,0.0
1152,203,115.35,8,0.1
1152,103,288.97,10,0.15
1152,556,431.96,2,0.15
1152,604,390.92,4,0.2
1153,774,209.51,5,0.15
1153,468,319.25,6,0.2
1153,1,246.81,5,0.1
1153,258,139.46,9,0.05
1153,773,177.16,9,0.2
1154,641,488.84,3,0.15
1154,451,13.19,9,0.15
1154,115,252.94,3,0.0
1155,690,432.39,6,0.2
1155,312,413.05,4,0.0
1155,97,383.8,4,0.1
1155,948,255.87,6,0.2
1156,106,308.67,10,0.05
1156,702,168.65,4,0.15
1156,308,395.05,3,0.2
1156,950,334.67,6,0.2
1157,670,392.08,5,0.05
1157,610,467.09,8,0.1
1157,808,191.69,5,0.1
1157,427,366.09,6,0.15
1158,436,383.72,1,0.15
1158,577,37.1,7,0.1
1158,403,326.44,3,0.15
1159,20,109.08,5,0.1
1159,839,417.95,1,0.1
1159,722,219.47,7,0.1
1160,574,312.6,8,0.1
1160,757,62.35,4,0.05
1160,205,169.49,8,0.2
1160,817,240.24,1,0.15
1160,221,347.02,8,0.05
1161,622,39.07,1,0.1
1161,601,145.26,6,0.15
1161,385,462.57,2,0.15
1162,902,46.25,7,0.05
1162,768,438.24,10,0.1
1163,205,170.64,9,0.1
1163,576,282.77,5,0.0
1163,91,78.83,2,0.1
1163,449,479.03,6,0.15
1163,252,376.16,4,0.05
1164,480,187.48,4,0.1
1164,234,135.13,1,0.05
1164,472,68.4,7,0.15
1165,826,417.52,1,0.2
1165,499,193.0,10,0.15
1165,818,497.87,9,0.1
1165,50,397.17,8,0.1
1166,342,287.0,9,0.0
1166,650,270.56,9,0.0
1166,69,291.22,8,0.2
1166,753,328.59,4,0.0
1166,78,385.89,7,0.1
1167,463,84.58,6,0.0
1167,911,99.02,10,0.1
1167,902,232.48,7,0.0
1167,757,206.72,5,0.0
1168,849,167.97,3,0.1
1168,400,429.23,10,0.1
1168,20,270.86,4,0.2
1168,9,463.42,10,0.05
1168,231,102.54,3,0.05
1169,186,271.38,1,0.05
1169,104,274.64,2,0.1
1169,27,436.57,4,0.05
1170,311,217.9,5,0.05
1170,168,468.79,4,0.1
1171,141,440.04,8,0.0
1172,27,428.55,4,0.15
1172,455,34.12,8,0.15
1172,889,107.33,7,0.2
1172,762,409.1,2,0.05
1173,936,89.81,4,0.0
1173,593,470.94,10,0.1
1173,742,377.34,6,0.15
1173,529,103.58,2,0.2
1173,125,186.33,5,0.2
1174,968,233.91,1,0.15
1175,410,183.79,5,0.0
1175,985,222.73,5,0.05
1175,879,499.86,2,0.15
1175,103,439.21,1,0.1
1176,47,132.01,10,0.0
1176,145,72.69,3,0.05
1176,868,350.58,1,0.0
1177,822,153.61,10,0.15
1177,215,413.39,7,0.05
1177,888,95.57,9,0.05
1177,758,373.56,3,0.1
1177,677,440.75,2,0.05
1178,510,110.0,7,0.1
1179,637,393.8,6,0.0
1179,329,445.52,1,0.05
1179,30,457.65,1,0.2
1180,781,93.17,2,0.0
1180,613,180.85,4,0.0
1180,740,215.74,2,0.0
1180,538,484.68,8,0.15
1181,451,322.06,5,0.15
1181,138,240.05,5,0.05
1181,878,168.21,9,0.1
1181,618,478.88,2,0.15
1181,829,251.47,10,0.05
1182,225,73.61,3,0.05
1182,528,333.01,2,0.15
1183,909,132.39,5,0.05
1183,630,367.71,5,0.1
1183,108,358.13,8,0.2
1184,530,450.77,6,0.15
1184,592,193.64,3,0.2
1184,905,370.84,1,0.15
1184,274,319.62,4,0.05
1184,779,17.02,1,0.05
1185,407,15.74,8,0.15
1185,331,430.26,4,0.2
1186,463,138.77,8,0.0
1186,220,375.03,9,0.1
1186,465,175.25,3,0.1
1186,637,177.08,8,0.2
1187,680,177.76,9,0.1
1187,99,40.93,6,0.15
1187,685,324.72,9,0.05
1187,877,56.35,8,0.0
1188,564,359.22,3,0.1
1189,464,492.31,2,0.2
1189,447,99.48,9,0.05
1189,567,79.44,4,0.0
1190,752,183.43,10,0.05
1190,763,285.81,9,0.2
1191,820,271.25,9,0.05
1192,171,91.16,10,0.05
1192,384,423.19,3,0.2
1192,163,471.67,10,0.15
1192,103,430.56,5,0.0
1192,697,479.94,7,0.1
1193,923,447.93,8,0.1
1193,535,76.7,5,0.0
1193,996,46.69,9,0.1
1193,432,112.29,10,0.2
1194,61,380.03,3,0.05
1195,843,405.42,4,0.15
1195,165,395.29,7,0.15
1195,783,299.79,4,0.1
1195,996,44.56,5,0.05
1196,127,472.73,3,0.05
1196,744,227.26,5,0.1
1196,758,15.28,2,0.2
1196,600,162.47,2,0.2
1197,238,412.9,9,0.2
1197,677,232.64,2,0.1
1197,449,438.87,1,0.15
1197,306,420.61,5,0.0
1198,437,357.78,8,0.1
1198,600,120.07,2,0.0
1198,173,498.83,10,0.2
1198,898,433.89,4,0.15
1199,432,433.93,5,0.1
1199,59,453.32,9,0.1
1199,654,215.63,5,0.1
1199,108,50.72,2,0.15
1200,600,118.48,7,0.1
1200,507,60.94,8,0.2
1201,858,436.49,7,0.0
1201,580,304.81,10,0.0
1201,385,292.06,2,0.05
1201,622,186.74,10,0.15
1201,532,409.49,1,0.1
1202,873,266.16,7,0.15
1202,472,337.84,1,0.05
1202,588,287.8,1,0.1
1202,885,58.41,7,0.0
1203,870,411.0,6,0.1
1203,913,487.05,4,0.1
1203,260,228.54,1,0.1
1203,368,234.52,5,0.05
1204,572,433.11,6,0.15
1204,790,379.13,3,0.15
1205,342,182.38,9,0.05
1206,849,457.94,2,0.15
1206,314,163.33,8,0.05
1206,104,380.72,4,0.1
1207,360,448.93,3,0.05
1207,346,168.15,2,0.05
1207,826,295.1,9,0.2
1207,449,155.14,9,0.2
1208,408,350.86,4,0.0
1208,634,54.37,10,0.15
1209,150,271.09,7,0.05
1209,734,461.42,2,0.1
1209,349,310.58,2,0.1
1210,454,29.98,9,0.05
1210,846,337.09,5,0.0
1211,230,130.22,4,0.15
1211,854,327.47,4,0.05
1211,712,16.08,4,0.0
1211,225,430.19,8,0.15
1212,570,212.04,9,0.2
1212,565,205.81,10,0.15
1212,582,375.93,6,0.1
1212,197,221.34,6,0.05
1213,554,479.46,3,0.1
1213,366,431.37,4,0.2
1213,79,293.69,2,0.2
1214,549,414.88,4,0.1
1214,322,361.61,9,0.05
1214,108,237.99,10,0.0
1214,827,235.52,8,0.15
1215,447,284.38,9,0.0
1215,67,448.96,8,0.05
1215,977,41.25,6,0.0
1215,176,477.82,5,0.2
1215,23,133.49,1,0.2
1216,442,75.34,7,0.05
1216,722,334.28,5,0.2
1216,783,351.63,5,0.1
1216,966,123.96,9,0.15
1217,785,490.29,10,0.1
1217,553,432.74,10,0.0
1218,602,488.9,10,0.0
1218,123,269.59,3,0.05
1218,794,131.91,10,0.05
1219,31,465.12,2,0.1
1219,665,53.66,7,0.2
1220,825,242.46,6,0.05
1220,418,56.97,6,0.05
1220,391,356.56,5,0.15
1220,714,54.46,5,0.15
1221,233,492.96,2,0.1
1221,360,231.35,2,0.2
1222,21,39.84,9,0.0
1222,901,344.53,2,0.05
1222,621,10.85,9,0.0
1223,335,198.53,1,0.2
1224,384,102.36,10,0.15
1224,880,99.08,4,0.1
1224,72,57.51,3,0.2
1224,979,193.34,3,0.15
1224,177,356.12,3,0.2
1225,834,228.1,10,0.0
1225,839,468.29,2,0.1
1226,111,98.4,9,0.05
1226,358,451.11,8,0.05
1226,700,305.72,10,0.1
1227,951,200.53,8,0.0
1227,675,337.67,2,0.1
1227,562,130.65,3,0.05
1227,852,480.59,8,0.05
1228,43,491.35,8,0.2
1228,367,58.4,9,0.0
1228,61,335.12,6,0.2
1228,939,285.87,9,0.2
1229,776,148.46,3,0.15
1229,560,384.13,5,0.15
1229,659,208.08,7,0.0
1229,206,250.33,8,0.0
1230,575,200.52,8,0.1
1230,496,387.71,1,0.2
1230,625,417.32,4,0.0
1231,914,451.14,9,0.05
1231,602,324.06,1,0.2
1231,766,23.7,5,0.15
1232,361,273.5,7,0.2
1232,988,266.75,3,0.2
1233,698,456.22,2,0.15
1233,716,475.48,4,0.1
1233,46,45.75,4,0.15
1234,585,310.38,1,0.15
1234,656,110.95,2,0.1
1235,927,127.79,6,0.05
1236,847,420.52,1,0.05
1236,234,79.42,4,0.2
1236,381,337.58,7,0.2
1236,940,357.98,5,0.05
1237,420,213.78,7,0.15
1237,707,146.26,4,0.15
1237,11,134.18,1,0.15
1238,713,385.89,3,0.05
1239,653,66.05,3,0.15
1240,188,273.1,3,0.1
1241,292,289.35,2,0.0
1241,550,203.5,4,0.0
1241,294,281.83,8,0.05
1241,877,72.29,1,0.15
1242,112,418.22,3,0.0
1242,115,383.65,2,0.05
1242,235,223.61,6,0.15
1242,39,371.79,8,0.2
1243,679,467.47,4,0.05
1244,45,474.81,6,0.1
1244,583,461.7,6,0.15
1244,15,108.32,1,0.15
1245,157,41.19,3,0.05
1245,970,174.59,8,0.0
1245,299,436.96,2,0.05
1245,518,304.81,5,0.2
1246,147,482.45,1,0.0
1246,561,345.53,7,0.2
1247,18,467.07,6,0.0
1247,634,80.31,2,0.05
1247,738,12.89,1,0.2
1247,174,38.62,7,0.2
1247,742,68.62,4,0.0
1248,559,456.3,10,0.15
1248,76,148.41,10,0.15
1248,21,230.34,4,0.15
1248,665,310.18,6,0.15
1248,844,244.77,3,0.15
1249,901,322.18,3,0.15
1249,369,499.58,3,0.1
1249,230,372.6,7,0.1
1249,148,80.55,8,0.15
1249,294,358.24,9,0.05
1250,129,111.97,7,0.15
1250,861,442.97,8,0.15
1250,642,227.51,7,0.15
1250,362,188.14,6,0.15
1251,741,110.9,4,0.05
1251,543,288.51,10,0.1
1252,562,210.02,5,0.05
1252,884,202.49,8,0.0
1252,783,275.99,8,0.1
1252,812,453.29,10,0.15
1253,205,116.42,9,0.05
1254,960,472.17,1,0.05
1254,530,199.13,3,0.1
1254,443,491.98,10,0.05
1254,185,324.21,10,0.05
1255,422,239.6,3,0.15
1255,325,164.95,10,0.2
1256,693,57.56,2,0.0
1257,9,460.88,1,0.1
1258,321,466.47,6,0.05
1259,981,160.71,2,0.1
1259,219,315.38,6,0.2
1260,487,151.97,2,0.2
1260,347,88.31,3,0.05
1260,721,213.44,9,0.2
1260,180,210.74,9,0.2
1261,717,452.79,2,0.05
1261,288,455.5,2,0.0
1261,707,76.44,7,0.15
1261,869,195.89,3,0.0
1262,705,296.6,3,0.15
1262,838,448.05,8,0.2
1262,372,178.48,6,0.0
1262,954,444.38,2,0.05
1262,452,76.12,5,0.15
1263,114,397.57,4,0.1
1263,958,153.25,2,0.1
1264,819,299.26,3,0.1
1264,507,427.11,4,0.2
1264,17,147.32,9,0.0
1264,637,249.91,3,0.0
1264,913,328.21,5,0.1
1265,444,377.5,8,0.0
1265,346,173.13,1,0.05
1265,42,437.3,10,0.0
1265,280,369.97,1,0.1
1266,205,200.31,5,0.15
1266,927,174.46,9,0.15
1266,482,209.53,6,0.05
1266,390,472.02,5,0.2
1267,501,140.67,8,0.0
1267,289,404.68,6,0.2
1268,24,407.27,2,0.05
1269,182,192.96,3,0.2
1270,798,433.21,1,0.0
1270,90,370.89,6,0.2
1271,160,295.55,8,0.1
1272,628,69.77,3,0.05
1273,191,54.93,2,0.0
1274,811,34.5,2,0.15
1274,703,167.0,9,0.05
1274,239,243.26,4,0.15
1274,216,306.67,3,0.15
1275,750,433.85,1,0.15
1275,693,100.61,1,0.0
1275,607,96.17,4,0.1
1276,900,291.96,4,0.0
1276,556,354.41,2,0.05
1277,869,380.58,4,0.05
1277,330,203.39,10,0.1
1278,423,219.0,6,0.05
1278,519,269.97,5,0.1
1278,656,379.61,2,0.0
1278,293,40.76,6,0.0
1278,224,313.72,7,0.0
1279,13,166.02,6,0.2
1279,763,342.32,2,0.2
1279,691,138.59,6,0.15
1279,91,185.48,8,0.1
1280,308,277.5,4,0.05
1280,782,297.74,1,0.1
1280,501,210.77,8,0.1
1280,321,462.49,7,0.15
1281,464,377.77,7,0.0
1281,157,437.95,6,0.15
1281,146,494.98,3,0.15
1281,756,189.2,7,0.05
1282,608,100.12,2,0.0
1282,969,201.73,3,0.1
1283,203,202.19,5,0.2
1283,23,146.06,4,0.15
1283,510,307.34,8,0.15
1284,971,484.86,1,0.1
1284,873,481.11,2,0.1
1284,164,355.95,10,0.1
1284,500,79.32,9,0.15
1285,427,16.35,5,0.05
1285,503,175.9,5,0.2
1286,627,269.52,6,0.1
1286,125,405.49,3,0.1
1286,614,287.01,8,0.0
1286,133,18.68,6,0.15
1287,215,169.84,4,0.1
1287,968,320.6,8,0.1
1288,349,105.25,3,0.1
1288,592,392.98,10,0.05
1288,813,356.97,10,0.05
1288,340,408.53,4,0.15
1288,716,286.02,1,0.1
1289,902,315.57,2,0.2
1289,98,250.56,10,0.1
1289,394,42.79,7,0.05
1289,769,397.73,5,0.05
1289,152,188.25,1,0.15
1290,229,11.5,6,0.2
1290,649,246.45,3,0.1
1291,497,442.77,4,0.05
1291,322,479.29,10,0.2
1291,620,68.98,1,0.05
1292,819,194.24,1,0.1
1292,517,137.88,3,0.1
1292,290,22.39,7,0.0
1292,255,190.63,3,0.15
1292,810,316.69,9,0.05
1293,455,144.04,5,0.05
1293,777,356.09,8,0.1
1293,322,89.82,3,0.1
1293,111,478.49,2,0.0
1293,960,435.19,9,0.15
1294,146,363.05,9,0.0
1294,323,318.16,6,0.15
1294,852,97.22,10,0.0
1295,332,288.58,9,0.0
1295,580,364.16,3,0.15
1295,775,41.3,2,0.05
1296,105,90.06,4,0.0
1296,536,379.78,6,0.1
1297,423,178.35,2,0.15
1298,559,324.49,7,0.05
1298,64,278.57,2,0.05
1298,538,229.76,2,0.1
1298,427,121.42,1,0.2
1299,54,325.02,4,0.15
1300,44,117.31,4,0.05
1301,513,168.25,7,0.0
1301,328,260.02,5,0.15
1302,686,360.22,7,0.2
1303,42,108.06,1,0.05
1304,597,13.5,2,0.2
1304,504,442.01,9,0.05
1305,218,458.45,10,0.1
1305,156,140.17,6,0.2
1305,550,200.33,4,0.2
1305,8,135.58,4,0.1
1306,403,149.84,1,0.15
1306,123,305.65,9,0.15
1306,667,110.25,2,0.0
1307,824,438.37,4,0.2
1307,110,370.49,5,0.05
1307,761,444.46,5,0.1
1307,956,237.25,4,0.2
1308,223,161.85,4,0.05
1308,524,431.58,4,0.15
1308,25,473.93,7,0.1
1309,401,461.2,8,0.2
1309,617,302.4,4,0.0
1309,772,312.02,1,0.0
1309,170,313.45,1,0.1
1310,311,228.08,10,0.05
1311,55,190.34,4,0.15
1312,78,330.28,5,0.0
1312,287,450.28,5,0.05
1312,428,138.74,4,0.0
1313,902,466.21,8,0.05
1314,116,52.19,4,0.15
1315,712,354.41,8,0.0
1315,571,368.4,3,0.05
1315,280,41.93,7,0.0
1315,277,28.21,7,0.15
1315,24,212.09,1,0.2
1316,673,40.88,5,0.1
1317,208,338.91,4,0.05
1317,822,347.94,1,0.0
1317,274,438.03,7,0.2
1317,25,476.55,8,0.05
1318,294,188.38,10,0.1
1319,841,192.9,6,0.2
1319,484,274.98,6,0.1
1319,558,209.43,10,0.15
1319,168,192.33,6,0.1
1320,834,378.31,8,0.2
1320,689,209.83,7,0.0
1321,260,185.75,8,0.15
1321,907,379.31,3,0.0
1321,141,178.29,3,0.2
1321,341,177.41,3,0.2
1321,947,78.37,4,0.15
1322,844,215.3,2,0.2
1323,43,134.81,9,0.05
1323,533,372.46,6,0.15
1323,107,67.29,6,0.2
1323,590,469.09,9,0.15
1323,5,117.34,6,0.15
1324,232,323.83,8,0.05
1325,734,447.66,9,0.0
1325,1,252.65,2,0.1
1326,774,158.4,4,0.2
1326,416,322.74,4,0.0
1327,32,154.93,4,0.05
1328,69,134.18,2,0.15
1329,678,351.93,5,0.1
1329,413,200.0,4,0.1
1329,11,219.98,10,0.15
1330,608,255.0,6,0.0
1330,43,135.33,8,0.15
1330,696,378.93,2,0.15
1330,504,347.41,10,0.1
1330,33,475.07,8,0.0
1331,40,453.88,8,0.1
1331,986,276.43,2,0.05
1331,500,364.9,2,0.15
1331,778,196.13,6,0.05
1332,481,390.81,8,0.05
1332,36,310.72,2,0.0
1332,331,345.07,10,0.0
1332,318,468.41,8,0.0
1332,566,256.02,8,0.1
1333,398,364.92,5,0.2
1333,821,67.66,9,0.15
1333,948,95.22,8,0.1
1333,549,428.24,1,0.1
1333,670,304.55,7,0.0
1334,992,47.64,8,0.15
1334,858,132.03,7,0.05
1335,45,176.63,10,0.15
1335,310,122.08,8,0.0
1335,188,59.75,3,0.05
1335,229,372.77,10,0.2
1336,449,253.11,7,0.0
1337,920,62.1,8,0.0
1337,711,146.66,9,0.15
1337,378,42.8,2,0.1
1337,651,440.11,6,0.15
1337,557,206.65,4,0.05
1338,25,89.38,10,0.05
1339,457,498.3,6,0.2
1339,676,138.87,2,0.05
1340,424,109.2,5,0.05
1340,119,375.85,7,0.0
1340,574,192.21,9,0.0
1340,41,65.25,5,0.2
1340,238,269.95,5,0.05
1341,943,245.39,4,0.05
1341,250,335.38,8,0.15
1341,882,114.92,3,0.15
1342,649,44.75,3,0.2
1342,643,81.25,2,0.15
1342,555,261.56,2,0.2
1342,880,90.72,7,0.1
1342,824,469.43,5,0.15
1343,771,221.62,6,0.15
1344,198,339.11,6,0.15
1345,621,376.82,3,0.15
1345,857,311.3,9,0.15
1345,888,326.56,3,0.05
1345,231,303.5,5,0.15
1346,444,303.91,7,0.0
1347,87,388.73,1,0.1
1347,722,145.92,5,0.15
1347,914,328.58,6,0.1
1347,796,419.8,10,0.1
1347,150,460.47,8,0.2
1348,396,347.34,9,0.2
1348,776,303.68,10,0.05
1348,893,239.97,2,0.15
1348,860,487.86,9,0.2
1349,647,467.74,5,0.2
1349,65,261.62,6,0.1
1349,258,454.54,10,0.05
1349,645,180.77,5,0.05
1349,275,414.61,9,0.15
1350,271,338.15,4,0.2
1350,613,446.37,3,0.1
1350,435,103.08,6,0.2
1351,329,264.86,2,0.1
1351,210,322.91,4,0.2
1351,818,397.07,6,0.05
1351,474,444.76,8,0.1
1351,596,130.36,8,0.1
1352,471,306.93,5,0.0
1352,551,483.59,9,0.15
1352,350,11.6,4,0.1
1352,150,464.62,8,0.2
1352,261,295.96,5,0.2
1353,431,317.78,8,0.2
1353,204,62.96,7,0.15
1353,273,163.44,3,0.05
1353,53,70.23,1,0.0
1353,438,425.12,5,0.0
1354,549,463.62,7,0.05
1354,275,29.57,10,0.0
1354,131,14.83,6,0.2
1354,803,362.59,5,0.15
1354,99,127.93,4,0.2
1355,585,183.24,4,0.05
1355,770,21.25,10,0.1
1355,274,383.55,3,0.15
1355,951,109.54,10,0.0
1355,566,477.69,2,0.2
1356,998,56.88,7,0.05
1356,277,128.59,10,0.05
1356,829,447.02,4,0.1
1356,498,62.62,4,0.1
1356,128,223.24,10,0.15
1357,219,50.18,8,0.15
1357,238,83.69,7,0.2
1357,103,377.84,1,0.2
1357,868,384.88,4,0.15
1358,809,167.82,8,0.2
1358,897,311.66,8,0.2
1358,537,110.68,3,0.0
1358,351,304.47,7,0.05
1359,213,208.5,4,0.1
1359,224,450.24,7,0.2
1359,322,440.09,1,0.2
1359,362,129.6,2,0.15
1360,399,290.11,6,0.15
1361,503,223.78,8,0.15
1362,448,134.91,4,0.1
1363,934,87.47,4,0.2
1363,267,326.05,10,0.2
1363,491,406.97,1,0.15
1364,50,54.09,3,0.0
1364,779,311.57,9,0.0
1364,235,132.69,9,0.1
1365,153,223.59,3,0.05
1365,301,210.64,3,0.2
1365,146,42.72,2,0.2
1365,880,35.55,3,0.1
1366,482,125.76,4,0.2
1366,965,359.14,2,0.0
1366,434,141.83,3,0.2
1366,917,70.83,8,0.2
1366,172,382.82,3,0.05
1367,955,169.48,3,0.1
1367,192,261.49,1,0.2
1367,252,257.21,1,0.15
1367,806,76.13,1,0.15
1367,9,86.4,3,0.05
1368,855,236.58,8,0.05
1368,377,358.0,4,0.05
1368,588,323.67,1,0.0
1368,802,491.6,3,0.0
1368,286,150.73,9,0.15
1369,564,445.51,8,0.2
1369,555,183.43,10,0.2
1369,744,361.99,7,0.1
1369,414,266.5,7,0.05
1370,879,111.38,10,0.1
1370,512,422.55,2,0.2
1370,130,453.04,7,0.15
1370,825,156.76,1,0.1
1370,38,248.74,1,0.05
1371,794,230.47,10,0.05
1371,654,328.04,5,0.15
1371,769,129.8,1,0.05
1371,151,452.8,5,0.15
1372,478,442.37,8,0.05
1372,730,213.74,1,0.05
1372,477,474.39,2,0.1
1372,381,193.28,6,0.15
1373,909,48.28,5,0.1
1373,670,412.34,9,0.15
1373,894,29.86,8,0.0
1373,444,182.72,4,0.1
1374,170,358.44,5,0.0
1374,12,22.09,4,0.2
1374,104,191.92,8,0.15
1374,150,173.68,10,0.15
1374,763,179.99,6,0.1
1375,53,296.95,8,0.15
1375,821,222.37,9,0.0
1375,530,336.5,9,0.2
1376,69,195.18,8,0.1
1376,992,80.54,4,0.0
1376,158,312.27,5,0.15
1376,956,117.92,1,0.1
1376,845,15.94,3,0.05
1377,583,414.7,3,0.15
1377,199,278.06,5,0.05
1377,428,10.28,2,0.05
1377,819,430.83,5,0.15
1378,225,239.47,3,0.15
1379,82,338.01,6,0.2
1380,872,478.7,10,0.2
1380,481,278.48,6,0.1
1380,979,268.09,10,0.2
1381,826,449.33,4,0.0
1381,609,222.6,5,0.1
1381,797,470.57,5,0.15
1382,53,402.82,5,0.0
1382,975,413.79,9,0.05
1382,606,423.8,4,0.05
1382,308,237.53,3,0.0
1383,518,215.45,6,0.1
1383,372,49.75,3,0.2
1383,423,245.78,2,0.1
1383,761,463.8,1,0.15
1383,410,208.9,7,0.05
1384,485,191.49,5,0.05
1384,32,248.39,8,0.15
1384,342,298.33,7,0.15
1384,961,426.23,5,0.05
1385,824,170.3,7,0.0
1385,169,59.32,2,0.0
1385,345,83.52,7,0.15
1385,164,449.32,3,0.0
1385,613,11.02,3,0.0
1386,299,189.72,6,0.2
1386,864,52.88,3,0.1
1387,103,50.35,1,0.2
1387,40,10.1,4,0.05
1387,597,449.56,8,0.0
1388,608,420.06,2,0.2
1388,299,149.38,2,0.15
1388,631,307.02,5,0.05
1389,99,149.01,7,0.1
1389,509,335.85,8,0.15
1389,622,185.79,9,0.1
1389,230,153.89,7,0.15
1389,706,405.41,4,0.1
1390,216,82.87,3,0.0
1390,247,48.93,10,0.0
1390,473,82.36,8,0.05
1391,741,148.41,6,0.1
1391,76,293.84,8,0.15
1392,126,471.86,9,0.2
1392,953,158.25,4,0.15
1392,660,331.53,6,0.05
1392,685,201.49,6,0.0
1393,33,422.15,5,0.15
1394,833,237.12,7,0.1
1394,510,230.31,6,0.15
1395,982,287.62,3,0.0
1395,938,435.9,3,0.1
1395,770,213.74,8,0.1
1396,44,78.77,9,0.2
1396,906,252.73,5,0.05
1397,428,387.72,6,0.1
1397,40,402.1,6,0.1
1398,108,246.57,9,0.05
1399,152,343.37,9,0.1
1399,341,270.13,9,0.2
1400,949,475.41,1,0.15
1400,627,482.43,10,0.2
1400,202,152.19,8,0.0
1400,446,149.4,1,0.15
1400,789,298.77,2,0.15
1401,952,308.29,4,0.1
1401,475,419.05,4,0.15
1401,937,139.7,1,0.05
1401,906,337.53,10,0.1
1402,272,29.87,8,0.05
1402,5,204.52,7,0.0
1402,544,479.73,5,0.2
1402,235,409.07,9,0.15
1403,514,435.59,5,0.2
1404,509,494.55,4,0.2
1405,295,463.56,7,0.2
1405,799,365.6,3,0.2
1405,119,331.49,1,0.15
1405,876,49.04,4,0.15
1405,241,20.14,3,0.1
1406,674,339.19,7,0.05
1406,300,453.92,4,0.05
1407,100,151.5,9,0.2
1407,784,323.12,2,0.05
1407,955,437.88,1,0.05
1408,798,387.47,5,0.05
1409,784,231.13,2,0.2
1410,477,311.04,2,0.1
1410,524,396.61,6,0.05
1410,126,200.06,4,0.2
1410,493,473.02,1,0.2
1410,685,404.14,2,0.0
1411,150,88.57,9,0.05
1411,351,244.56,6,0.0
1412,874,380.81,2,0.2
1412,399,390.17,7,0.05
1412,812,92.09,10,0.15
1413,766,121.11,8,0.2
1413,715,387.71,7,0.1
1413,69,324.84,4,0.0
1413,1000,27.83,4,0.0
1413,763,289.76,1,0.1
1414,426,13.64,6,0.15
1414,768,51.76,2,0.2
1414,858,265.05,2,0.2
1415,485,281.26,9,0.1
1415,507,68.68,1,0.1
1416,320,412.86,5,0.0
1416,550,430.74,1,0.1
1417,713,409.69,3,0.1
1417,265,176.57,7,0.0
1418,373,156.91,1,0.0
1418,77,490.81,6,0.05
1418,511,358.78,3,0.2
1418,316,305.42,2,0.1
1418,757,65.55,5,0.1
1419,910,292.44,10,0.0
1419,127,123.44,5,0.1
1419,188,422.32,9,0.2
1420,832,359.28,10,0.2
1421,929,155.8,7,0.0
1421,566,162.83,7,0.0
1421,674,332.37,5,0.0
1422,71,475.0,10,0.0
1422,97,62.35,8,0.0
1423,829,62.38,3,0.2
1423,370,470.43,4,0.0
1423,416,173.69,3,0.2
1423,555,353.34,2,0.0
1424,224,92.99,9,0.05
1424,747,494.93,1,0.2
1424,726,438.79,10,0.05
1424,130,251.4,4,0.0
1425,217,104.31,9,0.1
1425,628,178.69,7,0.2
1425,683,211.66,10,0.1
1425,398,141.99,10,0.0
1426,262,10.71,2,0.15
1426,664,299.46,5,0.05
1426,620,292.54,10,0.0
1426,510,483.92,4,0.05
1427,237,499.09,1,0.0
1428,137,480.11,10,0.0
1428,989,329.41,2,0.0
1428,224,212.54,6,0.05
1428,284,229.07,3,0.0
1429,333,333.16,5,0.15
1429,421,334.93,3,0.05
1429,388,200.71,4,0.05
1430,501,33.98,1,0.15
1430,972,237.16,1,0.0
1430,281,376.68,9,0.1
1430,448,109.88,2,0.1
1431,291,96.76,1,0.15
1431,287,394.99,9,0.0
1432,466,230.18,5,0.15
1432,357,482.12,5,0.05
1432,311,245.37,8,0.05
1432,660,18.4,4,0.15
1432,230,198.45,9,0.2
1433,113,363.41,9,0.1
1433,275,348.05,5,0.2
1434,765,40.85,2,0.05
1434,414,450.4,5,0.05
1434,21,381.29,9,0.2
1435,819,317.48,9,0.0
1435,947,83.06,1,0.1
1435,543,386.56,9,0.15
1435,944,288.3,1,0.15
1435,188,104.78,2,0.1
1436,258,297.23,7,0.2
1436,713,286.96,6,0.0
1436,824,196.16,10,0.05
1436,279,446.23,6,0.0
1437,366,128.17,6,0.15
1437,483,121.51,9,0.0
1437,778,347.97,2,0.2
1438,237,434.61,4,0.15
1438,421,212.06,2,0.0
1439,452,115.12,6,0.0
1439,736,27.94,1,0.2
1439,139,210.48,5,0.2
1439,227,446.0,4,0.0
1439,756,177.0,4,0.2
1440,96,404.65,10,0.2
1441,46,347.61,9,0.05
1441,488,332.08,1,0.15
1442,815,444.86,2,0.0
1442,422,256.81,4,0.2
1443,1,180.99,6,0.15
1443,438,282.58,3,0.0
1443,714,372.06,10,0.0
1444,198,86.91,1,0.05
1444,177,105.97,4,0.05
1444,843,74.99,8,0.0
1445,232,67.76,4,0.1
1445,634,317.29,5,0.15
1445,138,85.43,2,0.05
1445,33,242.13,1,0.05
1446,36,345.38,7,0.0
1446,546,51.57,3,0.05
1446,180,45.87,7,0.0
1447,235,140.41,9,0.2
1447,717,443.08,9,0.2
1447,833,450.5,10,0.1
1447,171,444.33,3,0.2
1448,677,218.19,10,0.15
1448,581,146.8,5,0.2
1448,221,114.93,1,0.05
1448,977,208.85,7,0.2
1448,460,237.79,2,0.2
1449,816,350.31,1,0.05
1450,973,203.36,10,0.05
1450,878,35.89,3,0.2
1450,116,439.14,3,0.05
1450,574,454.92,9,0.2
1450,491,276.4,2,0.05
1451,566,55.83,5,0.1
1451,86,278.96,3,0.0
1451,348,219.58,4,0.05
1451,538,403.41,4,0.0
1451,551,263.8,10,0.15
1452,433,363.25,9,0.0
1453,472,145.39,6,0.0
1453,169,26.22,1,0.0
1453,698,389.9,1,0.0
1454,331,90.81,10,0.0
1455,705,103.31,2,0.15
1456,664,376.75,10,0.0
1456,381,362.42,6,0.1
1456,59,195.73,2,0.2
1456,807,326.35,5,0.1
1456,646,88.04,9,0.05
1457,685,250.66,2,0.05
1457,591,96.11,5,0.2
1457,553,314.61,1,0.1
1457,489,195.93,1,0.2
1457,295,223.0,1,0.0
1458,51,130.35,6,0.1
1458,3,53.46,9,0.1
1458,678,269.72,7,0.15
1458,268,285.87,4,0.15
1458,908,83.14,5,0.2
1459,330,334.05,6,0.1
1459,379,412.57,10,0.15
1460,566,360.0,8,0.0
1461,213,429.45,9,0.15
1461,247,312.86,1,0.2
1461,421,391.52,9,0.05
1461,617,71.63,1,0.1
1462,951,69.98,7,0.1
1463,128,371.87,5,0.1
1463,912,481.45,3,0.2
1463,570,474.74,8,0.05
1463,938,262.68,7,0.05
1463,542,268.88,2,0.15
1464,249,42.11,7,0.2
1464,159,342.17,3,0.2
1464,690,290.0,5,0.15
1465,163,440.93,3,0.1
1465,22,363.9,9,0.15
1465,249,114.8,5,0.1
1466,474,437.99,7,0.1
1467,161,193.1,5,0.0
1467,364,101.43,4,0.1
1467,969,176.57,3,0.1
1467,769,103.92,1,0.0
1468,387,147.1,5,0.2
1468,316,292.1,9,0.2
1468,422,458.97,1,0.05
1468,812,368.08,6,0.05
1469,715,491.33,6,0.05
1469,513,238.18,1,0.1
1469,532,28.4,1,0.1
1469,183,127.02,4,0.05
1469,851,485.17,6,0.05
1470,264,69.87,4,0.05
1470,602,404.91,2,0.0
1470,323,358.54,8,0.2
1470,905,238.56,2,0.2
1470,726,33.68,4,0.05
1471,94,116.22,7,0.1
1471,647,499.73,1,0.15
1471,696,428.86,2,0.0
1471,203,459.88,10,0.2
1471,505,253.37,6,0.15
1472,473,480.76,7,0.2
1473,914,112.26,1,0.0
1473,9,297.18,6,0.15
1473,11,64.89,3,0.2
1473,934,266.7,1,0.05
1473,190,347.31,6,0.15
1474,271,489.71,2,0.15
1474,747,459.17,10,0.05
1474,291,201.96,10,0.1
1474,843,75.62,1,0.0
1475,619,70.36,9,0.2
1475,73,150.55,9,0.1
1475,828,120.66,7,0.2
1476,352,78.25,7,0.05
1476,859,93.59,3,0.05
1476,28,307.22,9,0.05
1476,601,46.02,8,0.1
1477,346,55.19,1,0.1
1477,429,73.73,9,0.15
1477,79,470.93,1,0.1
1478,797,398.1,4,0.15
1479,439,374.44,9,0.0
1479,446,67.09,3,0.15
1479,990,392.35,1,0.0
1479,810,472.49,1,0.2
1480,370,204.94,10,0.0
1480,400,410.9,1,0.15
1481,702,45.61,4,0.0
1481,467,476.87,4,0.1
1482,365,220.6,9,0.05
1482,54,223.76,2,0.15
1482,838,316.93,8,0.15
1483,660,492.12,5,0.1
1483,925,377.34,1,0.0
1483,147,128.63,9,0.0
1483,637,398.97,8,0.05
1483,216,177.88,4,0.15
1484,755,32.6,4,0.1
1484,916,311.11,2,0.0
1484,542,60.21,6,0.15
1484,140,348.64,1,0.2
1484,418,412.91,9,0.1
1485,595,150.02,3,0.0
1485,725,360.18,8,0.1
1485,67,295.62,3,0.15
1485,823,380.55,10,0.2
1485,297,471.87,7,0.2
1486,828,155.24,9,0.2
1486,385,382.15,8,0.0
1486,891,445.68,5,0.05
1486,800,272.28,6,0.2
1486,673,198.21,10,0.05
1487,339,60.44,1,0.2
1487,579,444.8,10,0.2
1488,977,446.36,2,0.05
1488,180,421.2,4,0.1
1489,795,220.64,10,0.2
1489,993,480.71,1,0.15
1490,717,205.02,2,0.15
1490,24,384.26,1,0.15
1490,572,95.22,4,0.1
1490,485,285.21,4,0.2
1490,159,307.3,6,0.2
1491,666,475.53,3,0.2
1491,250,380.94,5,0.0
1491,921,449.65,7,0.0
1492,924,287.47,7,0.1
1492,712,24.67,3,0.15
1493,782,222.73,5,0.0
1493,368,393.96,7,0.2
1493,558,195.37,7,0.0
1493,693,462.5,4,0.0
1493,151,285.28,7,0.0
1494,785,405.54,6,0.2
1494,195,175.06,2,0.1
1495,796,205.35,3,0.05
1495,274,297.93,5,0.2
1496,642,428.77,3,0.15
1496,921,378.64,1,0.0
1496,42,337.18,9,0.15
1497,401,499.24,2,0.15
1497,930,256.91,2,0.0
1497,907,337.47,10,0.1
1497,399,413.54,1,0.0
1497,65,473.22,7,0.2
1498,627,327.66,2,0.1
1499,75,232.04,3,0.2
1499,879,105.99,10,0.15
1499,756,324.62,3,0.0
1499,330,367.69,4,0.1
1499,56,142.36,8,0.15
1500,614,38.51,8,0.05
1500,289,365.75,7,0.05
1500,401,302.19,6,0.0
1500,167,282.18,2,0.15
1501,945,491.17,10,0.2
1501,394,42.73,5,0.0
1501,946,204.67,9,0.2
1501,49,138.77,4,0.05
1502,465,53.7,3,0.1
1502,238,185.36,3,0.05
1503,938,63.27,9,0.0
1503,985,237.48,4,0.05
1503,411,342.24,2,0.2
1504,1,65.18,7,0.05
1504,389,414.33,6,0.05
1505,508,179.03,2,0.05
1505,560,116.94,2,0.2
1505,588,155.4,5,0.2
1505,1000,34.1,3,0.2
1506,49,203.84,9,0.0
1506,145,486.81,2,0.15
1506,885,144.94,1,0.05
1507,210,59.79,8,0.2
1507,699,63.06,3,0.15
1507,257,373.05,8,0.2
1507,852,93.46,3,0.0
1508,854,89.12,2,0.15
1509,550,104.76,9,0.15
1509,848,94.09,9,0.1
1509,187,369.93,8,0.2
1509,105,224.59,7,0.05
1509,644,438.62,9,0.05
1510,869,262.5,9,0.1
1511,30,377.63,1,0.15
1511,347,394.95,10,0.2
1511,235,362.4,7,0.15
1511,587,343.57,2,0.15
1512,717,469.72,4,0.15
1512,63,263.96,3,0.0
1512,413,188.89,1,0.15
1512,882,274.9,2,0.05
1513,230,181.16,3,0.0
1513,645,496.15,6,0.0
1514,553,61.4,5,0.15
1514,459,289.02,2,0.2
1514,960,329.14,3,0.0
1515,143,233.8,10,0.0
1515,336,283.19,9,0.1
1515,582,125.26,10,0.2
1515,408,275.51,9,0.0
1515,993,477.01,3,0.0
1516,818,306.53,4,0.2
1516,35,222.24,10,0.1
1516,975,258.61,5,0.05
1517,904,424.61,10,0.2
1517,621,281.24,2,0.0
1517,346,148.95,8,0.2
1518,469,27.54,8,0.0
1518,986,184.9,3,0.05
1518,830,448.65,7,0.15
1518,770,201.34,4,0.2
1518,935,386.86,3,0.0
1519,463,482.13,2,0.15
1519,282,252.5,9,0.15
1519,390,198.39,3,0.2
1519,799,291.55,7,0.2
1519,80,253.64,3,0.05
1520,529,252.01,1,0.2
1520,591,165.94,9,0.0
1520,201,205.31,3,0.05
1521,54,442.68,6,0.15
1521,713,196.66,10,0.1
1521,276,345.95,10,0.0
1522,690,71.16,5,0.2
1523,798,177.89,6,0.1
1523,765,133.09,9,0.15
1524,608,182.98,10,0.1
1524,404,100.99,4,0.05
1524,201,344.93,10,0.1
1524,144,396.87,4,0.05
1525,984,60.52,7,0.05
1525,924,137.76,6,0.05
1525,946,271.19,6,0.15
1525,587,97.17,6,0.15
1525,957,92.16,10,0.05
1526,969,350.35,6,0.2
1526,604,307.89,6,0.0
1526,227,119.54,9,0.0
1526,890,284.37,7,0.1
1527,27,249.92,5,0.15
1527,975,475.29,9,0.1
1527,662,17.66,6,0.15
1528,845,13.73,5,0.2
1528,268,68.79,9,0.2
1528,230,46.51,2,0.15
1529,496,418.18,6,0.2
1529,169,125.65,1,0.0
1529,49,420.9,4,0.15
1529,204,160.71,6,0.1
1529,535,232.3,6,0.1
1530,110,367.18,6,0.2
1530,222,444.19,7,0.15
1531,100,427.26,1,0.0
1531,244,480.3,5,0.05
1531,818,351.59,2,0.1
1531,437,475.69,2,0.0
1531,459,390.4,3,0.15
1532,631,351.08,9,0.15
1532,542,285.13,10,0.05
1532,971,381.3,1,0.1
1532,125,186.88,4,0.2
1533,572,89.77,3,0.1
1533,878,283.13,7,0.15
1533,786,38.6,6,0.2
1533,357,258.16,8,0.2
1533,412,226.68,5,0.05
1534,505,175.57,6,0.1
1534,724,275.26,6,0.2
1535,988,165.49,10,0.1
1535,373,97.11,3,0.1
1535,816,479.42,2,0.0
1535,888,408.08,7,0.1
1536,140,466.96,1,0.0
1537,160,402.79,6,0.05
1538,663,125.85,2,0.1
1538,900,435.56,2,0.05
1538,238,12.73,6,0.15
1538,75,26.56,4,0.15
1538,982,282.22,3,0.0
1539,311,264.71,10,0.15
1539,292,199.05,10,0.15
1539,872,80.6,4,0.15
1540,921,362.49,5,0.15
1540,653,83.36,1,0.05
1540,808,189.48,9,0.05
1540,452,460.43,5,0.05
1541,539,117.03,3,0.2
1542,755,75.53,2,0.05
1543,622,440.55,1,0.1
1543,147,315.79,1,0.15
1544,907,54.03,4,0.15
1545,502,361.6,8,0.1
1545,164,21.87,3,0.15
1545,209,207.97,2,0.15
1546,806,450.93,8,0.15
1546,186,167.22,6,0.2
1547,496,85.83,10,0.0
1547,139,169.46,10,0.0
1547,389,260.35,8,0.15
1548,247,279.19,3,0.15
1548,748,480.57,8,0.05
1548,105,41.03,4,0.05
1548,402,227.02,4,0.2
1548,55,331.14,3,0.0
1549,187,292.56,10,0.2
1549,177,114.91,7,0.05
1549,159,478.12,7,0.1
1550,78,279.82,4,0.05
1550,656,169.3,6,0.05
1550,311,396.78,9,0.05
1550,242,166.9,5,0.1
1550,567,214.76,8,0.15
1551,225,152.02,1,0.2
1551,166,172.99,5,0.2
1551,828,407.27,8,0.2
1551,403,360.59,2,0.05
1552,619,295.31,1,0.05
1552,845,289.81,8,0.0
1552,869,89.42,6,0.05
1552,882,336.69,10,0.15
1553,933,250.26,6,0.05
1553,510,293.99,9,0.2
1553,737,129.08,3,0.0
1553,116,408.04,2,0.05
1553,220,398.68,7,0.0
1554,193,140.0,9,0.15
1554,178,307.22,8,0.2
1554,39,256.7,10,0.15
1554,905,181.16,4,0.1
1554,46,337.0,6,0.05
1555,653,203.23,1,0.0
1555,548,108.98,5,0.1
1556,945,326.25,10,0.2
1556,398,167.16,8,0.0
1557,856,477.51,10,0.0
1557,893,21.19,3,0.2
1557,167,92.07,10,0.1
1558,95,158.37,8,0.1
1559,198,456.71,10,0.15
1559,59,496.17,2,0.05
1559,627,346.52,8,0.0
1559,844,308.26,2,0.05
1559,202,204.93,3,0.05
1560,213,87.13,8,0.15
1561,771,66.43,2,0.0
1561,677,65.23,7,0.0
1561,143,73.46,3,0.0
1561,55,69.27,1,0.15
1562,741,334.24,9,0.15
1562,352,466.88,4,0.2
1563,38,290.22,7,0.15
1563,301,175.28,9,0.0
1564,467,439.67,5,0.2
1564,667,60.78,5,0.05
1565,93,149.38,9,0.15
1566,144,292.45,6,0.05
1566,945,83.56,5,0.15
1566,346,73.12,10,0.05
1566,881,353.31,6,0.1
1566,9,363.57,2,0.0
1567,733,288.75,6,0.05
1567,683,391.82,10,0.15
1568,795,57.61,8,0.0
1569,283,217.69,6,0.2
1569,196,170.05,6,0.15
1570,781,113.89,1,0.1
1570,947,471.34,3,0.0
1570,134,79.01,8,0.0
1571,127,244.86,9,0.15
1571,371,146.19,3,0.2
1571,629,313.52,8,0.0
1571,166,221.3,10,0.0
1572,234,147.89,2,0.1
1572,134,166.52,3,0.0
1572,130,118.7,5,0.0
1572,881,132.35,2,0.0
1573,372,253.23,8,0.1
1573,930,217.36,5,0.2
1573,927,41.79,8,0.2
1573,416,341.76,6,0.1
1573,980,149.67,3,0.05
1574,492,77.06,5,0.15
1574,862,222.75,2,0.0
1574,109,281.92,2,0.2
1575,40,111.54,7,0.2
1576,103,205.33,2,0.15
1576,461,89.32,9,0.0
1577,14,338.4,8,0.0
1577,530,82.58,1,0.0
1577,100,487.36,1,0.15
1577,832,51.37,9,0.0
1577,745,210.21,2,0.05
1578,474,359.18,6,0.0
1579,833,436.41,6,0.2
1580,504,402.5,3,0.0
1580,308,354.99,1,0.0
1580,205,286.91,3,0.1
1581,881,218.7,7,0.2
1581,541,134.34,1,0.05
1581,693,69.04,1,0.1
1581,364,107.49,4,0.2
1581,458,207.26,8,0.1
1582,911,82.97,6,0.2
1582,404,41.4,4,0.05
1582,448,352.74,8,0.0
1582,843,25.72,5,0.15
1583,436,171.86,10,0.0
1583,103,380.0,2,0.0
1583,319,229.0,8,0.15
1583,989,70.92,5,0.0
1584,767,331.0,10,0.05
1585,787,360.3,5,0.2
1585,965,11.48,4,0.0
1585,566,165.17,3,0.0
1585,70,135.21,10,0.2
1585,841,28.57,10,0.1
1586,842,393.83,9,0.15
1586,509,323.05,2,0.05
1586,952,236.99,8,0.0
1586,935,408.7,7,0.2
1586,405,282.71,5,0.0
1587,930,82.74,8,0.1
1587,392,476.75,8,0.15
1587,979,289.8,4,0.05
1587,102,417.15,6,0.15
1588,216,347.55,9,0.2
1588,755,301.61,10,0.2
1589,626,228.57,1,0.0
1590,170,425.58,3,0.0
1590,905,115.03,1,0.2
1590,442,235.76,9,0.05
1591,92,211.26,3,0.0
1592,98,451.95,9,0.0
1592,871,125.25,10,0.2
1592,954,261.35,9,0.2
1593,923,50.92,8,0.0
1593,151,368.17,9,0.2
1593,919,316.72,5,0.2
1593,115,24.96,2,0.2
1594,916,77.74,2,0.15
1594,267,473.93,6,0.2
1594,312,261.44,4,0.2
1594,548,491.6,9,0.1
1595,955,40.24,1,0.1
1595,12,274.65,7,0.15
1595,553,166.9,2,0.05
1595,177,422.64,7,0.2
1596,307,301.88,2,0.0
1597,524,254.85,10,0.1
1597,913,397.82,10,0.15
1598,926,378.56,10,0.15
1598,517,335.65,1,0.1
1598,155,31.14,6,0.05
1598,475,359.56,5,0.0
1598,744,397.16,7,0.0
1599,438,450.8,4,0.05
1599,46,248.88,9,0.2
1599,507,119.82,7,0.1
1600,798,466.19,10,0.15
1601,300,32.13,10,0.15
1601,656,353.99,5,0.2
1602,393,139.77,10,0.15
1602,560,22.55,8,0.2
1602,255,163.07,2,0.15
1602,738,15.69,9,0.1
1603,396,79.75,6,0.2
1604,846,209.25,9,0.2
1604,646,71.28,9,0.2
1605,273,206.06,9,0.05
1605,548,310.9,7,0.05
1606,405,495.39,9,0.15
1606,492,304.95,2,0.15
1606,155,20.81,2,0.0
1607,76,65.34,4,0.1
1607,220,333.98,10,0.05
1607,850,499.3,4,0.15
1608,239,114.54,7,0.0
1609,192,459.99,6,0.2
1609,255,260.41,7,0.1
1609,45,392.08,1,0.05
1610,929,377.73,8,0.05
1610,980,138.47,10,0.0
1610,286,220.17,1,0.05
1611,281,287.94,7,0.0
1611,29,240.32,8,0.0
1611,807,388.48,3,0.1
1612,552,30.5,9,0.0
1612,587,434.49,8,0.2
1612,772,81.28,5,0.0
1612,560,227.0,7,0.2
1612,646,425.42,2,0.05
1613,638,203.31,7,0.1
1613,190,277.5,10,0.2
1613,942,312.53,4,0.2
1614,714,162.69,9,0.15
1614,634,287.94,2,0.1
1614,563,176.74,5,0.1
1614,451,403.75,1,0.0
1615,629,76.04,10,0.05
1616,866,346.85,8,0.1
1617,714,196.93,1,0.1
1617,952,65.56,8,0.0
1618,700,417.94,9,0.2
1618,746,405.68,4,0.15
1618,64,164.05,7,0.05
1618,233,59.0,10,0.1
1619,382,195.7,1,0.0
1619,614,22.14,10,0.1
1619,58,405.43,5,0.2
1620,257,194.4,7,0.1
1620,184,394.9,9,0.2
1620,49,223.1,8,0.15
1620,301,34.5,7,0.1
1620,943,89.3,5,0.1
1621,886,227.12,9,0.0
1621,373,289.89,5,0.1
1621,502,482.73,4,0.2
1621,775,404.58,1,0.15
1622,249,393.29,5,0.15
1622,878,439.18,3,0.05
1623,345,63.12,6,0.2
1623,718,308.04,4,0.0
1623,297,14.49,7,0.05
1623,56,429.23,2,0.05
1624,302,482.01,8,0.15
1624,186,482.52,8,0.15
1625,411,164.84,2,0.15
1625,138,23.6,2,0.05
1625,783,147.66,2,0.0
1626,933,256.65,5,0.2
1626,996,400.47,7,0.0
1626,873,13.0,9,0.0
1627,486,298.52,7,0.15
1628,573,48.77,10,0.2
1628,131,442.41,6,0.15
1628,201,466.06,1,0.1
1628,896,228.6,7,0.1
1629,654,218.24,3,0.0
1629,832,460.57,1,0.05
1630,258,244.57,4,0.15
1630,235,179.4,10,0.15
1630,754,434.54,9,0.0
1630,778,235.99,6,0.05
1630,906,190.56,5,0.2
1631,318,70.47,9,0.05
1631,131,256.7,5,0.1
1632,49,472.84,5,0.1
1632,33,329.88,5,0.15
1632,693,175.88,3,0.05
1633,115,78.57,4,0.05
1634,293,385.02,8,0.2
1634,789,369.39,2,0.15
1634,551,224.81,7,0.05
1634,630,129.02,5,0.05
1635,174,417.98,9,0.15
1635,32,345.69,2,0.15
1635,197,183.28,1,0.2
1635,889,39.78,2,0.2
1636,986,134.92,4,0.0
1636,253,199.44,4,0.1
1636,847,362.4,9,0.05
1636,43,140.72,4,0.1
1637,903,15.79,2,0.2
1637,313,43.87,7,0.15
1638,518,42.81,7,0.1
1638,294,494.56,5,0.1
1638,527,134.65,6,0.1
1638,927,138.32,1,0.2
1639,840,440.71,2,0.15
1639,548,305.36,4,0.15
1640,110,380.27,6,0.05
1640,16,325.39,2,0.05
1640,658,272.95,9,0.2
1640,703,333.92,9,0.15
1640,667,403.91,10,0.2
1641,601,85.95,10,0.0
1641,541,159.98,6,0.15
1641,527,293.6,3,0.15
1641,796,61.28,8,0.05
1642,386,407.01,10,0.2
1642,239,376.37,7,0.1
1642,38,95.76,3,0.05
1643,665,265.52,4,0.2
1643,232,398.25,3,0.0
1643,607,492.81,9,0.15
1643,461,24.74,3,0.2
1643,167,112.94,3,0.2
1644,947,462.82,3,0.05
1644,51,69.35,2,0.0
1644,729,100.71,3,0.0
1644,592,17.98,9,0.15
1644,571,236.04,7,0.0
1645,932,24.6,10,0.2
1646,733,278.39,5,0.05
1646,396,192.61,2,0.1
1646,125,40.24,4,0.2
1646,12,151.79,6,0.05
1647,604,260.06,1,0.15
1648,432,385.55,9,0.05
1648,802,105.54,5,0.15
1648,770,434.51,10,0.1
1649,36,11.79,1,0.15
1650,938,410.51,5,0.1
1650,187,476.72,10,0.15
1650,4,224.39,2,0.1
1650,379,19.58,1,0.15
1651,996,216.82,2,0.0
1651,919,16.39,7,0.1
1651,685,156.55,2,0.0
1651,400,355.0,4,0.1
1652,828,229.04,6,0.0
1653,629,299.83,10,0.15
1653,838,30.56,10,0.0
1653,945,189.97,9,0.05
1653,939,220.65,9,0.05
1654,568,271.8,10,0.2
1654,145,314.7,3,0.15
1654,387,307.4,1,0.2
1655,553,283.43,9,0.2
1655,444,67.97,9,0.15
1656,75,299.77,3,0.1
1656,373,232.23,2,0.2
1656,32,232.69,7,0.0
1656,380,349.67,4,0.05
1656,823,20.92,2,0.05
1657,903,232.73,9,0.2
1657,719,283.94,3,0.15
1657,783,17.2,2,0.2
1657,368,428.84,10,0.1
1658,964,394.14,6,0.1
1658,75,260.14,2,0.15
1659,468,338.77,3,0.15
1659,298,155.43,10,0.05
1659,724,394.19,2,0.2
1659,93,339.76,9,0.05
1660,95,300.19,3,0.15
1660,624,140.47,3,0.05
1660,730,305.55,8,0.1
1661,602,356.5,5,0.1
1661,77,140.54,3,0.0
1661,461,413.42,6,0.1
1661,55,192.7,1,0.1
1661,831,223.21,9,0.05
1662,866,293.21,3,0.1
1663,851,18.85,1,0.0
1663,1,319.74,4,0.1
1663,728,210.9,1,0.15
1663,589,94.12,3,0.1
1664,182,284.4,6,0.1
1664,516,12.48,2,0.15
1664,167,264.88,9,0.05
1664,942,88.85,5,0.15
1665,93,496.91,2,0.15
1665,140,471.38,9,0.1
1666,494,42.3,6,0.2
1667,94,66.92,6,0.0
1668,183,63.51,2,0.1
1668,865,101.11,2,0.0
1668,475,374.5,4,0.15
1668,908,36.09,10,0.05
1668,827,107.81,1,0.15
1669,830,220.79,6,0.0
1670,980,247.09,2,0.2
1671,805,352.57,4,0.05
1671,320,400.75,9,0.15
1671,576,212.47,9,0.2
1671,729,114.54,7,0.1
1671,336,74.44,5,0.1
1672,785,369.02,10,0.2
1672,119,463.59,8,0.05
1672,424,404.34,9,0.0
1672,857,114.48,2,0.0
1673,341,182.38,9,0.2
1673,47,207.61,3,0.0
1673,158,239.45,5,0.05
1674,449,384.33,4,0.1
1674,263,436.96,3,0.15
1674,537,269.67,7,0.1
1675,446,104.94,9,0.05
1675,40,494.97,5,0.1
1675,764,466.16,9,0.05
1675,440,278.11,3,0.1
1675,459,402.1,7,0.1
1676,937,172.12,1,0.15
1676,142,409.99,5,0.0
1676,554,202.8,8,0.2
1676,49,174.43,2,0.1
1677,164,367.3,1,0.2
1677,211,26.67,6,0.1
1677,579,62.5,8,0.1
1677,188,368.0,10,0.0
1678,103,50.83,2,0.15
1678,974,391.67,7,0.0
1679,704,154.52,8,0.15
1679,20,36.45,3,0.05
1679,146,320.58,7,0.2
1679,337,191.77,4,0.1
1679,825,410.61,5,0.0
1680,1,50.52,3,0.05
1680,915,224.49,6,0.2
1681,893,15.18,7,0.0
1681,986,48.68,2,0.1
1681,61,115.15,3,0.1
1682,266,176.49,8,0.1
1682,451,31.47,8,0.0
1682,649,384.84,4,0.05
1682,912,237.21,9,0.0
1682,633,466.07,10,0.1
1683,936,122.99,2,0.0
1684,403,151.04,10,0.05
1685,792,109.6,10,0.0
1685,739,11.47,6,0.05
1685,13,469.47,4,0.15
1686,519,309.67,5,0.0
1687,556,156.95,10,0.0
1688,670,441.45,10,0.05
1688,345,480.32,6,0.1
1689,932,346.15,6,0.05
1689,383,32.4,7,0.0
1690,61,209.7,8,0.2
1691,14,219.95,9,0.0
1691,660,46.11,7,0.15
1691,20,243.98,1,0.05
1691,408,498.1,9,0.1
1691,585,350.25,3,0.05
1692,584,151.6,10,0.1
1692,869,432.33,1,0.0
1693,503,425.55,3,0.1
1693,470,170.76,4,0.05
1693,387,320.11,1,0.0
1693,777,251.68,7,0.1
1694,134,99.99,2,0.15
1694,921,273.25,3,0.2
1694,401,39.96,3,0.2
1695,225,118.45,6,0.0
1695,809,44.17,1,0.2
1696,659,448.56,7,0.0
1697,251,384.51,9,0.2
1697,6,457.63,9,0.1
1697,653,129.06,3,0.0
1698,394,202.37,4,0.05
1699,950,173.91,8,0.1
1699,7,379.58,10,0.2
1699,289,397.08,9,0.15
1699,918,168.41,10,0.05
1699,695,52.99,10,0.2
1700,320,123.16,4,0.15
1700,172,338.81,3,0.0
1700,405,443.52,3,0.15
1700,48,191.32,9,0.05
1701,262,236.35,8,0.0
1702,130,54.51,6,0.05
1702,2,120.57,9,0.0
1702,930,98.66,7,0.05
1702,456,58.5,10,0.05
1702,118,43.09,9,0.0
1703,587,346.33,10,0.0
1703,932,222.53,2,0.2
1703,501,223.9,9,0.1
1703,741,172.83,9,0.0
1703,5,367.86,6,0.2
1704,707,354.95,2,0.15
1704,997,282.45,1,0.0
1704,482,377.7,6,0.05
1704,172,244.59,10,0.05
1705,561,489.75,10,0.05
1706,931,403.82,5,0.1
1706,596,481.11,5,0.0
1706,492,332.1,9,0.05
1706,921,92.38,8,0.05
1706,177,10.6,3,0.2
1707,630,272.96,4,0.05
1707,302,334.62,3,0.0
1708,91,248.76,5,0.05
1708,285,368.26,9,0.0
1708,286,42.36,6,0.2
1709,728,72.0,1,0.05
1709,201,27.7,4,0.0
1709,718,145.73,3,0.05
1709,11,427.66,3,0.15
1709,690,254.03,3,0.0
1710,382,105.04,3,0.2
1710,736,55.83,6,0.0
1711,260,344.27,1,0.1
1711,406,360.47,10,0.05
1711,202,468.1,8,0.15
1711,3,235.2,7,0.2
1712,626,273.26,3,0.0
1713,668,89.33,10,0.0
1714,700,489.36,2,0.15
1714,905,156.28,10,0.0
1714,833,431.69,3,0.2
1714,703,377.05,9,0.05
1715,967,394.73,5,0.05
1716,841,202.02,3,0.2
1716,283,49.77,4,0.0
1716,69,215.7,1,0.2
1716,635,37.38,7,0.2
1716,397,443.55,7,0.15
1717,977,29.88,4,0.15
1717,772,465.63,2,0.2
1717,899,260.95,7,0.1
1717,913,187.22,5,0.2
1718,798,134.82,1,0.15
1718,782,483.0,7,0.05
1718,803,345.58,10,0.05
1719,582,178.46,5,0.2
1719,427,194.7,8,0.05
1720,867,198.82,7,0.0
1720,173,53.35,3,0.1
1721,805,336.08,6,0.2
1721,421,350.76,5,0.05
1722,696,262.2,9,0.0
1723,753,346.75,2,0.2
1723,505,465.85,3,0.05
1723,972,364.93,2,0.2
1723,609,289.74,7,0.1
1723,974,118.1,9,0.1
1724,909,362.88,5,0.15
1724,138,487.31,3,0.1
1725,374,270.5,4,0.05
1726,973,27.02,4,0.0
1726,208,48.56,6,0.2
1726,835,254.76,1,0.1
1727,379,391.4,7,0.2
1727,885,340.82,8,0.1
1727,479,400.07,7,0.2
1728,740,451.73,6,0.05
1728,791,186.64,4,0.15
1728,966,191.65,8,0.1
1729,396,390.69,7,0.0
1729,954,221.14,5,0.05
1729,746,48.75,6,0.1
1729,609,191.27,9,0.0
1730,341,459.36,5,0.2
1730,948,52.89,6,0.05
1730,859,382.6,10,0.05
1730,960,168.32,6,0.2
1730,634,196.83,5,0.15
1731,116,462.09,1,0.15
1731,874,436.36,5,0.05
1732,377,361.53,2,0.1
1732,796,98.98,2,0.1
1733,684,477.29,9,0.2
1734,254,449.66,7,0.0
1734,812,157.49,6,0.1
1735,736,37.36,10,0.15
1735,830,117.81,8,0.05
1736,985,454.66,1,0.0
1737,662,470.67,6,0.05
1737,703,79.62,2,0.0
1737,749,190.5,9,0.15
1737,125,55.27,9,0.1
1737,508,165.98,4,0.1
1738,757,222.14,9,0.15
1738,918,137.28,8,0.0
1738,181,65.09,4,0.05
1739,709,269.23,6,0.05
1740,927,236.77,3,0.2
1740,456,220.69,6,0.15
1741,200,11.67,5,0.0
1741,480,326.4,1,0.1
1742,834,466.89,2,0.0
1742,450,464.51,6,0.1
1743,675,84.47,3,0.05
1743,47,42.2,3,0.1
1743,38,236.93,4,0.0
1743,26,218.46,10,0.1
1743,943,121.09,10,0.0
1744,782,269.25,2,0.15
1744,408,496.79,1,0.05
1745,203,195.26,6,0.1
1746,531,201.48,1,0.2
1746,795,325.99,10,0.15
1747,353,362.38,10,0.1
1747,131,415.35,4,0.05
1748,174,323.57,8,0.05
1748,155,352.66,4,0.2
1749,623,427.9,4,0.1
1749,179,120.5,4,0.15
1749,2,219.14,9,0.1
1749,295,486.28,8,0.15
1749,373,54.9,1,0.2
1750,47,307.5,2,0.2
1750,524,405.39,4,0.15
1750,192,28.9,1,0.15
1750,399,71.09,7,0.0
1751,661,413.58,9,0.05
1751,866,447.54,9,0.2
1751,976,319.74,3,0.0
1752,683,223.02,5,0.2
1752,813,431.17,7,0.15
1752,863,108.15,8,0.1
1752,646,74.2,4,0.05
1753,146,89.08,9,0.0
1753,976,321.02,10,0.1
1754,158,495.29,10,0.05
1754,355,361.5,3,0.05
1754,574,369.78,6,0.15
1755,387,99.69,10,0.1
1756,381,34.16,7,0.05
1756,672,418.23,8,0.05
1757,876,327.4,9,0.0
1758,407,250.97,2,0.05
1758,701,13.09,6,0.05
1758,813,429.82,5,0.0
1759,332,45.15,7,0.05
1759,153,206.63,1,0.2
1759,14,394.43,7,0.05
1759,910,289.75,8,0.1
1759,676,199.2,6,0.1
1760,47,288.65,3,0.0
1760,371,190.46,7,0.1
1760,327,45.29,10,0.1
1760,258,171.67,5,0.0
1761,956,194.23,4,0.2
1761,687,167.31,9,0.15
1761,94,185.3,3,0.0
1761,591,243.81,1,0.05
1761,739,18.9,3,0.15
1762,683,44.85,8,0.0
1762,16,76.62,2,0.05
1763,76,290.07,7,0.2
1763,964,207.73,9,0.2
1763,207,327.16,7,0.0
1764,978,90.84,8,0.15
1764,536,123.35,10,0.05
1764,486,74.61,7,0.0
1764,221,235.59,6,0.2
1764,76,482.28,9,0.2
1765,665,126.24,4,0.2
1765,558,451.05,5,0.05
1765,431,66.49,2,0.15
1765,361,171.12,4,0.0
1766,689,174.09,4,0.0
1766,743,80.92,3,0.0
1766,805,297.19,6,0.0
1766,593,389.55,8,0.15
1766,653,143.42,5,0.2
1767,819,13.37,1,0.0
1767,944,78.74,9,0.15
1767,291,203.87,5,0.2
1767,492,336.04,7,0.15
1768,305,230.57,5,0.0
1768,587,215.7,4,0.15
1768,459,446.36,7,0.0
1768,608,135.9,6,0.0
1769,417,129.69,6,0.05
1770,204,199.2,5,0.2
1770,39,219.05,3,0.15
1770,603,226.28,2,0.2
1770,757,328.54,3,0.2
1771,229,350.41,10,0.15
1771,329,362.32,3,0.1
1771,211,181.38,3,0.2
1771,51,88.94,7,0.05
1772,307,163.87,5,0.2
1772,241,314.17,9,0.2
1772,81,384.09,10,0.15
1772,874,180.85,5,0.15
1773,254,379.32,5,0.05
1773,306,160.62,5,0.0
1773,996,397.94,5,0.2
1773,339,69.44,10,0.2
1774,251,355.79,5,0.1
1774,772,293.38,5,0.05
1774,623,291.71,5,0.15
1774,249,139.26,9,0.2
1774,854,93.96,4,0.0
1775,337,364.25,4,0.2
1775,513,337.81,9,0.2
1775,431,295.49,5,0.0
1775,132,132.1,2,0.0
1775,620,498.88,10,0.15
1776,63,94.94,8,0.0
1776,708,244.68,5,0.2
1777,198,357.78,7,0.1
1777,294,174.97,10,0.05
1777,646,430.98,3,0.0
1778,11,157.87,10,0.15
1778,44,425.65,7,0.0
1779,741,119.49,1,0.0
1779,626,79.3,6,0.0
1780,798,109.98,8,0.1
1780,118,430.65,6,0.2
1781,402,317.72,8,0.0
1781,195,282.13,7,0.0
1781,339,462.12,10,0.05
1781,597,472.75,5,0.1
1781,346,280.75,4,0.1
1782,407,51.47,4,0.2
1782,398,279.86,1,0.05
1782,227,155.35,3,0.05
1783,162,76.51,4,0.05
1783,956,161.91,5,0.05
1783,687,139.91,4,0.0
1783,759,19.17,4,0.15
1784,426,402.49,7,0.2
1784,517,417.29,1,0.2
1784,760,397.82,6,0.05
1784,710,288.85,5,0.15
1784,691,379.1,1,0.05
1785,663,334.71,8,0.15
1786,66,102.28,1,0.1
1786,477,111.84,6,0.0
1786,270,86.03,9,0.1
1787,168,89.37,9,0.2
1788,433,98.78,6,0.05
1788,401,107.5,3,0.2
1788,347,497.07,10,0.05
1789,140,17.96,6,0.15
1790,111,122.56,4,0.05
1790,221,134.28,8,0.15
1790,210,43.18,2,0.15
1790,899,393.82,6,0.0
1790,11,224.39,7,0.05
1791,625,164.44,1,0.05
1791,356,146.22,6,0.05
1791,769,37.46,3,0.05
1791,834,370.01,9,0.1
1792,175,142.72,3,0.0
1792,241,72.26,5,0.15
1792,30,43.37,10,0.0
1792,222,54.52,3,0.05
1793,300,441.73,1,0.15
1793,54,409.02,7,0.1
1794,474,417.53,8,0.15
1794,748,167.35,5,0.15
1794,795,61.88,10,0.05
1794,982,463.57,1,0.15
1794,105,186.28,9,0.05
1795,894,342.04,3,0.1
1795,943,257.84,2,0.05
1795,452,86.22,10,0.0
1795,158,403.31,10,0.1
1795,808,198.79,9,0.1
1796,937,372.35,4,0.15
1796,520,132.06,4,0.15
1796,743,290.97,2,0.05
1797,134,51.42,1,0.0
1798,469,351.48,9,0.15
1798,990,405.6,10,0.0
1798,526,338.11,2,0.15
1798,43,428.98,8,0.1
1798,242,349.86,4,0.2
1799,361,298.0,10,0.2
1799,107,133.39,6,0.05
1800,326,63.6,2,0.05
1800,753,96.0,8,0.15
1800,908,376.73,4,0.05
1800,919,283.2,3,0.05
1800,783,20.52,5,0.05
1801,116,96.31,6,0.1
1801,385,299.64,7,0.05
1802,758,10.74,9,0.05
1802,754,109.15,5,0.1
1803,454,418.42,5,0.2
1803,899,421.9,8,0.2
1803,927,303.62,6,0.0
1804,476,91.44,6,0.2
1804,22,344.73,9,0.1
1804,824,44.97,6,0.05
1805,509,452.85,7,0.15
1805,264,320.98,4,0.05
1805,639,474.34,10,0.1
1805,719,212.92,5,0.05
1806,944,399.45,3,0.1
1806,510,287.95,1,0.15
1806,486,49.47,7,0.1
1806,327,275.94,3,0.2
1807,29,190.75,3,0.05
1807,670,300.34,2,0.0
1808,947,465.18,7,0.05
1808,886,30.6,10,0.1
1808,978,164.74,10,0.15
1809,447,237.0,3,0.15
1809,251,94.46,10,0.1
1810,44,194.72,6,0.1
1810,442,315.52,1,0.2
1811,100,364.69,4,0.2
1811,200,382.54,1,0.0
1811,210,143.58,9,0.05
1812,66,324.76,3,0.05
1812,839,56.24,3,0.0
1813,768,334.75,2,0.1
1813,304,273.78,7,0.2
1813,524,214.41,8,0.15
1814,916,384.15,2,0.2
1814,9,170.09,9,0.2
1814,107,38.66,5,0.1
1815,858,340.12,1,0.15
1815,857,97.05,9,0.15
1816,654,417.64,9,0.1
1816,538,390.21,7,0.15
1816,492,148.07,7,0.1
1816,251,389.78,2,0.2
1817,742,332.67,2,0.2
1817,133,79.05,7,0.05
1817,223,97.73,4,0.05
1817,304,18.38,2,0.0
1818,168,270.63,2,0.1
1818,627,369.04,9,0.2
1818,260,388.52,2,0.0
1819,884,414.44,7,0.2
1819,630,308.61,10,0.1
1819,458,291.93,9,0.0
1819,158,329.33,9,0.05
1820,754,279.28,1,0.05
1821,433,347.21,3,0.0
1821,420,40.57,6,0.05
1821,22,376.52,9,0.1
1821,756,104.76,7,0.05
1822,4,167.67,1,0.1
1823,277,444.29,4,0.2
1823,251,357.79,6,0.2
1824,948,422.8,10,0.05
1824,428,333.39,10,0.2
1825,62,231.04,9,0.15
1826,843,380.58,4,0.05
1826,469,96.88,9,0.05
1827,625,442.55,4,0.05
1827,915,409.13,7,0.0
1827,395,257.77,2,0.2
1827,690,457.39,7,0.05
1827,809,204.85,2,0.05
1828,566,63.24,2,0.05
1828,313,85.98,9,0.05
1828,989,108.55,4,0.2
1828,796,84.65,9,0.2
1829,358,101.55,10,0.0
1829,920,268.89,6,0.0
1830,976,198.96,1,0.15
1830,918,380.2,6,0.2
1830,494,91.85,9,0.2
1830,505,59.22,5,0.05
1831,637,72.44,10,0.15
1832,120,350.45,6,0.2
1832,472,215.31,9,0.05
1832,941,275.1,5,0.1
1832,516,333.76,3,0.0
1833,719,194.67,7,0.2
1833,401,198.39,3,0.2
1834,589,77.8,8,0.05
1834,850,160.94,9,0.2
1834,97,287.1,3,0.1
1835,229,338.87,1,0.15
1835,617,371.71,3,0.2
1835,280,432.21,1,0.15
1836,643,384.77,7,0.15
1836,487,299.23,5,0.0
1836,147,384.59,10,0.2
1837,497,281.09,10,0.15
1837,23,160.43,8,0.1
1837,576,283.98,10,0.2
1837,4,149.27,5,0.0
1838,199,158.11,7,0.15
1838,822,128.84,8,0.2
1838,623,472.42,6,0.05
1838,517,205.35,10,0.2
1838,868,406.13,2,0.15
1839,796,23.7,5,0.1
1839,599,14.84,10,0.05
1839,547,334.81,9,0.15
1840,335,482.78,2,0.0
1841,409,480.98,1,0.15
1841,143,206.11,9,0.2
1842,19,421.53,3,0.1
1843,854,387.38,1,0.2
1843,259,439.86,10,0.2
1843,368,103.08,1,0.1
1843,533,246.41,9,0.2
1843,107,126.11,10,0.15
1844,854,497.47,9,0.1
1844,876,213.84,4,0.0
1844,762,83.19,8,0.1
1845,49,10.31,1,0.1
1846,779,300.17,10,0.1
1846,696,326.07,1,0.1
1846,413,199.83,2,0.2
1846,105,137.92,10,0.05
1847,555,495.36,7,0.15
1847,681,289.05,9,0.15
1847,865,457.85,1,0.0
1847,919,270.1,3,0.15
1848,32,65.37,4,0.15
1849,910,33.33,5,0.1
1849,705,158.48,5,0.05
1849,126,304.71,1,0.15
1850,281,216.75,7,0.1
1850,682,90.77,1,0.15
1850,352,79.46,3,0.0
1850,978,168.57,6,0.2
1851,447,466.9,3,0.05
1851,894,470.08,3,0.0
1851,490,308.4,6,0.05
1851,141,115.57,5,0.15
1851,323,398.63,5,0.15
1852,492,158.75,5,0.1
1852,923,192.46,4,0.2
1852,399,224.17,3,0.0
1853,548,163.14,8,0.0
1853,231,485.03,5,0.1
1854,224,353.74,10,0.0
1854,105,11.63,4,0.15
1854,171,72.59,3,0.0
1855,952,361.39,8,0.05
1856,649,237.02,3,0.15
1856,994,388.48,9,0.2
1857,633,282.29,6,0.2
1857,355,169.11,3,0.2
1858,175,179.67,6,0.0
1858,698,208.98,9,0.1
1858,862,249.73,10,0.0
1859,69,35.59,1,0.1
1859,57,161.17,2,0.1
1859,345,229.64,5,0.1
1859,939,241.09,6,0.05
1860,791,224.8,9,0.1
1860,145,64.95,8,0.0
1860,305,184.64,5,0.2
1861,205,451.64,4,0.0
1861,267,173.35,8,0.2
1861,297,271.81,4,0.05
1861,868,71.16,4,0.15
1862,895,395.88,4,0.05
1863,941,28.34,8,0.2
1863,616,272.12,3,0.2
1863,187,43.48,3,0.15
1863,438,276.22,4,0.0
1863,959,149.77,9,0.15
1864,324,40.67,3,0.0
1864,701,228.13,5,0.15
1865,852,464.03,4,0.15
1865,677,407.96,9,0.0
1865,218,59.75,10,0.0
1866,436,102.12,5,0.15
1866,703,253.32,8,0.15
1866,490,373.73,3,0.2
1867,603,120.0,7,0.05
1867,955,297.95,10,0.1
1867,67,445.44,7,0.1
1867,318,486.12,6,0.0
1868,602,347.85,2,0.0
1868,589,270.81,9,0.1
1868,600,245.05,10,0.0
1868,810,270.33,4,0.1
1868,30,90.23,2,0.2
1869,420,150.87,5,0.15
1869,680,145.7,9,0.2
1869,535,155.79,10,0.15
1869,298,295.59,8,0.05
1869,927,284.91,6,0.15
1870,651,180.78,9,0.05
1870,728,473.27,2,0.2
1870,585,35.16,3,0.0
1871,764,274.02,2,0.05
1871,598,156.63,9,0.05
1871,474,323.26,8,0.0
1871,749,236.44,6,0.2
1872,307,171.08,2,0.1
1872,938,399.45,4,0.15
1872,989,253.21,3,0.2
1872,269,497.51,9,0.0
1872,948,50.67,4,0.0
1873,541,177.44,7,0.2
1873,515,65.9,2,0.2
1874,625,418.8,2,0.1
1874,504,473.18,6,0.2
1875,909,412.32,10,0.2
1876,854,228.19,10,0.0
1876,108,191.5,3,0.2
1877,947,118.3,6,0.0
1877,434,317.72,6,0.2
1877,600,273.85,1,0.15
1877,213,480.98,1,0.1
1878,130,203.34,2,0.0
1878,690,292.08,10,0.0
1879,255,479.68,9,0.05
1880,486,164.42,2,0.05
1880,315,364.52,1,0.2
1880,138,38.94,9,0.1
1880,662,414.91,2,0.2
1880,887,361.42,1,0.1
1881,63,156.68,8,0.05
1881,901,206.23,6,0.2
1881,139,253.13,7,0.15
1882,937,48.64,6,0.2
1882,451,363.11,7,0.2
1883,215,128.58,10,0.0
1883,362,355.11,6,0.2
1884,999,422.36,7,0.0
1884,895,189.69,5,0.15
1884,770,336.17,2,0.1
1885,841,248.8,3,0.1
1885,385,179.89,2,0.0
1885,246,196.12,4,0.15
1885,599,478.69,10,0.0
1886,859,456.4,8,0.15
1886,521,99.04,1,0.05
1887,609,210.83,6,0.05
1887,432,154.54,9,0.0
1887,785,195.08,5,0.1
1887,666,43.66,7,0.0
1887,388,27.13,2,0.2
1888,982,446.91,6,0.2
1888,972,437.37,5,0.15
1888,332,415.84,1,0.1
1888,650,482.03,1,0.05
1889,560,14.05,3,0.15
1889,2,215.65,7,0.05
1889,139,467.48,9,0.0
1889,503,139.02,5,0.1
1889,220,232.11,9,0.2
1890,607,399.18,1,0.2
1890,325,211.76,1,0.15
1891,412,431.68,10,0.0
1891,267,289.14,3,0.2
1891,712,272.92,5,0.2
1891,775,259.48,5,0.1
1892,115,126.19,6,0.2
1892,877,376.82,8,0.05
1892,724,424.47,2,0.15
1893,910,324.48,7,0.2
1893,202,480.33,2,0.0
1893,22,381.2,5,0.0
1894,313,112.05,9,0.2
1894,970,451.56,9,0.15
1895,562,227.16,6,0.2
1895,482,119.0,4,0.05
1896,291,16.82,5,0.0
1896,780,123.95,1,0.2
1896,487,16.1,2,0.1
1896,461,104.57,7,0.0
1897,559,203.99,6,0.1
1897,131,395.89,1,0.1
1898,671,425.22,4,0.0
1899,36,236.29,1,0.1
1899,742,381.4,2,0.0
1899,669,37.73,8,0.2
1899,365,421.04,5,0.0
1899,462,286.86,3,0.1
1900,800,279.91,2,0.0
1900,246,314.48,10,0.1
1900,861,58.41,3,0.05
1901,558,23.8,9,0.15
1901,975,84.0,7,0.1
1901,477,434.12,10,0.15
1902,188,192.87,8,0.1
1902,182,398.79,3,0.1
1903,272,417.87,4,0.05
1904,103,314.71,1,0.05
1904,111,159.68,9,0.15
1904,547,58.62,7,0.05
1904,849,34.63,1,0.05
1905,409,37.48,3,0.0
1905,460,25.58,6,0.05
1905,712,201.55,7,0.05
1905,669,44.34,6,0.05
1905,174,210.54,9,0.2
1906,11,176.09,8,0.2
1907,31,252.52,3,0.1
1907,62,478.1,10,0.0
1907,99,22.74,8,0.05
1908,473,26.96,8,0.05
1908,92,88.52,2,0.05
1908,195,274.86,7,0.2
1908,771,30.22,9,0.15
1908,798,443.45,7,0.15
1909,191,22.23,5,0.1
1909,123,436.37,5,0.15
1910,508,64.37,3,0.2
1911,486,418.77,8,0.1
1912,251,491.79,3,0.05
1912,417,382.19,5,0.05
1912,56,100.0,3,0.0
1913,16,115.19,10,0.1
1913,148,380.11,3,0.0
1913,351,295.84,5,0.15
1913,186,400.94,8,0.05
1914,632,99.49,6,0.1
1914,24,56.24,3,0.15
1914,214,210.4,8,0.2
1914,691,410.99,9,0.0
1915,277,179.02,6,0.2
1915,971,274.62,2,0.15
1916,135,61.83,10,0.0
1917,979,294.91,2,0.05
1917,953,404.66,9,0.15
1917,550,496.75,5,0.2
1918,907,219.7,9,0.15
1918,424,72.18,8,0.15
1918,262,499.57,1,0.2
1918,491,267.5,5,0.15
1918,570,136.82,9,0.05
1919,841,53.4,10,0.0
1919,674,290.22,8,0.1
1919,571,313.66,10,0.05
1919,1000,52.02,5,0.0
1920,414,289.93,9,0.05
1921,623,72.65,4,0.1
1921,986,490.03,5,0.2
1921,748,141.82,7,0.1
1921,641,230.03,1,0.2
1922,121,291.3,9,0.15
1922,230,166.09,7,0.05
1923,732,14.77,2,0.05
1923,877,107.66,8,0.05
1924,368,452.3,1,0.05
1925,3,20.1,9,0.2
1925,63,194.68,5,0.15
1926,246,12.37,9,0.2
1926,608,290.15,10,0.0
1926,114,69.45,2,0.15
1926,627,401.18,1,0.2
1927,394,288.18,3,0.05
1928,702,108.76,8,0.2
1928,507,339.89,10,0.15
1929,46,369.2,5,0.2
1929,398,494.61,2,0.2
1929,10,218.38,5,0.15
1929,555,130.02,1,0.0
1929,815,461.47,10,0.2
1930,701,222.94,2,0.05
1930,225,477.02,2,0.0
1930,256,266.46,2,0.1
1931,679,306.02,6,0.1
1932,514,290.93,5,0.05
1932,145,486.66,4,0.1
1932,778,404.41,1,0.0
1933,209,127.2,7,0.15
1933,332,24.69,6,0.15
1933,781,472.29,10,0.2
1934,291,354.99,7,0.15
1934,596,226.39,1,0.0
1934,912,38.69,3,0.1
1935,830,78.25,9,0.0
1936,156,261.54,10,0.1
1936,943,484.39,3,0.15
1936,142,78.96,9,0.1
1936,669,255.39,2,0.15
1936,228,138.42,6,0.05
1937,233,322.22,4,0.15
1937,809,162.67,4,0.1
1937,935,497.92,1,0.0
1937,368,154.38,3,0.2
1938,791,284.41,3,0.2
1939,110,346.44,2,0.05
1939,563,395.29,6,0.1
1939,119,286.59,5,0.15
1940,905,25.54,8,0.2
1941,225,139.61,7,0.0
1941,57,36.35,3,0.2
1942,535,234.56,1,0.0
1942,147,364.47,3,0.05
1943,582,495.2,7,0.0
1943,753,181.92,3,0.0
1944,970,193.39,8,0.15
1944,546,223.26,6,0.05
1944,733,478.3,5,0.1
1945,743,159.68,3,0.05
1945,48,489.45,7,0.05
1945,994,427.54,5,0.15
1945,897,414.36,1,0.0
1946,91,254.62,4,0.1
1946,341,250.99,3,0.1
1946,243,125.09,9,0.15
1946,8,50.71,7,0.2
1946,375,92.85,6,0.0
1947,846,337.41,3,0.15
1947,470,232.0,1,0.2
1948,868,199.84,6,0.15
1948,429,476.82,3,0.1
1948,721,491.95,10,0.15
1948,829,443.1,7,0.2
1949,523,397.15,5,0.15
1949,877,238.87,2,0.05
1949,865,293.31,4,0.1
1949,277,17.37,7,0.0
1950,311,487.04,3,0.05
1950,513,163.47,5,0.05
1950,580,160.72,5,0.15
1950,495,440.57,7,0.2
1950,309,84.66,2,0.05
1951,345,397.41,7,0.1
1952,756,135.82,3,0.0
1952,770,485.25,5,0.1
1952,365,324.98,2,0.0
1952,168,59.53,10,0.15
1952,366,389.31,9,0.2
1953,544,81.91,4,0.0
1954,240,341.81,5,0.2
1954,315,438.47,9,0.05
1954,231,364.77,9,0.2
1954,346,145.84,7,0.2
1955,415,208.52,1,0.1
1956,837,59.37,1,0.05
1957,165,409.44,6,0.1
1958,673,146.69,3,0.05
1958,768,432.96,2,0.15
1959,319,309.54,9,0.15
1960,844,473.52,8,0.05
1961,731,367.69,9,0.15
1962,60,109.29,1,0.05
1963,609,228.89,10,0.2
1964,935,405.72,1,0.0
1964,981,112.83,8,0.0
1964,51,127.94,8,0.0
1964,83,298.95,8,0.2
1964,92,213.32,2,0.15
1965,779,183.84,10,0.0
1965,963,363.66,5,0.0
1966,664,412.52,6,0.1
1966,292,461.42,2,0.0
1966,866,110.96,8,0.1
1966,652,119.49,9,0.05
1966,478,356.02,1,0.15
1967,572,341.24,8,0.2
1967,542,374.89,8,0.05
1968,614,121.08,2,0.15
1968,779,61.83,1,0.2
1968,58,348.23,2,0.2
1968,733,240.29,3,0.05
1969,694,440.77,10,0.15
1969,611,133.14,8,0.0
1970,203,29.76,7,0.2
1970,497,433.01,1,0.05
1970,347,401.15,9,0.0
1970,858,340.13,9,0.1
1970,233,394.35,8,0.2
1971,16,93.16,5,0.1
1972,818,76.13,7,0.05
1972,787,89.51,2,0.15
1973,39,384.07,9,0.1
1973,809,424.99,5,0.15
1973,394,336.53,1,0.15
1973,617,402.42,6,0.0
1973,685,224.1,2,0.05
1974,871,376.8,3,0.0
1974,937,167.71,2,0.15
1974,954,448.38,3,0.15
1974,374,45.62,8,0.0
1974,714,116.62,6,0.0
1975,786,148.21,4,0.0
1975,265,313.8,4,0.2
1975,915,77.11,9,0.1
1975,801,256.66,4,0.0
1975,161,15.01,2,0.15
1976,829,430.49,1,0.05
1976,77,59.46,2,0.15
1976,834,243.37,6,0.2
1976,16,494.69,5,0.15
1976,324,359.33,4,0.05
1977,884,54.45,1,0.1
1977,338,18.37,2,0.1
1977,239,456.92,7,0.1
1977,318,386.67,3,0.15
1977,564,257.73,10,0.15
1978,328,241.5,9,0.1
1979,763,433.47,3,0.2
1979,784,387.51,8,0.15
1979,937,171.46,2,0.05
1980,607,384.89,8,0.2
1980,382,58.25,6,0.1
1981,386,470.06,1,0.2
1981,875,236.31,4,0.15
1982,158,154.86,5,0.15
1983,791,388.85,8,0.05
1983,287,27.97,2,0.15
1983,433,59.86,8,0.05
1984,847,255.02,2,0.1
1985,825,245.54,4,0.15
1985,270,335.64,1,0.05
1985,773,57.87,6,0.1
1985,668,489.56,9,0.0
1986,910,155.29,2,0.1
1986,453,256.59,6,0.15
1987,393,89.38,3,0.1
1987,52,137.18,7,0.2
1988,152,281.95,5,0.0
1988,915,229.86,7,0.1
1988,462,76.69,8,0.15
1988,191,344.76,3,0.15
1989,881,419.07,4,0.1
1990,745,483.78,7,0.15
1990,562,214.61,3,0.1
1991,129,363.8,8,0.2
1991,224,35.54,1,0.1
1991,915,263.34,9,0.15
1991,542,299.75,4,0.05
1991,442,38.19,6,0.1
1992,266,179.96,1,0.2
1992,7,472.36,10,0.05
1993,205,51.07,6,0.2
1993,592,428.34,7,0.1
1993,429,390.49,6,0.05
1993,761,344.09,6,0.15
1994,60,301.74,8,0.15
1994,755,358.23,6,0.1
1994,486,87.8,2,0.2
1994,513,355.19,1,0.05
1995,266,112.93,7,0.05
1995,151,233.17,4,0.05
1995,866,39.22,3,0.05
1995,186,472.41,3,0.15
1995,489,60.61,2,0.15
1996,667,218.7,2,0.15
1996,909,62.24,3,0.0
1996,502,391.92,3,0.2
1997,381,280.72,10,0.2
1997,117,124.02,6,0.05
1997,296,470.6,7,0.2
1997,275,13.85,10,0.05
1997,858,101.72,3,0.15
1998,814,140.41,7,0.1
1998,563,252.77,2,0.0
1998,15,216.93,1,0.0
1998,98,230.78,1,0.05
1998,912,405.05,2,0.15
1999,457,391.48,6,0.0
1999,909,471.27,5,0.2
2000,214,212.5,8,0.05
2000,190,134.36,5,0.15
2001,230,225.88,10,0.1
2001,874,393.43,7,0.05
2001,116,458.78,1,0.2
2001,884,118.92,10,0.0
2001,828,373.3,6,0.1
2002,161,441.68,10,0.2
2003,333,371.7,4,0.05
2003,112,236.39,3,0.15
2003,716,98.29,2,0.05
2003,619,448.46,2,0.15
2003,225,118.88,1,0.1
2004,837,220.92,7,0.15
2004,440,203.62,6,0.05
2004,61,232.27,3,0.2
2004,129,325.82,6,0.05
2004,851,298.17,5,0.2
2005,383,257.78,9,0.15
2005,24,157.66,1,0.15
2005,464,376.61,6,0.15
2005,741,424.78,1,0.05
2005,1,31.85,1,0.0
2006,983,32.76,3,0.0
2006,863,453.02,5,0.05
2006,865,313.65,5,0.1
2006,176,275.68,1,0.2
2006,610,120.33,3,0.1
2007,254,94.92,3,0.05
2007,212,185.19,1,0.05
2008,928,172.38,1,0.0
2008,668,312.91,4,0.1
2008,825,149.0,1,0.05
2009,595,406.18,5,0.05
2009,517,315.65,4,0.05
2009,833,438.82,5,0.05
2009,568,203.12,3,0.2
2010,136,23.06,10,0.2
2010,8,499.91,4,0.0
2010,832,71.9,5,0.1
2010,551,54.33,10,0.0
2011,799,202.48,10,0.2
2011,342,311.25,1,0.0
2011,770,79.9,8,0.15
2011,613,107.06,8,0.15
2012,603,88.43,1,0.15
2012,381,99.3,5,0.0
2012,285,287.52,8,0.1
2013,816,203.81,2,0.05
2013,101,58.94,6,0.05
2013,601,364.05,3,0.15
2013,136,428.94,5,0.15
2013,186,166.07,9,0.15
2014,393,453.8,1,0.2
2014,106,218.6,8,0.05
2014,919,22.96,10,0.2
2015,676,440.89,5,0.1
2015,760,438.53,5,0.0
2016,171,61.89,6,0.05
2016,723,431.43,6,0.0
2017,97,362.7,3,0.0
2017,278,295.12,2,0.1
2017,215,126.5,1,0.2
2018,497,322.48,5,0.15
2018,940,306.68,3,0.1
2018,606,349.29,5,0.05
2018,473,85.13,2,0.2
2019,242,400.97,6,0.2
2019,726,397.7,10,0.05
2019,839,370.62,1,0.1
2019,261,388.11,8,0.15
2019,644,30.31,8,0.15
2020,204,381.2,10,0.2
2020,985,493.23,7,0.1
2020,214,56.68,10,0.0
2020,902,91.31,8,0.2
2020,241,336.1,7,0.1
2021,905,264.69,9,0.1
2022,544,94.18,6,0.15
2022,197,358.19,8,0.05
2022,850,208.22,3,0.0
2022,757,372.43,5,0.15
2022,555,246.3,10,0.05
2023,313,432.51,6,0.1
2023,947,49.28,10,0.15
2023,222,92.7,3,0.05
2024,891,14.23,2,0.2
2024,359,99.84,7,0.05
2025,458,211.48,10,0.1
2025,177,441.6,1,0.0
2025,566,427.03,3,0.05
2026,945,52.72,10,0.2
2026,281,95.75,1,0.0
2027,720,417.42,8,0.0
2027,671,75.85,7,0.0
2027,428,138.52,6,0.0
2027,404,481.81,6,0.15
2027,175,105.16,2,0.15
2028,663,361.42,10,0.0
2028,41,34.45,2,0.2
2028,20,117.61,6,0.05
2029,635,419.81,2,0.0
2029,182,475.32,4,0.15
2029,138,427.57,1,0.15
2029,165,482.89,9,0.05
2029,306,236.09,1,0.1
2030,288,345.69,7,0.0
2030,410,242.26,7,0.05
2030,114,201.55,4,0.2
2030,946,359.48,6,0.0
2031,587,169.53,8,0.05
2032,278,54.16,7,0.05
2032,434,430.12,2,0.05
2033,806,66.19,10,0.1
2033,421,148.73,2,0.15
2034,141,360.55,7,0.1
2034,962,145.25,5,0.0
2034,205,458.54,4,0.15
2035,476,332.66,7,0.2
2035,482,187.39,7,0.0
2036,880,132.99,5,0.05
2036,710,315.6,1,0.1
2036,214,441.2,2,0.15
2036,810,170.62,6,0.0
2037,564,424.65,10,0.2
2037,452,286.67,3,0.1
2037,21,351.69,1,0.05
2037,89,150.65,4,0.15
2037,856,160.75,5,0.0
2038,173,219.92,6,0.05
2038,225,255.48,7,0.2
2038,276,135.21,10,0.0
2038,354,91.1,5,0.2
2039,764,422.61,3,0.15
2039,231,284.11,1,0.1
2039,388,347.23,3,0.05
2040,445,329.89,1,0.2
2040,752,176.06,9,0.1
2040,724,316.65,6,0.15
2040,273,373.54,5,0.05
2040,65,54.77,5,0.05
2041,799,17.84,1,0.2
2041,605,392.7,8,0.2
2041,618,48.05,7,0.0
2042,501,321.19,2,0.1
2042,867,118.84,9,0.2
2042,664,138.34,4,0.15
2043,406,366.59,2,0.2
2044,864,182.19,7,0.1
2044,668,449.09,8,0.05
2044,987,342.92,7,0.05
2044,877,208.02,2,0.1
2045,904,264.54,9,0.2
2045,711,289.91,1,0.05
2045,90,231.88,3,0.2
2046,12,390.76,5,0.1
2047,715,232.67,9,0.15
2048,298,488.38,6,0.15
2049,35,121.67,4,0.15
2049,346,140.83,7,0.2
2049,922,259.51,4,0.0
2049,38,204.22,8,0.05
2050,838,208.23,2,0.2
2051,188,99.87,7,0.15
2051,753,456.5,5,0.0
2052,17,327.05,7,0.1
2052,790,116.83,6,0.2
2052,525,406.09,1,0.15
2052,463,240.66,4,0.2
2052,521,213.21,5,0.05
2053,711,380.41,7,0.0
2053,633,373.53,6,0.1
2053,890,425.6,5,0.2
2053,869,77.64,2,0.15
2053,516,38.75,9,0.15
2054,559,433.52,8,0.0
2055,401,39.98,2,0.15
2055,211,383.87,10,0.0
2055,192,242.54,10,0.2
2055,860,96.88,9,0.2
2056,690,497.65,9,0.05
2057,123,354.19,4,0.05
2057,576,237.19,8,0.0
2057,158,271.61,5,0.2
2057,429,138.58,7,0.2
2058,162,361.8,10,0.2
2058,31,346.61,4,0.0
2058,212,340.54,4,0.1
2059,704,349.24,2,0.1
2059,656,185.81,10,0.2
2059,616,489.41,8,0.0
2060,614,176.59,9,0.15
2060,184,103.03,6,0.1
2060,66,498.15,9,0.05
2060,632,479.71,5,0.05
2061,935,332.76,4,0.0
2061,525,351.71,2,0.15
2061,761,365.09,2,0.15
2061,795,241.02,1,0.15
2061,285,320.67,5,0.05
2062,352,442.68,9,0.2
2063,106,196.01,5,0.2
2064,923,330.48,2,0.1
2064,871,10.72,8,0.0
2065,488,36.66,10,0.05
2066,646,441.12,4,0.0
2066,306,261.46,9,0.0
2066,44,263.61,2,0.15
2066,457,88.07,3,0.2
2067,616,213.16,3,0.1
2067,969,418.13,9,0.1
2068,677,426.82,8,0.05
2069,520,476.19,3,0.15
2069,676,319.36,2,0.0
2069,594,215.28,1,0.15
2069,990,469.16,2,0.2
2069,348,443.43,7,0.0
2070,820,209.01,3,0.0
2070,484,283.16,9,0.05
2071,246,316.2,8,0.0
2072,945,105.36,5,0.1
2072,432,141.97,6,0.2
2073,646,134.01,9,0.15
2073,667,451.0,2,0.05
2073,189,15.37,5,0.05
2073,658,156.15,6,0.05
2074,611,470.01,3,0.05
2074,20,234.68,4,0.0
2074,600,99.49,5,0.2
2074,93,231.16,1,0.05
2075,386,74.61,5,0.05
2075,665,193.96,3,0.1
2075,780,30.59,6,0.05
2075,460,352.22,7,0.1
2075,1,255.6,2,0.2
2076,809,146.41,1,0.05
2076,377,438.11,5,0.2
2076,798,277.92,2,0.1
2076,965,438.4,10,0.15
2077,255,470.14,7,0.15
2077,531,84.61,4,0.05
2077,379,123.1,1,0.15
2077,284,207.58,8,0.2
2078,994,46.11,6,0.2
2078,542,162.1,8,0.05
2078,418,76.1,1,0.1
2078,291,101.14,9,0.15
2078,600,100.41,7,0.2
2079,132,45.61,8,0.2
2079,12,295.87,3,0.05
2079,394,447.34,7,0.2
2079,427,492.78,10,0.05
2079,408,298.11,10,0.2
2080,221,378.23,8,0.15
2080,329,282.43,8,0.15
2081,626,392.68,1,0.1
2081,192,69.49,5,0.2
2081,382,94.61,9,0.1
2081,939,448.65,4,0.0
2082,205,375.56,10,0.0
2082,618,85.83,3,0.15
2082,541,14.82,1,0.0
2083,305,489.66,8,0.15
2083,51,81.93,10,0.0
2083,669,478.73,5,0.05
2084,892,149.28,10,0.0
2085,308,18.17,9,0.2
2085,122,252.9,3,0.2
2086,136,274.67,6,0.15
2086,34,155.59,3,0.1
2086,606,455.21,6,0.2
2086,628,485.11,3,0.0
2087,188,25.18,8,0.15
2087,240,219.77,2,0.2
2087,345,472.21,9,0.2
2087,852,206.33,10,0.2
2087,238,461.4,1,0.1
2088,547,51.74,6,0.05
2088,135,317.69,1,0.15
2088,901,311.69,7,0.0
2088,5,468.86,7,0.2
2089,492,384.6,5,0.0
2089,157,161.71,5,0.15
2089,776,136.24,3,0.1
2090,988,331.76,8,0.2
2090,75,164.72,7,0.0
2091,54,253.14,8,0.05
2092,76,495.38,6,0.0
2092,509,120.62,2,0.2
2093,990,81.84,6,0.2
2093,47,374.66,10,0.2
2094,605,107.16,8,0.05
2095,471,103.04,3,0.1
2095,42,427.37,5,0.1
2096,294,392.07,8,0.15
2096,564,22.58,9,0.15
2096,624,434.34,4,0.1
2096,1,493.36,1,0.15
2097,330,308.07,8,0.0
2097,79,488.95,9,0.1
2097,797,54.02,4,0.05
2097,776,433.3,10,0.1
2098,275,182.32,4,0.1
2099,620,408.83,9,0.1
2100,2,48.74,2,0.1
2100,353,448.65,8,0.1
2100,355,142.91,10,0.15
2100,558,337.85,4,0.2
2100,760,336.54,7,0.0
2101,841,149.68,10,0.05
2101,485,447.21,1,0.1
2101,3,166.28,5,0.0
2101,52,274.39,1,0.05
2102,946,97.32,9,0.0
2102,808,343.68,10,0.15
2102,729,202.89,3,0.0
2102,560,126.89,6,0.2
2102,154,281.79,5,0.0
2103,547,201.95,3,0.2
2103,554,351.93,2,0.15
2103,13,148.42,7,0.2
2103,156,111.26,4,0.05
2104,739,108.04,4,0.2
2104,428,492.87,5,0.1
2104,136,426.5,9,0.2
2105,781,386.62,7,0.15
2106,518,362.72,10,0.2
2107,993,30.1,2,0.2
2107,44,352.65,2,0.2
2107,611,421.16,5,0.05
2107,173,48.64,4,0.05
2108,388,273.19,9,0.1
2108,103,284.83,6,0.05
2108,99,402.17,4,0.05
2108,344,332.49,2,0.2
2109,34,345.03,3,0.05
2109,303,18.86,4,0.2
2109,466,453.44,1,0.15
2109,818,243.93,5,0.1
2110,304,352.13,1,0.2
2110,492,342.66,3,0.05
2110,744,49.16,2,0.1
2111,764,290.42,4,0.2
2111,76,143.43,8,0.15
2111,843,498.92,3,0.15
2111,633,98.1,6,0.2
2112,945,488.35,3,0.15
2112,3,46.1,9,0.1
2112,373,18.06,6,0.15
2112,238,408.35,8,0.0
2113,929,263.3,1,0.1
2113,398,464.78,1,0.15
2114,43,203.95,7,0.0
2114,406,191.77,3,0.2
2115,663,320.31,5,0.0
2116,559,116.01,1,0.2
2116,602,67.95,3,0.0
2116,124,404.69,4,0.0
2116,12,80.15,3,0.0
2116,881,308.07,6,0.05
2117,786,235.43,6,0.2
2117,966,239.07,10,0.1
2118,879,291.49,3,0.15
2118,115,30.41,10,0.2
2119,45,237.1,8,0.1
2119,137,334.18,5,0.1
2119,884,490.93,10,0.05
2119,991,31.48,5,0.2
2120,289,120.31,2,0.0
2120,711,283.14,9,0.0
2120,293,362.0,10,0.15
2120,948,180.45,6,0.2
2120,338,113.57,5,0.1
2121,416,302.59,6,0.05
2121,161,70.44,10,0.15
2121,888,35.64,7,0.15
2121,172,15.92,7,0.0
2122,861,217.3,8,0.0
2122,143,155.2,3,0.15
2122,318,451.88,7,0.0
2122,555,74.23,6,0.0
2123,517,44.79,4,0.0
2123,374,43.25,4,0.0
2123,28,217.35,2,0.1
2124,56,290.32,6,0.05
2124,356,97.83,5,0.0
2124,540,112.5,10,0.1
2124,451,160.72,10,0.1
2125,727,193.93,5,0.1
2126,100,407.71,8,0.2
2126,697,36.66,8,0.0
2127,956,466.88,10,0.2
2127,753,204.95,5,0.15
2127,82,294.56,7,0.1
2127,777,200.29,2,0.2
2127,659,125.18,6,0.2
2128,271,235.4,9,0.0
2128,643,193.39,8,0.0
2128,687,388.28,4,0.15
2128,573,425.31,2,0.2
2129,251,404.8,2,0.2
2129,877,100.95,1,0.2
2129,7,186.34,8,0.05
2130,195,410.52,10,0.15
2130,871,114.22,3,0.05
2131,882,101.16,9,0.05
2131,415,167.86,3,0.15
2131,297,468.04,8,0.15
2131,266,312.48,10,0.05
2131,41,136.56,8,0.15
2132,637,357.46,4,0.2
2132,956,435.06,3,0.0
2133,245,99.36,10,0.0
2133,703,133.17,1,0.0
2134,632,401.2,9,0.1
2134,194,153.73,4,0.1
2134,234,252.38,2,0.2
2134,780,299.58,3,0.2
2135,819,339.61,6,0.1
2136,337,422.94,6,0.05
2137,59,168.57,10,0.2
2137,937,314.94,4,0.2
2137,949,480.11,2,0.0
2137,454,11.85,7,0.1
2138,219,85.82,7,0.05
2138,690,457.67,8,0.15
2139,479,46.96,9,0.0
2139,224,477.92,7,0.1
2139,209,367.76,1,0.15
2139,962,11.69,9,0.1
2140,244,195.44,1,0.1
2141,321,159.08,5,0.0
2141,174,366.68,1,0.15
2141,639,397.63,5,0.0
2141,516,74.82,8,0.1
2141,816,19.07,7,0.15
2142,519,232.19,3,0.1
2142,172,288.9,1,0.15
2142,439,416.9,1,0.0
2143,724,103.55,9,0.1
2143,415,320.8,7,0.1
2144,747,229.43,6,0.2
2144,73,247.99,10,0.05
2144,290,61.2,4,0.2
2144,588,352.5,10,0.15
2145,859,498.66,2,0.1
2145,555,303.38,9,0.15
2145,726,26.85,10,0.1
2145,285,408.8,1,0.1
2145,863,302.64,4,0.05
2146,794,116.07,3,0.05
2146,894,487.93,5,0.15
2146,447,59.7,2,0.05
2146,304,362.11,10,0.2
2147,677,434.84,2,0.1
2148,296,133.22,1,0.0
2148,576,99.4,8,0.15
2148,956,373.24,3,0.05
2148,348,455.71,10,0.2
2148,234,354.57,5,0.15
2149,177,465.28,3,0.1
2149,847,204.87,8,0.2
2149,911,351.08,2,0.2
2150,539,110.46,9,0.2
2150,145,327.98,1,0.1
2150,931,332.06,5,0.0
2150,989,200.09,1,0.15
2150,132,351.79,4,0.1
2151,658,376.32,10,0.2
2151,379,272.88,5,0.15
2151,411,22.01,6,0.2
2151,314,219.91,8,0.2
2151,479,141.98,7,0.05
2152,248,430.46,8,0.05
2152,995,108.65,2,0.0
2152,4,421.31,1,0.2
2152,877,441.23,7,0.0
2152,636,198.25,3,0.0
2153,429,168.1,6,0.15
2154,417,336.1,9,0.15
2154,974,168.01,6,0.15
2154,285,182.51,3,0.1
2154,339,240.43,5,0.0
2154,512,13.36,7,0.2
2155,346,213.31,9,0.05
2155,534,152.67,1,0.1
2155,806,44.93,7,0.1
2155,829,135.12,2,0.05
2156,914,432.17,5,0.0
2156,263,387.22,10,0.2
2157,956,402.82,4,0.05
2157,304,269.35,9,0.15
2157,6,18.32,4,0.1
2157,148,412.09,1,0.0
2158,21,105.05,10,0.1
2158,982,406.85,5,0.05
2158,252,458.99,9,0.15
2158,419,39.77,1,0.1
2159,554,309.62,9,0.05
2160,624,390.66,5,0.0
2161,276,293.41,10,0.15
2161,685,322.61,10,0.15
2162,497,448.71,8,0.05
2162,889,421.94,6,0.05
2162,865,282.07,2,0.05
2162,942,187.66,10,0.1
2162,841,268.05,5,0.1
2163,476,110.28,7,0.15
2164,522,290.79,8,0.05
2164,998,290.79,1,0.1
2164,15,296.39,9,0.0
2165,674,10.53,10,0.1
2165,443,142.43,1,0.05
2166,363,456.56,10,0.05
2167,534,422.35,1,0.15
2167,288,103.69,5,0.05
2167,626,30.03,2,0.2
2168,681,270.97,8,0.1
2168,471,308.73,2,0.1
2168,483,42.68,7,0.1
2168,293,496.78,9,0.05
2169,4,265.77,3,0.2
2169,513,166.8,9,0.15
2170,826,215.94,4,0.05
2170,961,92.47,7,0.0
2170,284,371.05,6,0.2
2170,109,194.6,10,0.1
2170,585,91.22,7,0.15
2171,951,58.34,8,0.05
2171,529,352.9,7,0.15
2171,215,99.08,10,0.05
2172,381,55.21,9,0.0
2173,554,391.68,7,0.1
2173,513,412.63,10,0.1
2173,154,213.02,9,0.2
2173,302,419.63,7,0.05
2174,137,365.22,4,0.15
2174,472,68.33,10,0.2
2175,28,241.05,10,0.0
2175,156,27.6,7,0.1
2175,906,413.72,9,0.15
2175,176,37.26,9,0.1
2175,234,406.86,8,0.2
2176,721,317.29,8,0.15
2176,266,253.24,6,0.05
2176,73,300.74,2,0.2
2177,640,376.98,8,0.2
2177,702,42.49,10,0.0
2177,41,167.0,10,0.0
2177,864,283.33,5,0.1
2177,464,259.86,10,0.15
2178,415,279.46,9,0.1
2178,847,279.74,8,0.15
2179,538,432.01,1,0.15
2179,24,205.31,3,0.05
2180,409,468.47,10,0.0
2180,698,319.7,6,0.0
2180,112,278.12,9,0.0
2180,185,85.8,10,0.2
2180,118,266.27,7,0.0
2181,786,327.94,8,0.0
2181,138,458.55,7,0.2
2181,836,27.96,2,0.0
2181,828,232.79,3,0.05
2181,28,245.71,3,0.2
2182,148,123.17,5,0.2
2182,397,334.75,7,0.1
2182,567,307.66,8,0.0
2182,622,128.88,6,0.0
2182,915,216.15,6,0.15
2183,629,367.51,4,0.05
2183,424,175.78,8,0.0
2183,883,402.18,8,0.05
2183,532,372.47,3,0.05
2183,802,59.07,6,0.1
2184,698,423.64,6,0.15
2185,367,72.22,2,0.2
2186,633,372.18,9,0.1
2186,618,358.35,5,0.1
2186,692,31.91,6,0.2
2186,899,273.32,2,0.0
2187,66,246.86,1,0.0
2187,316,378.75,4,0.1
2187,910,426.91,4,0.15
2188,455,202.84,9,0.2
2188,117,46.58,1,0.2
2188,333,323.05,8,0.2
2188,643,228.74,1,0.05
2188,769,123.74,5,0.1
2189,437,139.07,8,0.2
2189,525,407.0,1,0.05
2189,299,411.51,7,0.15
2190,834,221.68,3,0.2
2190,23,166.46,4,0.15
2190,68,257.96,4,0.0
2191,597,189.37,3,0.2
2191,968,455.91,3,0.15
2191,511,124.43,9,0.15
2192,793,76.99,2,0.1
2192,761,284.01,5,0.05
2192,214,498.01,4,0.05
2192,728,95.77,2,0.15
2192,39,428.72,6,0.0
2193,356,131.25,7,0.15
2193,642,21.74,8,0.05
2193,757,156.95,7,0.15
2193,261,357.42,7,0.05
2193,551,366.31,6,0.2
2194,558,50.34,8,0.1
2194,291,372.95,10,0.0
2194,666,218.1,8,0.0
2195,14,449.8,2,0.2
2195,972,335.56,7,0.2
2195,166,280.39,5,0.0
2196,807,156.93,5,0.15
2196,782,199.44,1,0.2
2197,837,350.06,8,0.1
2197,576,22.66,3,0.2
2197,209,407.08,3,0.2
2198,296,485.84,1,0.05
2198,681,218.13,6,0.0
2198,653,291.82,10,0.15
2198,248,356.47,3,0.0
2199,913,235.24,10,0.15
2199,194,495.07,7,0.15
2199,426,476.75,1,0.05
2199,387,498.72,7,0.05
2199,464,146.16,1,0.05
2200,137,352.48,4,0.1
2200,697,310.72,9,0.0
2201,922,494.4,8,0.15
2202,227,312.43,1,0.0
2202,913,242.43,8,0.2
2202,432,45.36,3,0.1
2202,500,145.28,7,0.0
2202,367,144.43,1,0.2
2203,217,390.66,6,0.0
2203,252,234.38,7,0.1
2204,903,406.41,1,0.0
2204,315,279.3,4,0.15
2204,144,378.29,7,0.05
2204,890,42.58,10,0.1
2205,916,184.45,3,0.05
2205,628,248.12,8,0.15
2205,649,426.9,5,0.0
2205,343,156.33,1,0.0
2206,950,484.69,9,0.1
2206,879,11.22,3,0.1
2207,66,489.6,5,0.1
2207,747,463.43,5,0.2
2207,740,205.67,3,0.05
2208,933,157.34,4,0.05
2208,549,42.39,6,0.1
2208,235,195.21,2,0.1
2208,587,346.45,5,0.2
2208,1,416.43,3,0.1
2209,118,137.75,10,0.15
2210,530,114.69,3,0.0
2210,478,151.86,10,0.1
2210,604,149.85,8,0.15
2210,844,328.81,7,0.0
2210,325,261.78,1,0.2
2211,515,58.95,9,0.15
2211,53,482.86,2,0.1
2211,62,111.0,2,0.1
2212,961,41.81,4,0.15
2213,548,60.9,1,0.15
2213,423,401.23,2,0.2
2213,175,233.49,1,0.2
2213,647,338.98,9,0.1
2214,309,232.53,1,0.15
2214,132,324.73,1,0.05
2214,339,433.23,10,0.05
2214,780,129.75,2,0.1
2215,184,106.13,7,0.0
2215,724,35.87,4,0.0
2215,761,100.66,9,0.15
2216,663,174.22,1,0.1
2216,708,458.6,3,0.05
2216,965,151.27,2,0.0
2217,808,207.82,8,0.0
2217,158,60.52,2,0.1
2217,28,166.68,10,0.2
2218,20,491.72,7,0.15
2218,98,447.49,4,0.2
2219,132,427.91,5,0.0
2219,139,25.44,6,0.05
2220,134,192.49,3,0.0
2220,189,56.85,10,0.0
2220,681,426.66,2,0.05
2220,181,135.45,5,0.05
2220,49,119.58,2,0.05
2221,658,188.17,9,0.15
2221,179,478.12,2,0.05
2222,250,302.88,6,0.15
2222,751,342.84,6,0.05
2223,312,255.29,5,0.1
2223,191,308.61,7,0.0
2224,271,260.88,7,0.05
2224,598,141.14,1,0.2
2225,254,232.37,8,0.05
2225,448,145.6,10,0.2
2225,769,322.12,6,0.05
2226,484,419.07,2,0.1
2226,851,347.3,7,0.15
2226,238,191.75,6,0.2
2226,365,425.06,5,0.15
2226,415,384.37,7,0.05
2227,807,323.39,1,0.2
2227,253,458.9,7,0.1
2227,894,61.56,8,0.1
2228,256,426.01,6,0.05
2228,415,151.39,8,0.1
2229,445,124.33,4,0.2
2229,737,294.47,7,0.05
2229,326,383.33,10,0.2
2229,683,445.23,4,0.05
2230,208,356.47,7,0.15
2230,899,462.65,3,0.1
2230,933,60.6,8,0.0
2231,657,433.07,7,0.05
2231,469,375.02,9,0.05
2232,278,333.08,7,0.2
2232,218,170.98,7,0.05
2232,963,337.69,1,0.15
2233,403,368.06,3,0.1
2234,482,308.13,9,0.0
2234,605,213.49,6,0.05
2234,655,340.17,9,0.0
2234,243,59.74,9,0.05
2234,631,350.37,2,0.0
2235,24,405.14,8,0.05
2235,510,195.97,8,0.05
2236,966,56.76,9,0.2
2237,835,452.88,1,0.2
2237,494,449.16,7,0.1
2237,982,291.18,2,0.05
2237,568,489.81,5,0.15
2238,607,155.95,8,0.15
2238,787,100.13,5,0.05
2239,852,354.24,6,0.15
2239,649,110.51,4,0.2
2239,169,63.35,3,0.2
2239,398,431.68,10,0.1
2239,863,15.56,7,0.2
2240,518,49.16,2,0.05
2240,867,324.6,7,0.1
2240,681,287.91,2,0.2
2241,463,344.14,9,0.05
2241,689,117.04,4,0.2
2241,27,64.36,2,0.15
2241,422,62.64,6,0.2
2242,117,206.66,4,0.2
2243,279,379.63,4,0.05
2243,749,123.5,5,0.05
2243,600,243.36,7,0.15
2243,35,331.83,4,0.1
2243,780,271.4,2,0.1
2244,846,286.04,5,0.0
2245,978,44.87,7,0.15
2246,222,276.76,2,0.15
2246,39,15.11,5,0.2
2246,76,330.68,10,0.0
2246,258,388.11,1,0.1
2246,931,331.52,3,0.0
2247,543,417.09,7,0.15
2247,576,463.66,7,0.2
2248,766,482.76,10,0.2
2249,253,153.07,2,0.05
2250,514,467.92,5,0.2
2250,917,137.96,3,0.0
2250,761,112.67,4,0.0
2251,63,492.34,2,0.15
2251,713,420.29,10,0.0
2251,490,110.65,9,0.15
2251,580,38.79,6,0.15
2252,876,353.93,2,0.15
2253,209,439.68,2,0.2
2254,949,17.95,3,0.1
2254,868,454.04,1,0.05
2254,837,485.62,9,0.2
2255,297,55.09,3,0.2
2256,872,76.99,8,0.0
2256,648,388.58,10,0.05
2256,307,485.18,8,0.2
2256,325,190.57,7,0.1
2257,193,281.51,2,0.0
2257,620,459.81,8,0.1
2257,74,311.19,2,0.15
2257,245,69.84,10,0.1
2258,256,84.36,6,0.1
2258,657,439.72,2,0.05
2259,943,174.4,6,0.0
2260,612,334.33,7,0.0
2260,680,209.19,5,0.1
2260,444,175.2,6,0.05
2260,989,381.25,8,0.1
2261,3,78.08,6,0.1
2262,738,356.72,10,0.2
2262,829,302.63,10,0.1
2262,67,265.09,6,0.15
2262,957,201.31,5,0.2
2263,973,190.93,10,0.1
2263,613,222.02,6,0.15
2263,227,112.02,6,0.2
2263,60,155.16,3,0.05
2263,32,229.64,2,0.15
2264,400,75.3,6,0.15
2264,414,189.81,5,0.15
2265,488,21.05,1,0.0
2266,880,144.48,4,0.0
2266,670,493.55,7,0.2
2266,944,327.66,7,0.05
2267,42,260.86,2,0.0
2267,807,11.68,7,0.15
2267,718,275.33,1,0.1
2268,498,76.43,3,0.0
2269,418,362.86,2,0.1
2269,173,436.39,3,0.05
2269,197,122.39,9,0.05
2269,514,98.68,9,0.05
2270,14,240.81,3,0.2
2270,549,104.38,10,0.2
2270,285,301.79,1,0.0
2271,95,378.14,5,0.15
2271,40,306.62,2,0.05
2271,744,192.78,2,0.0
2272,356,24.55,6,0.05
2272,684,166.16,8,0.05
2273,785,270.0,3,0.0
2273,659,397.86,7,0.1
2274,655,353.1,6,0.15
2275,42,127.73,3,0.2
2275,614,18.42,2,0.0
2275,778,448.53,2,0.2
2275,476,150.97,6,0.05
2275,537,157.63,10,0.1
2276,806,260.16,2,0.1
2276,781,151.08,9,0.15
2277,295,73.16,1,0.05
2277,751,51.65,9,0.2
2277,905,463.91,4,0.0
2277,644,198.91,6,0.15
2278,658,497.74,8,0.2
2278,728,296.74,2,0.05
2278,992,57.7,10,0.15
2278,26,132.78,4,0.15
2278,690,302.17,1,0.1
2279,566,178.8,8,0.1
2279,331,300.25,5,0.0
2279,981,276.92,5,0.05
2280,917,305.34,7,0.2
2280,755,322.44,5,0.1
2280,1,447.99,9,0.2
2280,855,402.49,7,0.0
2280,430,194.86,1,0.15
2281,431,124.43,5,0.1
2281,471,227.59,1,0.0
2281,247,205.55,3,0.15
2282,96,335.3,2,0.1
2282,949,298.0,9,0.0
2282,229,78.61,4,0.0
2282,429,260.89,4,0.15
2283,631,310.31,7,0.1
2283,629,141.98,8,0.15
2283,165,431.24,3,0.1
2283,656,403.33,1,0.2
2284,692,374.53,5,0.05
2284,189,114.17,9,0.0
2284,247,385.73,5,0.0
2285,727,362.87,6,0.05
2285,130,471.73,7,0.2
2285,316,62.93,9,0.1
2285,114,164.51,5,0.2
2286,394,95.32,8,0.2
2287,16,190.77,1,0.05
2287,167,498.41,4,0.05
2287,285,332.01,10,0.1
2287,169,341.07,5,0.1
2288,954,425.68,6,0.2
2288,228,461.6,3,0.2
2289,232,456.71,3,0.2
2289,48,223.19,3,0.2
2289,287,304.05,8,0.05
2289,21,58.61,5,0.05
2290,143,52.64,8,0.2
2290,850,464.53,3,0.0
2290,135,186.0,4,0.2
2290,28,96.29,7,0.15
2290,310,306.02,8,0.0
2291,227,378.25,4,0.0
2291,130,421.11,10,0.05
2291,840,255.05,5,0.2
2291,364,392.32,6,0.0
2292,155,214.81,10,0.0
2292,47,62.06,4,0.05
2293,383,120.59,10,0.15
2293,634,51.53,1,0.0
2294,662,20.62,10,0.1
2295,102,422.43,7,0.1
2295,386,353.01,2,0.2
2295,150,372.58,6,0.2
2295,189,161.46,8,0.2
2296,832,149.97,6,0.05
2296,921,76.99,4,0.0
2296,147,481.56,8,0.15
2296,233,458.86,9,0.0
2296,1,149.58,7,0.1
2297,752,227.53,2,0.2
2297,295,154.9,6,0.05
2297,858,342.06,2,0.0
2297,251,338.34,8,0.15
2298,729,178.85,8,0.15
2298,439,42.78,1,0.2
2298,349,88.46,2,0.1
2298,60,243.63,1,0.15
2299,817,363.47,1,0.05
2300,252,340.83,7,0.15
2300,71,316.77,8,0.0
2301,645,219.51,6,0.05
2301,846,76.39,4,0.15
2301,490,70.32,6,0.2
2301,648,86.1,3,0.15
2302,738,212.9,8,0.0
2302,292,50.73,3,0.2
2302,663,162.67,1,0.0
2302,525,24.17,4,0.15
2302,377,416.79,4,0.2
2303,579,129.21,2,0.05
2303,930,80.17,7,0.1
2303,714,303.72,9,0.15
2303,153,196.19,4,0.05
2303,895,485.74,9,0.1
2304,503,332.96,4,0.15
2305,351,492.86,4,0.2
2305,584,78.34,2,0.0
2305,74,391.68,1,0.15
2305,904,403.88,3,0.15
2306,300,434.24,4,0.1
2306,189,41.17,3,0.15
2306,442,99.71,5,0.1
2306,456,472.1,4,0.05
2307,973,202.2,7,0.2
2307,855,239.94,7,0.1
2307,375,269.18,9,0.1
2307,689,298.45,3,0.05
2308,834,151.11,6,0.0
2308,822,20.62,7,0.05
2308,592,164.3,7,0.2
2309,994,215.22,7,0.2
2309,582,465.12,2,0.05
2310,888,216.63,3,0.15
2311,729,472.88,6,0.0
2311,505,310.81,10,0.05
2311,184,136.13,5,0.05
2311,612,45.75,10,0.0
2312,448,331.8,1,0.05
2312,890,82.2,4,0.1
2312,802,447.56,8,0.2
2313,294,456.25,8,0.2
2314,879,66.95,9,0.1
2314,899,352.08,1,0.15
2314,141,21.87,4,0.2
2314,383,269.55,2,0.1
2315,569,472.43,3,0.05
2315,697,104.6,3,0.0
2315,862,463.97,5,0.1
2315,970,41.38,7,0.15
2316,785,203.76,7,0.05
2316,748,338.74,9,0.15
2316,456,108.23,2,0.0
2316,13,494.34,3,0.0
2317,913,445.18,9,0.1
2318,941,134.03,9,0.05
2318,275,110.25,4,0.15
2318,130,426.07,10,0.15
2318,398,21.24,9,0.05
2318,837,469.87,9,0.2
2319,511,52.04,4,0.15
2319,742,14.28,6,0.1
2319,758,307.23,5,0.15
2319,654,439.59,10,0.05
2320,576,492.83,7,0.1
2321,733,102.02,5,0.2
2321,854,191.1,2,0.2
2321,54,465.96,6,0.0
2321,117,414.19,1,0.0
2321,888,63.06,6,0.1
2322,113,450.82,1,0.2
2322,487,440.11,4,0.2
2322,354,369.54,10,0.0
2322,806,150.06,2,0.0
2323,63,41.3,7,0.15
2323,279,447.88,6,0.0
2323,248,346.68,6,0.05
2324,650,326.41,8,0.1
2324,671,234.46,6,0.2
2324,106,34.47,1,0.2
2324,282,323.19,2,0.15
2324,528,263.0,6,0.15
2325,459,421.99,8,0.2
2325,113,138.51,2,0.2
2325,499,28.23,8,0.0
2326,919,283.79,4,0.15
2326,621,353.85,7,0.0
2326,540,62.28,9,0.15
2326,711,217.9,9,0.15
2327,88,288.69,8,0.15
2328,365,265.44,4,0.05
2328,594,212.77,8,0.0
2328,754,362.51,1,0.1
2328,730,485.13,9,0.05
2329,195,325.38,2,0.2
2329,262,180.41,6,0.15
2329,366,355.74,9,0.1
2330,374,127.31,4,0.2
2330,975,331.51,9,0.05
2331,164,333.13,2,0.15
2331,398,453.66,8,0.1
2331,410,284.18,2,0.1
2332,834,278.55,10,0.05
2332,275,12.11,4,0.0
2332,952,84.3,9,0.1
2332,436,110.21,8,0.05
2332,439,244.71,7,0.15
2333,574,165.16,6,0.0
2333,831,90.66,3,0.2
2333,663,191.6,5,0.15
2333,228,62.18,4,0.0
2333,262,403.86,8,0.05
2334,549,458.89,8,0.05
2335,655,233.77,4,0.2
2336,973,398.75,8,0.15
2336,496,460.73,2,0.0
2337,300,368.92,9,0.15
2337,144,107.23,10,0.0
2337,327,14.22,2,0.05
2337,132,45.86,3,0.1
2337,710,79.0,5,0.1
2338,222,35.4,8,0.15
2338,910,492.87,2,0.2
2338,695,418.77,7,0.0
2338,988,342.15,10,0.15
2339,386,188.73,10,0.15
2340,791,387.14,7,0.1
2340,409,29.94,10,0.15
2340,413,266.77,4,0.05
2341,798,18.56,6,0.05
2341,273,89.12,5,0.05
2341,17,493.34,7,0.1
2342,800,315.83,3,0.05
2342,470,420.52,10,0.0
2343,250,16.51,1,0.1
2343,639,349.71,8,0.05
2343,721,216.45,2,0.1
2344,808,50.48,6,0.0
2344,656,375.16,2,0.0
2344,601,43.93,3,0.15
2344,118,14.37,9,0.0
2345,411,284.66,4,0.1
2345,358,423.9,6,0.2
2346,885,109.62,6,0.1
2346,570,258.72,4,0.1
2346,941,251.08,2,0.2
2346,875,101.58,5,0.2
2347,484,133.55,4,0.2
2347,584,462.82,7,0.1
2347,94,342.6,4,0.05
2347,838,21.24,4,0.0
2348,710,209.76,6,0.05
2348,143,391.55,3,0.1
2348,837,202.49,6,0.1
2348,674,430.57,10,0.05
2349,686,29.3,1,0.05
2349,132,20.19,7,0.0
2349,298,52.32,7,0.0
2349,3,166.62,10,0.0
2350,785,80.19,2,0.15
2350,347,477.64,4,0.0
2350,287,440.76,4,0.05
2350,214,166.93,7,0.05
2350,844,196.88,4,0.0
2351,929,38.52,1,0.2
2352,539,412.17,10,0.05
2353,567,227.25,2,0.0
2354,875,483.92,3,0.2
2354,844,325.41,4,0.1
2354,545,352.52,5,0.0
2355,557,304.07,3,0.2
2355,902,344.64,10,0.05
2355,966,34.19,5,0.05
2356,428,387.45,7,0.05
2356,435,271.56,1,0.2
2356,91,396.55,2,0.05
2356,249,492.67,7,0.2
2357,358,427.99,10,0.1
2358,916,234.42,1,0.1
2358,715,456.57,4,0.0
2358,263,496.82,2,0.0
2358,788,489.94,9,0.05
2359,9,310.31,8,0.05
2359,883,306.28,10,0.2
2360,143,296.42,2,0.1
2360,97,78.57,7,0.2
2360,572,124.06,7,0.1
2361,776,366.95,7,0.15
2362,491,259.45,8,0.15
2362,707,436.17,3,0.2
2362,888,275.92,4,0.15
2362,101,464.15,7,0.2
2363,928,53.01,7,0.05
2363,681,235.35,7,0.05
2363,683,300.14,3,0.15
2363,367,221.81,8,0.2
2363,26,417.09,9,0.0
2364,717,204.57,7,0.1
2364,705,92.81,9,0.2
2364,200,341.23,9,0.2
2364,459,10.33,5,0.2
2364,660,296.03,6,0.2
2365,109,243.54,8,0.05
2365,139,222.58,10,0.15
2365,332,196.29,1,0.2
2365,350,420.92,9,0.1
2365,638,480.2,9,0.0
2366,31,460.04,5,0.0
2366,947,388.87,2,0.15
2366,75,171.53,9,0.2
2367,586,477.16,3,0.2
2367,72,479.06,6,0.15
2368,821,271.11,2,0.0
2368,96,422.34,5,0.2
2368,548,219.98,1,0.1
2369,5,362.02,3,0.1
2370,609,98.66,8,0.2
2370,721,419.28,8,0.1
2370,654,323.33,1,0.05
2371,793,79.23,4,0.0
2372,105,368.23,3,0.1
2373,66,325.44,7,0.0
2374,282,484.83,7,0.2
2374,176,178.87,3,0.05
2374,586,121.26,4,0.15
2374,773,306.32,2,0.2
2375,394,92.39,1,0.0
2376,655,76.69,5,0.05
2376,201,453.3,7,0.05
2376,21,137.19,10,0.15
2376,963,188.11,8,0.1
2377,715,406.4,8,0.0
2378,313,335.04,10,0.1
2378,401,451.63,8,0.1
2378,969,34.35,7,0.2
2379,808,158.93,6,0.05
2379,214,134.65,2,0.1
2379,371,196.6,7,0.2
2379,662,487.84,7,0.1
2380,204,258.27,5,0.2
2380,683,373.29,4,0.1
2380,766,330.91,7,0.05
2380,894,428.79,8,0.05
2380,275,222.75,7,0.1
2381,321,334.87,8,0.15
2381,247,188.81,8,0.0
2381,158,462.91,10,0.1
2381,31,129.41,7,0.2
2381,882,284.82,5,0.1
2382,893,367.11,10,0.1
2382,999,434.6,1,0.1
2383,782,364.79,5,0.1
2384,370,497.32,1,0.2
2385,545,206.44,3,0.0
2385,276,35.06,4,0.1
2386,940,305.72,4,0.2
2386,777,32.38,8,0.15
2387,937,250.11,3,0.2
2387,757,164.22,6,0.0
2388,576,24.0,7,0.05
2388,948,174.19,6,0.0
2389,40,347.67,1,0.1
2389,693,496.3,1,0.05
2389,136,480.12,2,0.1
2390,352,443.51,3,0.15
2390,233,302.35,4,0.05
2391,636,172.0,2,0.0
2391,880,64.72,4,0.1
2391,853,292.29,5,0.05
2391,777,206.54,3,0.15
2392,153,421.84,7,0.05
2392,565,405.0,6,0.0
2392,445,349.03,9,0.1
2393,229,360.31,6,0.1
2393,542,153.35,2,0.1
2393,198,319.64,7,0.0
2393,568,401.11,2,0.2
2394,332,48.41,5,0.1
2394,97,416.11,6,0.05
2395,716,214.76,8,0.05
2395,33,276.47,2,0.15
2395,946,233.26,4,0.15
2395,784,132.59,2,0.05
2396,684,165.56,8,0.1
2397,737,376.11,7,0.1
2397,740,442.66,3,0.15
2397,781,24.09,5,0.2
2397,891,68.08,8,0.15
2398,15,314.5,1,0.15
2398,604,289.8,2,0.2
2399,247,125.09,10,0.2
2399,21,174.65,2,0.15
2399,810,374.92,1,0.1
2399,865,174.44,6,0.2
2400,553,458.05,7,0.15
2400,147,121.51,2,0.05
2400,940,476.61,4,0.1
2400,841,393.01,9,0.2
2400,129,269.99,1,0.1
2401,353,152.96,3,0.0
2401,871,81.17,10,0.05
2401,959,206.36,6,0.0
2401,93,430.92,3,0.2
2401,674,96.1,4,0.0
2402,262,240.98,6,0.15
2402,136,195.51,3,0.2
2403,66,299.33,5,0.1
2403,113,105.1,2,0.2
2403,736,426.91,4,0.1
2403,340,131.88,10,0.1
2403,300,120.26,2,0.0
2404,681,247.07,2,0.0
2404,600,167.14,7,0.05
2405,118,306.43,7,0.1
2405,972,406.36,8,0.05
2405,690,430.04,9,0.0
2405,959,422.51,3,0.2
2405,479,50.86,1,0.2
2406,235,86.8,10,0.2
2406,840,130.63,10,0.0
2406,634,395.55,8,0.05
2406,160,342.9,7,0.15
2407,792,23.18,3,0.2
2408,699,325.3,6,0.2
2408,463,372.84,2,0.1
2408,500,433.06,1,0.1
2408,2,144.34,1,0.0
2408,453,406.34,3,0.0
2409,795,194.87,9,0.05
2409,662,284.63,9,0.2
2410,909,114.39,5,0.1
2411,175,301.28,9,0.15
2412,780,327.8,1,0.1
2412,407,14.17,4,0.1
2412,49,209.96,8,0.1
2412,244,155.82,2,0.2
2413,246,217.74,9,0.0
2413,808,31.88,4,0.2
2414,458,45.12,6,0.0
2414,177,129.41,5,0.15
2415,103,277.29,3,0.05
2416,101,125.16,9,0.05
2417,816,25.45,9,0.05
2417,242,345.72,2,0.15
2417,178,266.26,7,0.05
2418,862,287.02,2,0.15
2418,10,495.28,7,0.2
2418,244,16.19,9,0.2
2418,551,356.15,8,0.15
2419,189,183.26,2,0.1
2419,48,352.39,2,0.0
2419,44,483.6,1,0.15
2419,24,65.93,4,0.1
2420,374,338.93,10,0.1
2420,893,61.06,4,0.15
2420,814,13.15,6,0.0
2420,29,384.73,10,0.0
2420,670,314.89,5,0.1
2421,958,306.7,3,0.2
2421,373,203.76,6,0.15
2421,431,413.12,10,0.05
2422,439,225.2,2,0.2
2422,511,255.23,3,0.15
2422,81,127.85,6,0.15
2422,242,62.21,7,0.15
2423,557,192.41,8,0.05
2423,225,234.8,4,0.2
2423,963,424.57,9,0.15
2423,26,376.25,1,0.05
2424,223,331.09,5,0.15
2424,704,481.09,5,0.1
2425,908,217.89,4,0.0
2425,391,155.46,2,0.0
2425,181,404.71,7,0.0
2425,507,345.26,3,0.0
2426,191,121.11,10,0.15
2426,303,495.27,7,0.05
2426,524,444.72,7,0.1
2427,28,163.46,9,0.2
2427,862,199.87,9,0.15
2427,257,464.22,4,0.15
2427,398,280.09,4,0.0
2428,285,275.23,8,0.2
2429,412,121.24,2,0.1
2429,747,292.56,3,0.05
2430,117,468.17,7,0.1
2430,678,303.17,5,0.0
2430,660,31.4,5,0.0
2430,172,194.79,3,0.2
2430,495,56.15,9,0.15
2431,132,86.87,8,0.0
2431,526,264.11,1,0.0
2432,117,494.56,7,0.0
2432,458,425.51,8,0.1
2432,714,341.8,9,0.2
2432,598,367.26,9,0.1
2432,792,417.99,8,0.1
2433,630,164.7,3,0.0
2433,460,250.26,2,0.1
2433,640,277.68,7,0.1
2433,615,494.04,6,0.2
2433,59,371.51,9,0.2
2434,679,14.61,2,0.15
2434,105,113.52,6,0.15
2434,964,432.17,2,0.15
2434,913,108.06,2,0.05
2434,992,302.23,6,0.1
2435,838,379.11,2,0.15
2435,183,302.37,10,0.15
2435,763,116.78,9,0.2
2435,888,44.8,10,0.05
2436,874,294.57,10,0.0
2436,707,202.06,3,0.0
2436,728,65.78,4,0.0
2436,605,254.8,7,0.15
2436,664,180.55,3,0.0
2437,228,216.58,2,0.05
2437,822,47.67,10,0.2
2437,708,171.42,10,0.0
2437,200,379.61,1,0.1
2438,855,90.04,6,0.1
2438,58,192.07,6,0.2
2438,249,120.2,7,0.05
2438,488,343.24,10,0.2
2438,689,381.67,2,0.05
2439,872,305.84,3,0.05
2439,286,456.28,6,0.0
2439,751,224.59,5,0.0
2439,224,418.48,3,0.1
2440,902,423.09,5,0.15
2440,900,435.15,3,0.0
2440,69,411.26,3,0.05
2440,645,208.85,1,0.0
2440,757,351.14,7,0.05
2441,613,414.16,9,0.1
2441,268,165.99,2,0.1
2441,367,200.91,1,0.2
2441,265,128.76,8,0.2
2441,101,205.97,6,0.2
2442,667,297.7,5,0.1
2443,552,458.19,1,0.2
2443,476,492.78,10,0.2
2443,139,434.46,2,0.15
2443,645,246.89,4,0.1
2443,285,328.92,2,0.15
2444,521,111.04,10,0.15
2444,66,104.13,7,0.15
2444,69,24.1,3,0.0
2444,899,244.62,4,0.1
2445,724,460.74,5,0.05
2446,662,370.14,5,0.0
2446,175,347.29,9,0.05
2447,422,340.12,4,0.05
2448,445,161.19,1,0.0
2448,321,446.86,2,0.1
2449,275,382.78,9,0.1
2449,173,86.1,1,0.05
2449,304,349.63,4,0.1
2450,715,304.45,8,0.15
2451,719,54.52,9,0.15
2451,916,332.11,6,0.15
2451,961,494.95,1,0.2
2452,292,104.28,9,0.2
2452,106,356.27,4,0.15
2452,317,29.08,5,0.05
2452,507,157.04,6,0.0
2452,360,345.34,10,0.0
2453,932,47.29,2,0.0
2453,845,325.07,6,0.15
2453,184,166.57,5,0.05
2453,395,377.18,10,0.05
2453,881,27.26,3,0.05
2454,392,295.71,7,0.2
2454,729,94.9,3,0.2
2454,391,180.02,4,0.2
2454,444,198.02,10,0.1
2455,855,42.06,9,0.05
2456,694,122.94,5,0.05
2456,17,147.42,3,0.1
2456,856,11.08,7,0.05
2456,637,261.07,4,0.1
2456,813,210.95,4,0.1
2457,552,136.1,8,0.1
2457,620,60.24,9,0.15
2457,236,223.73,10,0.1
2457,976,368.51,9,0.15
2457,244,390.26,6,0.1
2458,292,366.45,3,0.15
2458,256,472.45,3,0.2
2459,352,141.8,6,0.0
2459,22,293.03,6,0.05
2459,461,487.3,9,0.2
2460,383,245.01,1,0.05
2460,624,288.97,10,0.15
2460,279,148.86,4,0.1
2460,901,304.46,8,0.15
2460,944,170.79,5,0.15
2461,822,279.23,4,0.0
2462,781,300.04,10,0.1
2463,140,475.27,4,0.1
2463,564,493.12,10,0.15
2463,521,336.81,9,0.15
2464,461,293.9,8,0.0
2464,604,210.21,2,0.15
2464,552,353.14,1,0.15
2464,626,296.28,2,0.1
2465,451,482.05,4,0.2
2465,930,137.75,8,0.0
2465,85,174.99,8,0.1
2465,83,215.23,6,0.0
2465,27,329.78,2,0.2
2466,433,198.34,5,0.1
2466,967,285.86,3,0.05
2466,21,149.2,4,0.1
2466,703,309.24,7,0.2
2466,99,263.39,1,0.1
2467,778,326.4,7,0.15
2467,932,429.87,10,0.05
2467,18,247.39,5,0.0
2468,845,377.2,5,0.05
2468,730,399.75,7,0.0
2469,852,92.23,6,0.15
2469,720,70.94,1,0.05
2469,550,171.91,4,0.2
2469,602,168.63,8,0.15
2470,774,438.53,5,0.2
2470,386,496.43,2,0.15
2471,530,150.89,4,0.15
2471,663,431.13,1,0.15
2472,331,181.89,1,0.0
2472,525,20.65,2,0.05
2473,563,173.4,10,0.05
2473,592,10.75,5,0.2
2473,387,431.23,3,0.15
2473,616,235.24,9,0.15
2474,50,170.5,3,0.0
2474,913,473.22,7,0.05
2474,222,134.33,5,0.05
2474,397,318.15,5,0.15
2475,800,362.18,4,0.0
2475,613,273.24,3,0.05
2475,387,118.95,8,0.15
2475,766,53.5,1,0.15
2475,757,442.57,2,0.15
2476,287,235.88,7,0.05
2476,888,340.85,3,0.15
2476,366,130.05,7,0.15
2477,321,451.85,9,0.2
2477,714,249.31,8,0.1
2477,43,393.94,6,0.2
2477,522,143.58,5,0.05
2477,629,471.07,9,0.1
2478,602,425.74,8,0.15
2478,363,395.73,1,0.05
2479,399,242.91,1,0.1
2479,477,437.34,1,0.15
2479,430,216.41,6,0.0
2479,571,160.98,8,0.1
2480,306,47.26,8,0.05
2480,91,329.35,4,0.0
2481,603,361.64,10,0.1
2481,60,371.85,7,0.1
2481,808,205.23,9,0.05
2481,34,128.66,5,0.1
2481,659,178.27,9,0.1
2482,375,98.34,4,0.05
2482,252,471.33,7,0.0
2482,351,319.34,1,0.0
2482,977,137.51,1,0.2
2483,72,39.37,4,0.1
2484,772,48.12,10,0.2
2484,682,255.91,10,0.15
2484,371,418.44,2,0.0
2484,845,278.33,6,0.2
2484,432,115.37,8,0.1
2485,437,160.14,8,0.15
2485,79,462.43,9,0.15
2485,320,260.45,1,0.1
2485,748,363.07,10,0.15
2486,688,418.61,9,0.05
2486,667,357.0,1,0.1
2486,880,358.89,6,0.15
2486,801,178.12,10,0.2
2487,18,313.22,5,0.05
2487,540,353.68,4,0.0
2487,658,367.7,10,0.05
2488,433,18.5,5,0.15
2488,931,343.4,10,0.2
2488,293,216.94,3,0.0
2488,876,134.15,6,0.0
2489,897,270.65,7,0.0
2489,91,161.08,5,0.15
2490,219,299.48,2,0.1
2490,566,232.35,9,0.1
2491,268,156.62,5,0.05
2491,467,11.3,6,0.2
2492,289,465.71,3,0.05
2492,106,393.71,8,0.05
2492,18,420.77,2,0.2
2493,424,433.62,8,0.1
2493,318,56.8,2,0.05
2493,948,460.15,2,0.2
2493,888,340.41,1,0.05
2494,527,141.09,7,0.1
2494,383,271.91,2,0.1
2494,201,112.92,10,0.2
2495,374,249.59,10,0.1
2495,654,178.43,10,0.2
2495,172,38.36,10,0.2
2495,711,158.76,2,0.05
2495,122,485.85,9,0.15
2496,370,421.36,2,0.15
2496,828,235.75,10,0.05
2496,532,115.41,4,0.0
2497,226,290.25,9,0.0
2497,319,368.85,4,0.2
2497,546,41.87,5,0.15
2497,781,102.65,3,0.2
2497,978,491.19,3,0.1
2498,106,308.05,6,0.2
2498,706,237.02,4,0.0
2499,754,262.36,3,0.15
2499,946,453.26,5,0.0
2499,105,495.17,5,0.15
2499,178,53.18,4,0.0
2499,65,172.85,6,0.1
2500,870,476.61,6,0.05
2500,56,29.11,1,0.1
2501,11,271.08,2,0.0
2501,461,312.15,7,0.1
2501,452,310.82,5,0.1
2502,468,421.31,7,0.05
2502,417,377.16,5,0.1
2502,760,494.1,5,0.0
2503,760,58.16,7,0.2
2503,998,430.27,10,0.1
2503,189,177.21,1,0.15
2503,612,160.33,2,0.2
2503,606,459.51,2,0.0
2504,996,376.62,7,0.2
2504,108,55.71,1,0.2
2504,940,321.86,3,0.1
2504,712,75.66,2,0.15
2505,145,71.71,2,0.15
2505,428,184.36,7,0.05
2505,845,328.69,7,0.2
2505,516,288.56,7,0.05
2505,948,24.93,4,0.1
2506,587,52.31,1,0.0
2506,819,179.18,4,0.05
2506,955,334.4,6,0.15
2506,726,73.46,3,0.2
2507,51,81.43,1,0.15
2507,721,457.31,5,0.2
2507,207,176.4,8,0.05
2507,162,134.5,4,0.2
2508,962,181.33,5,0.1
2508,126,101.27,1,0.1
2508,149,341.68,9,0.0
2508,625,356.18,3,0.2
2509,17,151.14,1,0.05
2509,826,397.73,3,0.1
2509,390,16.27,6,0.1
2509,45,444.34,5,0.15
2510,710,30.41,10,0.0
2510,622,136.02,2,0.2
2510,990,486.31,10,0.2
2510,350,171.94,7,0.1
2511,37,451.28,6,0.1
2511,97,221.39,3,0.05
2512,573,260.12,7,0.1
2512,504,218.53,10,0.2
2512,544,416.5,2,0.05
2512,521,200.78,1,0.15
2512,949,327.11,3,0.2
2513,906,53.21,2,0.05
2514,392,417.05,5,0.15
2514,10,452.25,2,0.2
2514,945,311.55,4,0.2
2514,287,18.17,6,0.0
2514,494,382.36,5,0.2
2515,817,284.46,10,0.1
2515,784,160.94,10,0.0
2515,331,137.21,10,0.0
2515,748,478.95,4,0.1
2515,252,225.84,9,0.05
2516,368,210.33,4,0.0
2516,904,411.84,6,0.05
2516,96,71.79,7,0.15
2516,981,13.84,9,0.1
2516,754,433.62,9,0.15
2517,767,172.55,3,0.2
2517,789,446.55,6,0.2
2517,424,335.14,3,0.2
2517,855,454.05,9,0.0
2517,819,382.47,2,0.2
2518,158,193.02,1,0.15
2518,252,450.16,9,0.1
2519,549,471.64,7,0.15
2519,745,454.26,8,0.2
2519,306,19.05,7,0.1
2519,698,168.73,9,0.05
2520,997,291.52,10,0.15
2520,276,174.01,2,0.05
2520,752,185.13,4,0.0
2520,288,469.44,6,0.1
2521,615,462.65,10,0.15
2521,644,144.52,8,0.1
2521,163,52.62,2,0.1
2522,396,219.99,6,0.0
2522,701,421.12,2,0.2
2522,909,313.22,7,0.1
2522,951,173.98,5,0.2
2522,161,209.07,6,0.0
2523,798,162.23,2,0.2
2523,657,207.62,9,0.2
2523,447,219.12,1,0.0
2524,979,410.91,1,0.0
2524,212,204.04,4,0.0
2524,360,52.07,6,0.2
2524,755,242.95,3,0.05
2524,517,461.76,3,0.05
2525,288,115.33,10,0.05
2525,778,245.0,7,0.2
2525,555,33.92,9,0.1
2525,811,223.59,1,0.0
2525,763,404.19,9,0.0
2526,9,106.3,5,0.2
2526,813,12.45,6,0.05
2526,209,224.93,4,0.1
2527,409,464.99,6,0.1
2527,410,143.56,1,0.1
2527,765,130.07,3,0.15
2527,498,30.04,7,0.15
2527,107,429.34,7,0.05
2528,140,377.2,7,0.1
2528,50,315.78,2,0.0
2528,645,303.66,3,0.2
2528,341,412.3,6,0.15
2529,757,85.25,9,0.1
2529,642,371.55,3,0.0
2529,948,440.94,6,0.1
2529,700,364.1,4,0.2
2530,882,340.05,8,0.1
2530,21,438.63,9,0.05
2531,937,87.77,3,0.15
2532,223,191.68,8,0.2
2532,966,140.83,7,0.0
2532,622,228.45,10,0.0
2533,851,392.83,10,0.2
2533,352,469.7,10,0.2
2533,85,41.69,8,0.1
2533,683,191.46,3,0.2
2534,307,160.34,3,0.1
2534,99,110.94,2,0.15
2534,813,459.65,10,0.2
2535,533,339.75,4,0.2
2535,778,392.51,6,0.2
2536,279,181.75,6,0.2
2536,451,449.97,8,0.0
2536,456,187.21,5,0.2
2536,445,139.03,4,0.1
2537,785,273.15,8,0.0
2537,443,174.78,7,0.2
2538,974,365.7,10,0.1
2538,145,386.16,1,0.15
2539,970,156.24,2,0.1
2539,973,113.15,10,0.15
2539,711,238.64,1,0.0
2539,247,63.8,6,0.1
2540,466,150.99,5,0.05
2540,880,334.97,5,0.2
2540,235,247.04,3,0.1
2540,785,471.87,8,0.2
2541,411,119.39,5,0.15
2541,261,161.42,7,0.2
2541,107,171.11,6,0.15
2542,635,163.9,4,0.05
2542,682,272.84,6,0.1
2543,19,295.22,6,0.15
2543,855,375.95,5,0.15
2543,794,187.44,9,0.0
2543,691,330.27,7,0.0
2543,768,86.14,9,0.1
2544,796,104.77,3,0.05
2545,760,331.05,5,0.15
2545,754,10.92,1,0.15
2546,258,206.22,10,0.15
2547,261,367.47,8,0.2
2548,738,349.83,5,0.0
2548,829,282.43,6,0.2
2548,826,176.62,1,0.2
2548,841,359.31,8,0.1
2549,732,28.17,8,0.0
2549,785,103.57,7,0.0
2549,413,19.45,8,0.1
2550,695,381.41,8,0.0
2550,32,470.66,8,0.2
2550,675,397.38,5,0.2
2550,867,26.39,9,0.15
2550,41,353.36,3,0.2
2551,322,204.96,3,0.0
2551,697,377.14,6,0.2
2551,101,407.11,4,0.2
2552,435,182.94,4,0.15
2552,456,248.54,4,0.1
2552,412,440.8,6,0.2
2552,694,301.23,1,0.15
2552,256,38.32,3,0.05
2553,552,483.85,4,0.1
2553,220,411.93,4,0.2
2553,277,13.58,5,0.05
2553,798,33.09,8,0.1
2553,88,90.83,5,0.2
2554,443,427.02,4,0.1
2554,415,245.09,10,0.15
2555,788,475.84,5,0.2
2555,840,482.0,4,0.0
2555,906,335.45,8,0.05
2555,65,404.25,7,0.1
2556,834,261.7,6,0.05
2556,158,474.81,7,0.05
2556,400,449.49,8,0.2
2556,845,473.53,2,0.05
2556,26,444.31,9,0.15
2557,962,407.02,3,0.05
2557,598,400.41,3,0.0
2557,107,139.29,3,0.1
2557,91,434.7,7,0.0
2558,600,249.72,9,0.2
2559,864,406.91,5,0.15
2559,342,488.61,6,0.15
2560,645,458.21,4,0.05
2560,280,193.64,6,0.1
2560,387,150.34,2,0.0
2561,100,336.21,6,0.0
2561,817,114.78,8,0.05
2561,792,260.49,1,0.1
2561,705,80.75,4,0.2
2561,546,414.51,9,0.0
2562,222,220.13,5,0.0
2562,456,273.16,5,0.15
2562,858,470.16,5,0.15
2562,975,338.67,3,0.0
2562,740,473.6,5,0.2
2563,204,168.59,1,0.0
2563,249,64.53,8,0.05
2564,213,10.79,8,0.15
2564,934,460.87,8,0.15
2564,399,32.64,10,0.0
2564,12,495.78,8,0.15
2564,201,63.12,9,0.05
2565,387,192.86,8,0.15
2565,148,330.56,2,0.15
2565,759,100.92,2,0.15
2565,619,82.17,5,0.2
2566,866,331.82,2,0.2
2566,529,201.07,10,0.05
2566,405,31.91,3,0.15
2566,575,424.03,6,0.15
2566,51,135.78,7,0.15
2567,112,50.82,1,0.1
2567,603,361.78,4,0.2
2567,628,344.05,7,0.1
2568,34,377.84,1,0.05
2568,989,156.2,6,0.0
2568,579,355.53,10,0.15
2568,737,344.51,2,0.2
2568,727,43.88,6,0.2
2569,103,293.99,8,0.0
2569,193,236.56,3,0.0
2569,407,480.76,4,0.0
2569,558,303.2,7,0.05
2569,146,392.67,6,0.05
2570,815,65.41,10,0.0
2570,4,279.7,9,0.15
2570,144,189.75,5,0.2
2570,179,15.13,10,0.05
2571,792,277.17,9,0.1
2571,377,104.14,10,0.0
2572,419,187.42,4,0.1
2573,492,162.63,5,0.15
2574,223,69.84,3,0.0
2574,791,159.09,2,0.05
2574,707,456.33,4,0.05
2574,723,52.52,6,0.1
2574,354,261.48,10,0.15
2575,593,405.93,10,0.15
2575,13,58.98,8,0.0
2575,955,429.94,1,0.05
2575,226,26.0,7,0.2
2575,348,231.43,1,0.2
2576,76,455.94,7,0.0
2576,133,171.68,7,0.1
2576,260,275.03,4,0.2
2577,329,283.72,2,0.2
2577,214,232.24,7,0.15
2577,245,237.75,7,0.0
2577,459,14.6,5,0.05
2577,395,161.98,10,0.15
2578,863,323.14,8,0.05
2578,82,31.86,4,0.05
2579,595,376.72,8,0.1
2579,811,457.08,8,0.1
2579,431,497.33,6,0.0
2580,310,275.99,9,0.0
2581,311,402.98,2,0.2
2581,718,55.44,6,0.15
2581,895,19.57,6,0.1
2581,450,89.48,1,0.15
2581,743,301.23,10,0.1
2582,736,212.64,2,0.0
2582,912,62.68,8,0.2
2582,307,241.6,5,0.15
2582,823,187.41,6,0.15
2582,489,177.3,3,0.2
2583,810,344.73,4,0.1
2583,467,258.39,5,0.0
2583,156,381.52,10,0.0
2583,171,308.34,5,0.15
2583,397,268.93,6,0.15
2584,864,222.6,10,0.2
2585,945,477.39,7,0.0
2585,887,117.06,3,0.15
2586,488,227.0,8,0.15
2586,35,225.13,6,0.15
2586,640,30.03,4,0.2
2586,786,286.85,7,0.05
2586,883,194.36,8,0.15
2587,189,462.17,2,0.0
2587,901,37.04,8,0.05
2587,764,494.29,2,0.05
2587,828,281.41,7,0.05
2587,778,101.84,1,0.15
2588,991,150.84,3,0.05
2588,923,104.37,4,0.0
2588,669,396.02,4,0.2
2588,939,298.8,4,0.1
2588,172,147.16,1,0.15
2589,855,425.6,7,0.2
2590,725,459.39,7,0.2
2590,233,178.46,3,0.05
2590,697,177.1,9,0.15
2591,798,159.71,3,0.2
2591,144,178.38,8,0.0
2591,614,26.17,7,0.1
2592,544,282.29,5,0.2
2592,908,244.65,6,0.05
2592,848,62.25,10,0.2
2593,263,91.69,6,0.1
2594,543,13.17,4,0.15
2594,822,211.0,5,0.05
2595,342,245.04,7,0.2
2595,820,269.72,8,0.2
2595,31,204.47,3,0.0
2596,740,475.97,3,0.0
2596,605,132.06,2,0.15
2597,924,450.67,10,0.1
2598,411,476.2,10,0.05
2598,988,274.57,8,0.2
2598,425,267.0,8,0.05
2598,945,460.65,9,0.15
2598,214,109.46,2,0.1
2599,825,288.02,7,0.05
2599,318,292.38,2,0.15
2600,402,14.09,4,0.05
2600,318,275.53,9,0.0
2600,308,240.79,1,0.1
2600,118,48.5,1,0.05
2600,438,268.26,5,0.1
2601,154,470.11,3,0.05
2602,85,364.35,8,0.1
2603,376,42.74,5,0.2
2603,970,254.16,3,0.0
2603,279,37.22,5,0.15
2604,135,328.61,1,0.0
2604,896,184.2,7,0.2
2604,478,229.19,5,0.05
2604,328,414.37,4,0.15
2605,493,271.93,6,0.1
2606,955,16.56,6,0.2
2606,962,476.65,3,0.05
2606,825,347.51,4,0.15
2606,194,272.11,1,0.15
2606,207,34.0,2,0.1
2607,457,122.27,7,0.15
2607,609,46.98,9,0.1
2607,158,255.08,2,0.2
2608,8,363.96,10,0.15
2608,98,253.21,8,0.05
2608,374,23.58,3,0.1
2608,46,46.07,3,0.0
2609,869,285.55,9,0.1
2610,244,355.47,10,0.15
2610,233,422.47,5,0.2
2611,773,296.89,9,0.05
2611,489,300.76,2,0.1
2612,988,458.1,2,0.0
2612,961,220.38,4,0.2
2612,647,326.5,2,0.1
2612,931,304.76,1,0.15
2612,381,173.78,8,0.1
2613,811,481.95,3,0.1
2614,831,211.9,7,0.05
2614,479,179.46,2,0.2
2614,847,463.58,4,0.0
2614,244,97.13,10,0.15
2614,597,366.53,4,0.15
2615,492,136.36,4,0.1
2615,176,106.8,6,0.1
2615,904,315.09,8,0.2
2615,770,252.75,10,0.15
2616,488,452.96,5,0.05
2616,113,448.22,1,0.05
2616,346,310.56,10,0.0
2617,277,271.63,1,0.1
2617,951,71.43,8,0.2
2618,985,363.29,10,0.1
2618,52,14.65,2,0.15
2618,642,352.51,8,0.05
2618,32,244.16,3,0.1
2619,416,350.32,3,0.05
2619,392,189.32,10,0.05
2620,227,212.17,10,0.05
2621,610,382.63,5,0.0
2622,696,172.72,8,0.05
2623,967,358.26,8,0.05
2624,406,456.61,5,0.15
2624,319,480.4,6,0.15
2625,993,320.73,9,0.1
2625,807,71.68,10,0.05
2625,14,116.54,6,0.2
2625,900,268.47,5,0.15
2625,12,402.55,3,0.05
2626,552,481.79,6,0.2
2626,653,214.46,7,0.15
2626,249,395.88,2,0.1
2626,855,132.11,10,0.0
2626,813,396.93,3,0.15
2627,760,237.84,4,0.15
2627,309,168.98,1,0.05
2628,620,17.79,1,0.0
2628,577,221.84,8,0.15
2629,886,421.95,5,0.1
2630,463,249.56,6,0.1
2630,516,137.31,1,0.1
2631,657,71.22,10,0.15
2631,255,303.36,1,0.15
2632,974,141.14,10,0.05
2632,373,314.77,5,0.05
2632,831,345.12,7,0.2
2632,884,19.42,6,0.05
2633,886,95.51,8,0.2
2633,188,350.02,6,0.15
2633,811,107.08,9,0.0
2633,706,447.05,4,0.0
2633,356,467.78,4,0.1
2634,255,420.75,4,0.0
2634,645,98.59,4,0.15
2634,920,162.01,3,0.05
2635,777,134.21,10,0.2
2635,488,193.41,8,0.05
2635,956,36.93,4,0.1
2636,332,458.77,7,0.0
2637,255,74.71,2,0.0
2637,842,248.86,2,0.1
2638,333,254.34,10,0.1
2638,548,320.68,1,0.1
2638,880,84.42,5,0.1
2639,313,314.12,6,0.1
2639,73,429.37,3,0.1
2639,81,123.96,1,0.15
2639,608,387.64,2,0.2
2640,865,132.24,6,0.0
2641,733,367.32,5,0.2
2641,761,480.89,2,0.2
2641,229,359.35,8,0.0
2642,709,380.66,6,0.15
2642,510,475.2,7,0.15
2642,879,400.8,3,0.2
2643,285,130.56,7,0.0
2643,420,375.04,3,0.0
2644,673,221.96,6,0.05
2644,374,14.54,1,0.15
2644,914,223.55,2,0.1
2644,972,30.35,3,0.0
2644,734,164.05,9,0.15
2645,829,301.87,8,0.0
2645,368,159.98,4,0.15
2645,684,21.75,9,0.0
2645,668,375.13,10,0.0
2645,431,63.56,2,0.1
2646,751,369.01,10,0.05
2646,99,247.94,9,0.2
2646,870,255.41,2,0.2
2646,52,301.01,1,0.1
2647,673,129.11,9,0.0
2647,118,209.74,9,0.15
2647,396,356.78,6,0.0
2647,961,268.45,6,0.15
2648,47,299.69,6,0.15
2648,359,381.79,9,0.05
2648,643,196.29,3,0.2
2648,37,26.79,8,0.05
2648,677,360.12,3,0.0
2649,115,152.29,3,0.05
2649,690,234.47,6,0.15
2649,685,148.53,8,0.2
2649,967,119.41,1,0.2
2649,886,118.75,7,0.2
2650,976,303.22,10,0.1
2650,906,60.59,5,0.1
2650,533,488.7,10,0.2
2650,779,110.17,8,0.0
2651,397,286.51,7,0.15
2651,493,268.16,7,0.15
2651,270,192.56,9,0.1
2652,915,159.12,7,0.0
2652,104,182.04,10,0.1
2652,87,412.3,4,0.1
2652,436,131.98,2,0.2
2653,939,316.65,8,0.05
2654,955,76.0,9,0.1
2654,151,219.98,4,0.05
2654,17,387.56,8,0.15
2654,738,399.35,1,0.05
2654,34,58.72,8,0.2
2655,111,421.43,2,0.1
2655,607,148.75,8,0.05
2655,802,16.18,2,0.05
2655,165,138.68,1,0.05
2656,979,175.14,1,0.0
2656,838,498.43,5,0.2
2656,298,496.35,9,0.0
2657,601,288.33,8,0.15
2657,941,319.24,4,0.2
2657,564,259.9,3,0.1
2657,864,194.98,7,0.05
2657,214,16.46,5,0.05
2658,226,24.66,2,0.1
2658,791,119.47,3,0.2
2658,688,160.53,4,0.0
2658,61,250.94,5,0.0
2658,29,224.46,10,0.2
2659,322,199.87,9,0.2
2659,278,253.3,4,0.1
2659,424,58.89,10,0.15
2659,773,86.81,6,0.05
2660,797,37.29,3,0.05
2660,336,132.41,3,0.05
2660,648,449.35,5,0.0
2660,414,192.42,8,0.15
2661,189,186.12,6,0.2
2662,755,462.28,3,0.2
2662,45,442.46,1,0.1
2662,846,44.03,7,0.15
2662,269,31.29,9,0.0
2662,105,426.4,4,0.2
2663,500,281.13,5,0.15
2663,540,321.09,1,0.2
2664,391,169.93,8,0.15
2664,819,309.63,9,0.1
2664,199,158.35,3,0.0
2664,427,80.93,5,0.2
2664,85,83.1,9,0.2
2665,196,435.47,4,0.15
2665,742,47.64,6,0.0
2665,73,120.92,2,0.0
2665,251,457.57,1,0.05
2666,696,407.96,5,0.0
2666,390,306.1,4,0.2
2666,647,210.29,7,0.0
2666,602,22.01,8,0.0
2667,582,59.95,10,0.2
2667,854,71.35,6,0.15
2667,763,478.64,10,0.05
2667,128,445.31,8,0.15
2667,851,284.5,4,0.1
2668,993,32.18,5,0.0
2669,96,44.18,2,0.0
2669,203,472.5,9,0.0
2669,774,162.9,6,0.0
2670,161,321.73,8,0.2
2670,323,337.57,5,0.1
2671,40,10.67,5,0.0
2671,515,405.27,7,0.15
2671,370,59.04,9,0.15
2671,425,268.02,2,0.0
2672,108,406.57,6,0.15
2672,269,143.17,8,0.05
2673,469,334.08,8,0.2
2673,336,141.71,1,0.15
2674,28,430.35,8,0.1
2674,228,136.55,10,0.2
2674,220,461.34,9,0.15
2675,619,471.86,4,0.2
2676,726,122.09,10,0.1
2677,191,409.75,7,0.1
2678,5,418.39,1,0.05
2679,437,406.44,6,0.05
2679,778,470.75,9,0.0
2680,501,204.32,2,0.0
2680,948,49.79,9,0.2
2680,971,208.96,6,0.1
2681,806,120.67,1,0.15
2681,97,466.2,1,0.0
2681,170,147.64,5,0.2
2681,330,206.0,10,0.1
2682,388,409.99,10,0.1
2682,794,259.3,9,0.0
2682,651,238.98,4,0.15
2682,652,405.98,1,0.0
2682,598,461.46,8,0.15
2683,772,45.19,8,0.05
2684,321,301.8,4,0.0
2684,588,227.63,2,0.0
2684,930,466.47,2,0.15
2684,318,62.24,7,0.0
2685,285,311.88,3,0.0
2686,294,472.96,6,0.1
2686,301,426.11,7,0.15
2686,89,146.86,4,0.05
2687,311,492.61,6,0.1
2687,680,470.66,4,0.2
2687,579,492.96,8,0.0
2687,748,411.09,4,0.1
2687,417,129.46,1,0.0
2688,633,296.98,3,0.15
2688,712,316.99,6,0.05
2688,817,362.48,2,0.2
2689,664,60.85,8,0.05
2689,852,481.15,5,0.15
2689,468,350.29,3,0.1
2689,242,258.22,3,0.05
2690,843,430.33,4,0.2
2690,358,85.18,8,0.15
2690,867,281.17,2,0.1
2690,539,353.63,4,0.1
2690,386,292.49,2,0.15
2691,400,12.87,6,0.2
2691,451,324.13,8,0.05
2691,960,414.13,8,0.2
2691,35,71.39,2,0.15
2691,441,76.76,1,0.15
2692,571,191.79,5,0.15
2692,628,158.11,4,0.2
2692,193,272.21,10,0.15
2692,957,17.63,5,0.1
2692,898,186.7,1,0.05
2693,735,242.96,2,0.2
2693,244,492.93,7,0.2
2693,257,482.79,6,0.1
2693,678,71.81,1,0.1
2693,136,21.69,3,0.15
2694,8,33.48,2,0.0
2695,86,410.81,7,0.0
2696,73,104.34,5,0.1
2696,867,484.29,10,0.2
2696,600,50.13,2,0.05
2696,471,10.59,9,0.2
2697,671,104.68,5,0.15
2697,783,417.78,10,0.0
2698,874,340.19,4,0.0
2698,415,40.07,5,0.2
2698,490,71.19,8,0.05
2698,131,317.78,7,0.1
2698,202,485.02,7,0.0
2699,142,278.01,3,0.0
2699,130,211.22,2,0.2
2699,74,366.35,7,0.1
2699,791,69.57,7,0.0
2699,544,322.66,4,0.0
2700,195,138.28,2,0.15
2700,424,307.7,7,0.2
2701,325,316.58,10,0.0
2701,935,212.78,8,0.15
2702,16,82.2,10,0.0
2702,857,359.38,4,0.05
2702,250,488.98,3,0.2
2703,907,321.18,7,0.15
2703,909,456.64,3,0.15
2704,247,424.4,10,0.1
2704,473,424.37,3,0.05
2704,598,163.38,10,0.15
2704,267,383.19,5,0.1
2704,620,345.06,5,0.05
2705,786,223.15,2,0.0
2705,721,46.45,4,0.05
2705,748,32.7,5,0.0
2705,556,306.45,9,0.0
2706,576,51.73,6,0.1
2706,512,354.22,10,0.0
2706,491,387.75,7,0.05
2707,544,35.54,6,0.2
2707,491,58.0,3,0.0
2707,952,359.49,5,0.15
2707,625,477.32,8,0.05
2708,423,97.5,7,0.15
2709,222,81.42,6,0.2
2710,75,13.29,10,0.1
2710,549,178.9,10,0.2
2710,816,288.21,8,0.15
2711,739,485.38,10,0.05
2711,467,304.81,6,0.15
2712,324,481.22,3,0.1
2712,782,362.71,5,0.0
2712,355,46.01,8,0.05
2712,70,493.94,8,0.0
2712,578,117.02,9,0.15
2713,985,202.54,8,0.15
2713,364,61.0,3,0.1
2714,299,111.92,1,0.2
2714,748,31.05,7,0.05
2714,871,25.72,9,0.05
2714,165,293.24,3,0.1
2714,211,497.17,9,0.05
2715,478,433.6,2,0.0
2715,229,445.11,9,0.2
2715,985,109.33,3,0.15
2715,931,122.47,7,0.1
2715,859,383.62,5,0.2
2716,153,241.25,1,0.0
2716,189,312.42,1,0.2
2716,3,154.51,9,0.15
2717,850,224.06,3,0.15
2717,690,310.41,7,0.05
2717,72,318.32,6,0.0
2718,640,368.02,6,0.1
2718,749,54.77,1,0.0
2719,907,261.5,10,0.1
2719,83,347.43,5,0.05
2719,34,73.12,3,0.05
2720,14,112.8,1,0.15
2721,133,167.9,3,0.2
2721,247,123.15,4,0.1
2722,899,323.48,4,0.15
2722,839,172.14,4,0.2
2723,446,386.08,3,0.2
2724,886,307.01,7,0.15
2725,127,421.71,7,0.2
2725,433,198.9,9,0.15
2726,10,430.48,5,0.1
2726,255,146.44,5,0.0
2726,212,472.01,7,0.0
2727,401,12.1,9,0.1
2727,271,152.17,6,0.2
2727,595,23.46,6,0.0
2727,476,250.0,5,0.05
2728,969,262.7,10,0.05
2728,423,154.9,2,0.1
2728,851,12.97,1,0.2
2728,710,482.52,7,0.2
2728,175,290.84,7,0.0
2729,126,419.86,6,0.1
2729,338,88.3,4,0.05
2730,677,490.01,1,0.1
2730,813,256.58,9,0.05
2731,664,125.16,5,0.0
2731,456,477.78,5,0.15
2731,652,497.58,3,0.1
2731,312,375.61,4,0.2
2732,48,52.6,6,0.05
2732,791,410.36,6,0.2
2732,110,346.05,3,0.15
2733,722,96.81,1,0.05
2733,557,50.4,8,0.1
2733,566,270.45,1,0.05
2733,552,19.74,6,0.2
2734,8,67.69,9,0.15
2734,724,43.03,5,0.05
2734,778,97.26,4,0.1
2734,608,479.07,6,0.1
2734,483,333.77,6,0.2
2735,47,370.86,6,0.2
2735,334,209.31,6,0.15
2736,614,62.42,4,0.15
2736,622,494.83,9,0.05
2736,874,18.98,5,0.1
2736,91,239.19,3,0.15
2737,333,344.59,2,0.15
2737,786,10.28,10,0.1
2737,889,484.31,10,0.15
2738,818,380.69,6,0.05
2739,120,110.5,7,0.2
2739,796,301.61,7,0.0
2740,938,261.87,5,0.15
2741,698,339.09,10,0.2
2741,767,297.49,4,0.0
2741,73,346.56,8,0.1
2741,134,201.3,2,0.0
2742,749,290.4,8,0.2
2742,858,443.09,10,0.05
2743,108,170.9,7,0.0
2743,649,457.06,4,0.05
2743,929,265.23,8,0.2
2743,952,442.14,6,0.05
2744,375,284.8,10,0.2
2744,752,204.32,2,0.2
2744,659,388.75,5,0.05
2744,987,484.89,8,0.15
2744,967,351.37,1,0.2
2745,661,12.0,4,0.15
2746,292,393.65,5,0.1
2746,631,163.19,5,0.1
2746,597,145.78,1,0.15
2746,627,207.47,3,0.15
2746,871,76.36,6,0.1
2747,305,231.44,6,0.2
2747,788,63.47,7,0.0
2748,256,329.61,9,0.05
2748,350,461.24,9,0.1
2748,594,477.85,10,0.0
2749,832,290.43,7,0.1
2749,621,258.08,6,0.15
2749,721,258.62,4,0.15
2749,802,171.63,9,0.0
2750,489,116.86,5,0.0
2750,539,249.51,4,0.0
2750,317,498.08,2,0.15
2750,844,238.19,7,0.0
2751,324,22.51,1,0.15
2751,674,258.85,4,0.15
2752,161,358.68,6,0.1
2752,153,16.69,4,0.15
2752,196,295.0,10,0.1
2752,203,73.65,9,0.1
2752,733,344.24,1,0.05
2753,90,499.84,3,0.15
2753,784,164.38,3,0.15
2754,322,338.78,6,0.0
2754,712,149.52,8,0.05
2755,609,102.3,3,0.05
2755,707,141.24,8,0.0
2755,55,153.09,10,0.1
2756,600,129.08,6,0.1
2757,353,493.48,1,0.05
2757,712,28.01,7,0.0
2757,463,240.43,2,0.05
2758,998,467.34,6,0.2
2758,317,144.31,8,0.15
2758,272,64.47,3,0.0
2758,960,280.0,4,0.2
2759,980,321.09,8,0.0
2760,333,208.56,3,0.05
2760,31,435.96,9,0.05
2760,449,331.55,1,0.1
2760,753,199.24,5,0.15
2761,712,469.04,6,0.1
2761,362,168.68,6,0.2
2761,255,173.15,3,0.15
2761,688,114.0,6,0.15
2761,5,13.24,8,0.15
2762,621,398.86,4,0.05
2762,822,249.2,4,0.2
2762,689,364.36,1,0.1
2762,320,342.4,7,0.0
2762,946,24.32,3,0.05
2763,580,491.69,3,0.15
2763,387,446.0,10,0.0
2763,739,100.03,3,0.05
2763,677,40.41,8,0.1
2764,693,61.05,10,0.0
2764,24,221.52,8,0.0
2764,411,459.67,2,0.1
2765,177,28.95,4,0.2
2766,259,309.68,8,0.15
2766,317,303.57,3,0.0
2767,187,328.04,4,0.05
2767,746,298.2,2,0.2
2767,76,87.2,7,0.2
2767,565,81.89,1,0.1
2768,26,51.67,3,0.15
2768,492,30.64,1,0.2
2769,906,260.34,8,0.15
2769,149,376.81,3,0.15
2770,324,150.18,9,0.1
2771,753,228.0,3,0.2
2771,555,467.43,1,0.15
2771,549,104.82,3,0.2
2771,911,416.99,1,0.0
2772,432,292.69,1,0.1
2772,1000,136.76,7,0.1
2773,594,142.67,7,0.0
2773,332,423.87,7,0.0
2773,141,326.9,5,0.15
2773,759,86.26,5,0.1
2773,903,96.67,8,0.05
2774,564,239.94,9,0.2
2774,477,137.83,8,0.0
2774,712,407.13,10,0.1
2774,257,214.12,8,0.15
2775,795,52.34,10,0.2
2775,889,255.06,8,0.05
2775,55,277.42,3,0.15
2775,445,266.0,10,0.05
2776,816,362.58,7,0.1
2776,151,68.57,1,0.0
2776,916,177.38,8,0.0
2776,411,326.28,7,0.0
2776,704,174.0,7,0.2
2777,11,421.27,7,0.15
2777,814,159.75,8,0.2
2777,207,420.68,2,0.05
2777,77,238.44,9,0.05
2777,707,449.81,3,0.1
2778,571,186.87,6,0.1
2778,702,50.77,7,0.0
2779,591,305.93,10,0.2
2780,570,225.6,2,0.15
2780,21,10.58,9,0.15
2780,535,248.09,2,0.1
2781,41,239.0,2,0.0
2781,492,240.93,5,0.0
2782,232,487.77,10,0.1
2782,231,368.68,10,0.15
2782,435,231.98,3,0.1
2783,86,487.48,2,0.0
2783,686,463.92,10,0.0
2783,55,35.11,8,0.0
2783,336,409.47,8,0.2
2784,29,15.79,1,0.05
2784,744,180.53,5,0.2
2784,181,242.04,4,0.2
2785,34,15.86,3,0.2
2785,84,451.6,8,0.1
2786,810,235.75,6,0.05
2786,618,435.4,7,0.1
2786,485,301.55,8,0.1
2786,276,134.66,3,0.1
2786,664,84.16,10,0.1
2787,58,50.86,5,0.0
2787,289,181.12,4,0.15
2788,41,395.58,6,0.0
2788,964,451.22,4,0.05
2788,813,234.71,10,0.05
2789,809,203.78,10,0.2
2789,434,229.17,9,0.0
2789,816,374.34,7,0.0
2789,770,420.37,6,0.1
2790,786,234.32,10,0.0
2790,91,401.97,9,0.1
2790,828,311.53,7,0.2
2790,815,259.48,5,0.1
2791,627,478.44,6,0.2
2791,36,206.38,5,0.0
2791,528,340.18,8,0.1
2791,60,140.11,1,0.2
2791,217,312.43,9,0.15
2792,188,193.2,4,0.1
2792,265,81.22,8,0.2
2793,100,451.67,2,0.0
2794,381,481.46,5,0.15
2794,820,341.94,9,0.2
2794,710,281.41,6,0.2
2794,883,118.96,3,0.0
2794,73,128.95,10,0.15
2795,513,336.34,1,0.15
2796,667,349.66,9,0.0
2796,282,440.02,1,0.05
2797,673,215.11,3,0.1
2797,880,311.94,8,0.05
2798,343,427.27,5,0.2
2799,843,263.35,8,0.2
2799,589,433.59,10,0.05
2800,875,381.76,5,0.15
2801,624,147.22,5,0.15
2801,747,12.41,3,0.2
2801,553,131.47,8,0.0
2802,739,344.27,3,0.0
2802,561,138.5,2,0.15
2802,941,99.75,6,0.2
2802,259,33.24,5,0.1
2803,637,449.56,7,0.15
2803,853,433.49,7,0.2
2804,531,496.64,9,0.15
2804,665,470.95,6,0.1
2804,634,146.6,9,0.1
2804,466,442.9,5,0.0
2804,604,125.44,1,0.0
2805,949,495.65,4,0.15
2805,140,497.41,1,0.1
2805,740,481.65,7,0.05
2805,959,350.74,6,0.0
2805,596,494.06,10,0.05
2806,386,262.81,1,0.0
2806,918,85.06,5,0.2
2806,256,150.31,5,0.15
2807,249,181.24,2,0.0
2807,433,490.78,7,0.2
2807,737,403.63,3,0.05
2807,808,353.6,4,0.0
2807,686,483.38,8,0.0
2808,344,24.83,6,0.05
2808,629,60.05,1,0.05
2808,259,356.21,8,0.1
2808,531,128.22,1,0.05
2809,984,443.63,8,0.0
2809,692,273.08,3,0.1
2809,181,156.14,6,0.15
2809,828,102.15,2,0.0
2810,641,112.76,1,0.15
2810,79,276.82,3,0.2
2811,553,454.02,7,0.0
2811,777,166.29,5,0.1
2811,818,315.07,9,0.1
2811,49,261.66,7,0.05
2812,444,418.36,2,0.2
2812,334,465.75,3,0.2
2812,726,343.52,3,0.1
2813,78,93.96,9,0.2
2813,961,196.8,10,0.0
2814,855,143.53,10,0.2
2814,976,267.73,5,0.05
2814,629,273.06,3,0.2
2815,460,170.89,1,0.05
2815,905,48.83,4,0.05
2815,37,409.1,9,0.2
2816,94,433.79,4,0.05
2816,812,459.8,4,0.15
2816,752,472.88,9,0.15
2816,773,490.28,3,0.15
2817,559,472.92,6,0.05
2817,399,240.89,9,0.15
2817,140,372.0,1,0.05
2817,438,83.28,9,0.15
2818,575,224.44,2,0.0
2818,232,209.28,9,0.05
2818,852,413.7,5,0.1
2818,276,408.5,6,0.15
2819,351,218.39,4,0.05
2819,913,430.8,8,0.15
2820,58,134.8,4,0.1
2821,366,39.84,3,0.15
2821,723,118.11,3,0.05
2821,599,279.87,8,0.0
2821,482,162.96,3,0.1
2821,224,30.46,3,0.1
2822,346,211.17,10,0.05
2822,298,490.74,8,0.15
2822,931,328.13,5,0.0
2823,426,243.57,9,0.2
2824,369,396.47,7,0.1
2825,891,268.55,6,0.15
2825,661,308.27,5,0.1
2825,472,262.3,5,0.15
2825,239,254.74,4,0.05
2826,729,315.56,2,0.05
2826,183,148.88,10,0.1
2827,548,347.84,1,0.0
2827,477,333.03,7,0.05
2827,941,127.18,10,0.1
2828,597,341.97,5,0.05
2828,861,216.66,1,0.15
2828,608,212.16,9,0.2
2829,212,73.1,1,0.05
2829,61,431.13,4,0.2
2829,88,260.71,2,0.05
2830,511,80.45,4,0.05
2830,94,184.37,9,0.2
2830,888,36.14,9,0.0
2830,778,28.71,1,0.0
2830,385,189.33,4,0.05
2831,287,169.78,8,0.0
2831,858,73.36,8,0.15
2831,828,91.19,8,0.0
2831,203,499.01,7,0.1
2832,442,351.45,10,0.1
2832,676,183.19,8,0.1
2832,636,288.49,10,0.2
2832,377,191.72,6,0.0
2832,474,446.61,6,0.05
2833,138,50.66,2,0.1
2833,577,261.83,5,0.0
2833,728,283.98,10,0.1
2833,647,471.61,6,0.05
2834,147,40.23,8,0.2
2834,829,326.17,9,0.05
2834,956,389.67,2,0.15
2835,99,309.03,3,0.0
2835,895,156.69,6,0.15
2835,69,154.74,5,0.1
2836,62,110.21,3,0.15
2836,824,319.03,10,0.1
2837,208,389.56,3,0.1
2837,27,476.02,4,0.1
2837,526,344.77,4,0.05
2837,749,364.51,2,0.05
2838,900,371.02,3,0.2
2838,293,108.13,7,0.05
2838,10,151.89,1,0.2
2839,93,361.11,9,0.0
2839,181,187.23,3,0.1
2839,817,244.32,6,0.2
2840,63,410.48,10,0.1
2840,725,53.38,4,0.05
2840,28,169.21,7,0.0
2840,290,52.31,10,0.0
2840,948,477.86,2,0.05
2841,759,488.92,5,0.2
2841,987,357.93,8,0.0
2841,748,109.04,10,0.2
2842,709,219.48,7,0.0
2842,181,100.96,4,0.1
2842,914,411.5,2,0.0
2842,473,83.86,3,0.2
2843,905,350.94,4,0.2
2844,230,29.32,5,0.2
2845,574,312.85,10,0.0
2845,36,282.47,9,0.0
2845,167,293.41,7,0.1
2846,162,414.01,2,0.2
2846,193,435.74,1,0.2
2846,120,85.5,4,0.05
2847,402,366.26,4,0.0
2847,988,226.71,3,0.05
2847,576,382.58,7,0.15
2848,308,487.16,2,0.15
2849,12,430.55,4,0.2
2850,95,398.66,8,0.1
2850,634,27.52,1,0.0
2850,118,127.2,4,0.05
2850,910,21.23,4,0.1
2850,519,476.82,5,0.2
2851,441,251.62,5,0.2
2851,29,242.63,7,0.1
2851,982,38.44,8,0.15
2852,770,185.47,8,0.05
2852,721,120.79,7,0.05
2852,158,67.66,1,0.05
2853,983,47.65,1,0.1
2853,658,387.57,8,0.0
2853,516,477.51,10,0.2
2853,746,195.77,4,0.0
2854,409,16.7,10,0.2
2854,891,147.66,10,0.15
2854,473,204.63,10,0.05
2854,24,432.04,3,0.05
2855,707,39.04,8,0.0
2855,473,373.67,6,0.2
2856,801,22.95,8,0.0
2857,672,216.22,4,0.05
2857,50,115.94,4,0.0
2857,573,401.55,7,0.1
2858,797,350.96,9,0.2
2858,503,104.42,3,0.05
2858,301,239.38,10,0.0
2858,293,421.96,8,0.05
2858,903,79.65,6,0.2
2859,703,279.7,6,0.1
2859,383,184.47,2,0.05
2860,788,216.21,1,0.05
2860,118,460.48,9,0.05
2860,916,391.36,4,0.15
2860,590,252.85,9,0.05
2860,978,278.42,8,0.05
2861,900,104.33,4,0.2
2861,577,18.33,5,0.05
2861,862,211.49,8,0.1
2861,651,264.25,7,0.15
2862,530,245.01,5,0.0
2862,442,202.52,8,0.0
2862,756,73.83,7,0.05
2863,469,173.13,3,0.2
2864,493,137.47,9,0.1
2864,410,12.39,2,0.0
2864,39,377.16,5,0.1
2864,125,401.63,6,0.15
2865,558,356.3,4,0.15
2865,116,446.9,2,0.15
2866,391,459.54,4,0.15
2866,122,47.3,9,0.2
2866,105,91.53,1,0.1
2866,315,177.43,5,0.15
2866,396,485.96,5,0.05
2867,513,258.21,5,0.05
2867,994,254.92,2,0.1
2867,253,405.41,4,0.1
2867,389,439.87,5,0.1
2868,347,183.54,7,0.15
2868,868,24.04,4,0.0
2868,581,427.1,2,0.2
2869,659,389.96,4,0.2
2869,141,194.44,10,0.15
2869,156,454.48,3,0.0
2869,509,329.3,8,0.05
2870,817,190.15,1,0.2
2870,544,169.17,8,0.0
2870,238,490.12,10,0.05
2870,548,136.73,10,0.2
2871,417,344.65,6,0.0
2872,117,349.65,5,0.0
2872,72,127.87,9,0.1
2872,194,285.37,4,0.15
2872,422,408.35,1,0.0
2872,823,348.6,3,0.15
2873,339,439.37,2,0.1
2873,730,407.54,10,0.1
2873,677,134.99,10,0.15
2873,591,219.6,6,0.1
2873,344,77.71,2,0.15
2874,866,242.58,3,0.2
2874,446,13.8,1,0.0
2874,134,213.3,2,0.15
2875,278,235.87,5,0.1
2875,314,296.69,4,0.1
2876,836,210.56,4,0.2
2877,844,217.06,9,0.2
2877,167,248.34,2,0.0
2878,93,228.03,8,0.2
2879,129,344.71,10,0.1
2880,460,46.7,4,0.0
2880,415,429.65,10,0.1
2880,975,284.12,2,0.1
2881,641,446.6,4,0.1
2881,723,359.68,3,0.2
2882,656,246.86,9,0.15
2882,219,359.34,7,0.15
2883,569,459.97,7,0.1
2883,128,195.39,8,0.15
2883,676,56.97,2,0.1
2883,214,263.65,3,0.0
2883,50,419.54,8,0.0
2884,810,363.55,1,0.15
2884,609,366.58,2,0.0
2884,285,494.53,2,0.0
2884,75,157.34,7,0.1
2884,955,134.74,2,0.0
2885,877,292.52,6,0.1
2885,517,94.51,5,0.15
2885,247,114.31,9,0.2
2885,62,430.41,6,0.05
2885,777,128.18,8,0.1
2886,691,234.66,1,0.15
2886,859,284.56,2,0.05
2886,995,176.91,3,0.1
2886,746,466.4,3,0.0
2886,508,377.97,9,0.0
2887,993,246.7,10,0.0
2887,168,311.11,7,0.15
2887,774,366.73,3,0.2
2887,170,220.89,4,0.2
2887,416,496.45,10,0.1
2888,65,381.41,9,0.05
2888,420,487.79,1,0.0
2888,315,102.57,8,0.0
2888,413,417.66,10,0.0
2889,48,264.89,1,0.2
2889,831,319.44,7,0.15
2889,252,378.22,10,0.05
2889,500,90.47,8,0.0
2890,988,143.75,5,0.2
2890,911,85.73,7,0.15
2890,912,364.04,9,0.15
2890,528,433.96,3,0.2
2890,241,210.82,1,0.15
2891,690,407.92,7,0.1
2891,885,226.4,7,0.15
2891,276,203.63,5,0.0
2892,523,498.99,5,0.15
2892,165,243.55,6,0.0
2892,515,430.96,1,0.05
2892,106,160.59,3,0.05
2892,458,39.89,7,0.05
2893,627,71.25,7,0.1
2893,232,179.2,6,0.15
2893,60,119.11,1,0.2
2893,222,456.16,1,0.15
2894,795,368.9,4,0.1
2894,779,52.41,9,0.1
2894,41,81.85,3,0.1
2895,410,69.86,6,0.2
2895,763,108.05,10,0.2
2895,491,491.89,1,0.1
2895,377,421.88,4,0.15
2896,615,76.64,7,0.05
2896,954,116.38,5,0.05
2896,214,83.23,6,0.15
2896,199,88.08,9,0.05
2897,144,428.88,4,0.15
2897,917,340.34,3,0.1
2897,806,377.95,4,0.0
2897,853,27.32,4,0.15
2898,8,276.18,10,0.1
2899,671,132.98,1,0.05
2899,213,374.1,1,0.1
2900,196,444.58,4,0.0
2900,239,319.81,9,0.2
2901,547,189.9,2,0.05
2901,288,186.42,8,0.2
2902,276,237.72,8,0.0
2903,537,192.13,2,0.15
2903,821,475.24,10,0.15
2903,728,274.77,7,0.1
2903,658,191.07,6,0.1
2903,642,158.2,3,0.0
2904,502,274.3,4,0.15
2904,682,314.15,3,0.15
2904,714,151.79,6,0.05
2905,645,230.65,10,0.15
2905,844,265.97,6,0.2
2906,270,481.16,9,0.2
2906,744,114.56,10,0.0
2907,618,310.67,10,0.15
2907,468,457.72,9,0.05
2908,83,192.42,4,0.05
2908,711,56.36,9,0.1
2909,845,400.96,2,0.0
2909,691,72.61,1,0.15
2909,431,223.6,9,0.15
2909,988,322.57,1,0.15
2909,354,326.65,4,0.1
2910,428,155.94,10,0.2
2910,483,342.48,7,0.05
2910,96,79.74,10,0.1
2910,892,364.84,2,0.0
2911,541,100.75,3,0.15
2911,343,196.76,3,0.0
2912,361,206.22,8,0.1
2912,580,110.89,7,0.05
2912,778,302.32,5,0.2
2913,939,13.54,9,0.2
2913,611,180.45,5,0.15
2913,296,187.52,6,0.05
2914,482,38.52,8,0.05
2915,55,83.31,2,0.0
2916,754,473.0,4,0.15
2916,827,339.03,4,0.05
2917,754,399.42,4,0.05
2917,400,93.31,4,0.1
2917,673,459.88,8,0.1
2918,219,201.8,2,0.2
2918,613,70.68,10,0.0
2918,67,158.16,9,0.15
2918,437,204.2,1,0.15
2918,684,111.86,3,0.15
2919,312,229.16,9,0.2
2919,947,317.7,4,0.15
2919,774,261.91,10,0.1
2920,94,399.53,10,0.0
2920,496,303.74,8,0.0
2920,442,460.04,5,0.1
2921,111,250.51,4,0.1
2921,15,215.05,10,0.1
2921,293,134.92,8,0.05
2921,359,347.45,4,0.2
2921,770,225.84,9,0.0
2922,134,290.57,6,0.15
2922,514,224.0,2,0.2
2922,967,103.78,9,0.1
2923,454,461.96,9,0.2
2923,93,125.83,8,0.1
2923,608,130.3,5,0.1
2923,542,31.26,7,0.2
2924,634,29.88,3,0.1
2924,220,38.3,4,0.0
2924,516,260.64,10,0.2
2925,288,476.63,3,0.1
2925,403,465.87,5,0.05
2925,822,185.58,9,0.15
2925,623,301.48,3,0.0
2926,840,346.15,7,0.0
2926,105,413.05,9,0.15
2927,6,265.35,1,0.05
2928,889,314.73,7,0.15
2928,318,10.34,5,0.2
2928,430,403.17,4,0.15
2929,266,220.85,10,0.0
2929,452,331.97,2,0.15
2929,283,49.72,3,0.0
2929,471,408.12,1,0.05
2930,836,489.73,9,0.15
2930,697,357.98,2,0.2
2930,415,452.44,1,0.0
2930,716,396.04,5,0.0
2930,321,163.79,10,0.05
2931,222,74.2,9,0.15
2931,382,360.18,7,0.0
2932,835,119.48,6,0.1
2933,785,432.68,3,0.2
2934,805,104.58,9,0.0
2934,876,61.9,1,0.0
2934,494,100.34,5,0.1
2935,97,456.5,9,0.0
2935,987,198.54,2,0.2
2935,555,154.65,10,0.2
2935,95,66.81,7,0.1
2936,899,184.56,2,0.2
2937,688,408.36,10,0.05
2938,422,222.22,8,0.0
2938,546,246.68,9,0.0
2938,449,324.59,10,0.05
2938,84,302.75,4,0.05
2938,514,378.09,9,0.1
2939,503,460.02,2,0.2
2940,86,117.8,3,0.0
2940,158,383.58,5,0.2
2940,986,182.98,3,0.0
2940,606,285.64,5,0.0
2941,967,496.09,4,0.15
2942,959,465.17,8,0.1
2943,570,229.99,9,0.0
2943,358,200.44,2,0.0
2943,395,348.35,3,0.15
2943,159,396.61,3,0.0
2943,734,328.34,1,0.15
2944,851,165.82,2,0.05
2944,380,63.98,9,0.15
2944,966,33.55,2,0.2
2944,76,50.12,2,0.05
2944,440,433.11,4,0.2
2945,949,169.03,10,0.2
2945,227,386.8,10,0.05
2945,201,39.19,3,0.05
2945,61,66.36,5,0.1
2945,187,304.02,9,0.2
2946,867,295.51,7,0.0
2946,836,289.65,7,0.2
2946,108,33.72,5,0.1
2946,21,25.11,3,0.0
2946,903,41.9,1,0.05
2947,7,395.15,2,0.2
2947,532,386.65,5,0.1
2947,126,376.1,7,0.0
2947,415,439.46,2,0.2
2948,929,404.18,9,0.05
2948,105,143.86,10,0.1
2948,263,139.17,10,0.1
2948,40,24.62,7,0.0
2949,697,416.03,9,0.0
2949,832,212.85,3,0.15
2949,871,138.52,7,0.15
2949,758,301.12,4,0.2
2949,341,322.46,6,0.2
2950,499,136.37,10,0.1
2951,313,80.11,10,0.0
2952,636,465.66,8,0.15
2952,368,97.78,4,0.2
2952,466,150.95,7,0.15
2953,88,105.67,2,0.15
2953,900,469.7,5,0.15
2953,615,78.1,7,0.0
2953,826,240.01,5,0.15
2953,354,446.17,6,0.2
2954,138,483.38,7,0.05
2955,826,69.27,7,0.15
2955,457,77.18,9,0.15
2955,981,223.34,4,0.1
2955,398,302.41,3,0.1
2955,87,405.88,7,0.2
2956,940,246.73,1,0.0
2956,647,203.96,7,0.05
2956,805,421.2,8,0.1
2956,692,31.95,2,0.1
2956,423,412.71,8,0.05
2957,89,469.53,6,0.05
2957,735,144.02,4,0.1
2958,350,373.96,1,0.0
2958,848,265.29,9,0.2
2959,615,40.63,3,0.0
2959,400,187.36,1,0.1
2959,900,388.63,1,0.1
2960,339,386.1,4,0.0
2960,204,262.37,6,0.15
2961,338,310.18,10,0.05
2962,680,83.22,2,0.0
2962,153,306.22,3,0.2
2962,249,142.73,5,0.05
2963,812,409.05,2,0.1
2964,827,452.64,8,0.2
2965,272,454.4,4,0.15
2965,712,439.22,8,0.2
2966,155,380.6,2,0.0
2966,706,219.27,9,0.05
2966,895,121.76,4,0.15
2966,312,315.13,10,0.2
2966,47,49.6,2,0.0
2967,824,343.72,7,0.05
2968,167,178.46,8,0.2
2968,997,388.45,7,0.05
2968,419,342.85,6,0.2
2969,463,472.64,6,0.05
2969,996,214.34,5,0.2
2969,290,266.11,9,0.05
2969,795,105.76,8,0.05
2970,319,100.98,6,0.05
2970,303,170.2,2,0.15
2970,766,485.3,9,0.05
2971,26,174.84,4,0.2
2971,340,370.75,3,0.2
2971,48,481.47,3,0.0
2971,256,493.64,8,0.15
2971,258,241.68,7,0.15
2972,546,72.97,9,0.15
2973,329,415.62,8,0.0
2973,724,364.25,3,0.0
2973,714,316.63,6,0.05
2974,701,422.58,4,0.15
2975,369,390.8,3,0.15
2975,619,72.91,1,0.15
2975,195,422.28,2,0.1
2975,106,397.27,5,0.05
2975,381,11.86,2,0.0
2976,84,184.18,10,0.2
2976,285,197.16,5,0.1
2976,945,356.84,5,0.1
2976,294,466.47,4,0.0
2977,815,407.28,6,0.05
2977,628,121.27,4,0.1
2977,871,394.89,8,0.05
2977,491,314.89,10,0.15
2977,100,23.96,1,0.0
2978,811,158.25,5,0.1
2978,649,303.88,8,0.1
2979,718,212.54,2,0.2
2979,365,266.51,2,0.15
2979,834,260.75,1,0.05
2979,565,66.65,10,0.2
2979,735,85.19,10,0.1
2980,468,489.04,4,0.2
2980,448,72.51,5,0.2
2981,976,460.71,4,0.0
2982,172,122.26,10,0.1
2982,191,139.38,1,0.15
2983,297,230.73,2,0.1
2984,224,161.73,8,0.15
2984,817,135.36,8,0.0
2984,406,118.38,7,0.15
2984,569,431.22,6,0.15
2984,475,16.14,8,0.15
2985,166,496.31,3,0.0
2985,876,434.07,3,0.2
2986,124,416.21,4,0.2
2986,595,213.52,9,0.05
2987,569,225.78,7,0.1
2987,810,357.07,4,0.2
2987,268,110.94,1,0.1
2987,781,363.74,6,0.2
2988,584,27.98,7,0.15
2988,171,333.47,7,0.0
2988,679,444.85,9,0.1
2988,779,494.38,2,0.05
2989,259,457.93,4,0.1
2989,670,265.32,5,0.2
2990,94,161.55,7,0.1
2990,116,58.06,5,0.05
2990,990,67.99,7,0.05
2990,534,239.16,2,0.15
2990,674,381.0,1,0.1
2991,728,194.37,9,0.0
2991,744,50.75,7,0.1
2991,961,293.9,6,0.2
2991,231,405.18,6,0.2
2991,809,466.7,3,0.0
2992,253,461.48,4,0.15
2992,512,104.78,7,0.1
2992,588,292.34,3,0.15
2992,773,205.88,7,0.2
2992,203,251.26,8,0.1
2993,215,45.23,5,0.0
2993,370,247.91,10,0.0
2993,808,296.56,4,0.2
2993,573,21.51,9,0.2
2993,436,401.73,3,0.15
2994,876,307.82,1,0.15
2994,134,426.27,2,0.1
2994,197,434.28,1,0.0
2994,206,46.75,4,0.2
2995,343,160.89,1,0.1
2996,188,212.22,5,0.15
2996,768,313.05,2,0.1
2996,204,496.48,10,0.0
2997,3,433.36,9,0.15
2998,820,467.55,5,0.15
2999,19,332.75,10,0.0
2999,320,177.89,8,0.05
2999,860,269.85,1,0.15
2999,644,232.55,10,0.15
2999,820,236.28,4,0.15
3000,186,203.26,1,0.05
3000,38,383.22,8,0.05
3000,599,221.85,4,0.05
3000,692,38.0,9,0.15
3001,580,456.47,10,0.15
3001,450,60.74,6,0.1
3001,163,458.35,8,0.2
3001,918,105.78,8,0.15
3001,274,13.49,2,0.1
3002,695,418.43,8,0.15
3002,634,110.74,3,0.15
3002,99,12.26,10,0.15
3003,349,272.66,9,0.15
3003,417,379.62,1,0.2
3003,521,178.08,10,0.15
3003,566,108.23,6,0.2
3003,705,195.47,8,0.2
3004,850,351.46,4,0.15
3004,218,144.17,8,0.0
3004,972,92.43,4,0.05
3005,406,217.91,6,0.2
3005,860,202.92,5,0.1
3005,505,263.94,7,0.15
3005,674,313.32,10,0.1
3006,763,422.56,4,0.1
3006,81,428.3,5,0.1
3006,358,327.41,3,0.1
3006,363,21.52,6,0.05
3007,508,12.72,5,0.2
3007,174,309.46,6,0.05
3007,615,324.42,5,0.1
3007,663,439.99,4,0.15
3008,287,471.51,8,0.2
3008,568,13.57,4,0.2
3008,888,115.8,9,0.1
3009,595,307.51,4,0.15
3009,194,304.41,5,0.2
3009,192,31.02,5,0.0
3009,739,242.61,8,0.05
3010,991,403.44,5,0.0
3011,2,199.3,3,0.1
3011,740,420.83,6,0.0
3011,902,32.49,3,0.15
3012,529,271.15,10,0.15
3012,236,110.93,5,0.15
3012,891,238.97,7,0.1
3013,885,131.34,3,0.15
3013,443,106.32,10,0.2
3013,764,242.52,2,0.1
3013,39,301.37,1,0.2
3014,838,36.15,2,0.0
3014,836,97.73,8,0.15
3014,72,32.01,9,0.0
3015,336,138.56,8,0.15
3015,118,287.23,8,0.05
3015,402,264.0,4,0.0
3015,307,219.29,5,0.1
3015,531,115.33,6,0.15
3016,277,241.8,10,0.05
3016,723,428.96,1,0.1
3016,970,337.65,3,0.15
3017,191,382.66,1,0.15
3018,482,245.63,9,0.0
3018,343,471.31,10,0.05
3018,444,127.19,7,0.0
3018,775,432.72,10,0.0
3018,62,72.41,8,0.15
3019,373,298.24,5,0.0
3019,613,352.94,4,0.05
3019,661,254.13,9,0.15
3020,343,459.17,9,0.0
3021,593,317.7,7,0.1
3021,68,68.36,1,0.15
3021,777,140.99,8,0.0
3021,46,483.15,9,0.05
3022,698,368.07,9,0.05
3022,661,404.71,4,0.1
3022,309,263.6,6,0.15
3022,452,114.4,6,0.1
3022,544,348.15,1,0.1
3023,636,100.5,1,0.2
3023,133,14.85,2,0.15
3023,491,281.5,9,0.05
3024,823,474.63,7,0.15
3024,263,374.66,6,0.2
3024,252,256.26,5,0.1
3024,758,496.99,1,0.2
3025,675,297.94,1,0.05
3025,587,497.97,1,0.15
3025,923,316.9,6,0.15
3025,324,12.49,6,0.05
3025,761,217.43,10,0.0
3026,762,187.19,4,0.0
3027,622,303.08,10,0.15
3027,971,196.74,4,0.0
3028,843,185.53,7,0.1
3028,913,139.72,1,0.05
3028,170,24.38,10,0.2
3028,933,67.5,6,0.1
3028,252,404.5,1,0.05
3029,214,67.56,10,0.1
3029,947,115.35,9,0.1
3029,168,12.15,5,0.05
3029,27,108.23,9,0.05
3030,777,498.39,7,0.2
3031,828,37.18,9,0.0
3031,931,393.06,1,0.2
3032,932,37.4,6,0.1
3032,991,270.04,8,0.05
3033,368,304.0,4,0.2
3033,455,407.56,3,0.1
3033,775,417.2,6,0.1
3033,845,125.98,2,0.1
3033,498,430.43,9,0.05
3034,149,384.7,3,0.15
3034,881,466.58,3,0.2
3034,695,183.97,2,0.2
3034,193,178.21,6,0.1
3035,703,393.89,2,0.1
3035,429,453.58,10,0.0
3035,793,129.4,9,0.0
3035,541,291.84,10,0.1
3036,269,232.21,2,0.1
3036,760,17.3,5,0.2
3036,514,281.66,10,0.0
3037,755,290.33,5,0.1
3037,32,209.54,5,0.0
3037,523,126.29,6,0.0
3038,956,465.84,6,0.1
3038,872,304.65,4,0.1
3038,423,431.86,9,0.2
3038,610,48.12,1,0.2
3039,680,228.85,6,0.1
3039,157,229.04,8,0.15
3040,279,98.16,5,0.0
3040,382,71.83,9,0.15
3040,589,82.71,5,0.2
3040,895,407.99,4,0.15
3041,482,40.44,5,0.1
3041,631,447.43,10,0.1
3041,40,278.24,5,0.2
3041,18,347.11,7,0.15
3041,506,449.23,2,0.15
3042,136,177.05,7,0.15
3042,203,67.53,6,0.1
3042,695,297.2,6,0.0
3042,578,465.76,8,0.15
3043,270,20.2,5,0.0
3043,640,393.3,3,0.15
3043,752,82.29,8,0.15
3043,811,186.62,2,0.1
3044,972,317.53,5,0.0
3044,116,253.25,1,0.0
3044,711,176.1,6,0.1
3045,247,315.02,6,0.1
3045,810,462.58,3,0.0
3045,297,217.74,9,0.05
3045,362,109.73,8,0.15
3045,365,213.23,1,0.2
3046,365,374.47,2,0.0
3046,777,256.34,1,0.1
3046,8,108.45,8,0.0
3046,309,191.57,6,0.15
3046,823,283.99,3,0.0
3047,468,282.43,1,0.2
3047,598,344.01,4,0.0
3047,238,337.43,7,0.0
3047,229,266.52,9,0.2
3047,401,277.7,1,0.0
3048,378,192.18,9,0.05
3049,81,110.26,1,0.05
3049,96,208.89,1,0.0
3049,111,309.43,4,0.05
3049,379,356.73,10,0.15
3049,862,129.07,10,0.0
3050,932,336.19,4,0.2
3050,3,284.65,8,0.2
3051,967,497.2,2,0.2
3051,671,270.82,4,0.2
3052,291,230.4,2,0.15
3052,976,388.73,7,0.15
3052,962,131.75,5,0.05
3053,557,123.97,9,0.0
3054,302,374.0,7,0.15
3054,191,153.13,5,0.05
3055,315,136.25,9,0.05
3055,282,385.58,3,0.15
3055,869,303.64,7,0.15
3055,31,127.41,10,0.1
3056,96,227.38,5,0.1
3056,700,308.6,3,0.1
3056,710,200.2,8,0.0
3056,563,159.92,5,0.15
3056,486,409.57,4,0.2
3057,721,170.25,7,0.15
3057,343,162.37,3,0.05
3057,256,311.37,1,0.05
3057,95,317.04,10,0.0
3057,830,424.98,10,0.15
3058,785,200.41,7,0.2
3058,979,41.3,2,0.2
3058,604,99.21,3,0.2
3059,249,388.33,3,0.1
3059,681,198.02,8,0.05
3060,925,121.01,4,0.05
3060,54,248.13,9,0.1
3061,397,340.99,2,0.05
3062,424,442.79,9,0.1
3062,504,252.93,4,0.0
3062,942,464.84,6,0.1
3062,309,296.22,6,0.15
3062,724,334.67,6,0.15
3063,395,444.48,6,0.0
3063,576,426.37,3,0.15
3063,694,322.23,8,0.15
3063,3,137.96,5,0.2
3063,56,139.34,7,0.05
3064,479,190.15,2,0.1
3064,38,481.44,6,0.05
3065,819,30.73,5,0.05
3065,260,53.01,9,0.15
3065,182,227.11,8,0.0
3066,141,169.64,10,0.0
3066,52,290.11,9,0.1
3066,256,338.63,1,0.1
3067,384,119.66,9,0.1
3067,643,34.33,2,0.1
3067,104,494.56,3,0.05
3067,242,357.69,9,0.15
3068,421,428.56,10,0.0
3068,728,391.91,3,0.05
3068,210,110.18,2,0.0
3068,191,207.08,9,0.2
3069,755,413.5,1,0.0
3070,155,49.95,5,0.1
3070,130,234.97,5,0.2
3070,618,417.62,7,0.1
3071,613,241.81,3,0.1
3071,22,312.05,7,0.0
3071,342,479.16,5,0.05
3071,868,165.1,9,0.05
3071,136,31.93,1,0.15
3072,750,189.48,4,0.0
3072,919,219.77,1,0.2
3072,760,378.07,3,0.0
3072,737,206.71,10,0.15
3073,348,108.57,8,0.0
3073,823,148.43,8,0.05
3073,959,483.55,3,0.0
3074,252,71.87,5,0.05
3074,85,401.93,3,0.15
3074,625,218.24,6,0.15
3075,180,118.62,7,0.0
3076,992,20.86,3,0.1
3076,365,232.31,6,0.1
3076,348,83.4,8,0.05
3076,523,448.18,4,0.15
3077,766,364.77,2,0.0
3077,59,13.77,6,0.15
3077,148,279.43,1,0.15
3077,466,293.73,6,0.15
3078,792,44.79,3,0.0
3079,94,347.2,4,0.05
3079,870,486.2,6,0.05
3079,393,291.43,4,0.05
3079,465,18.18,6,0.1
3079,891,269.57,10,0.1
3080,892,436.61,6,0.15
3081,918,226.76,5,0.05
3082,882,356.07,4,0.0
3082,111,82.47,3,0.15
3083,423,394.22,6,0.0
3083,768,291.03,3,0.0
3083,542,159.25,2,0.1
3084,558,391.74,2,0.0
3084,517,307.33,4,0.1
3084,34,201.76,6,0.05
3085,427,384.34,1,0.1
3085,208,246.18,6,0.1
3086,477,436.55,1,0.2
3086,718,411.62,5,0.0
3087,790,465.25,1,0.05
3087,270,56.99,8,0.0
3087,239,415.94,5,0.15
3087,462,40.13,3,0.1
3088,174,404.45,4,0.2
3088,566,374.98,2,0.15
3088,921,324.55,9,0.1
3088,697,196.53,2,0.15
3088,855,195.51,8,0.1
3089,364,306.11,8,0.05
3090,245,490.71,6,0.1
3090,32,447.32,10,0.0
3090,782,389.48,10,0.2
3090,719,102.71,2,0.15
3090,71,298.54,7,0.1
3091,29,410.14,5,0.0
3091,532,199.0,5,0.1
3091,617,415.74,6,0.2
3091,731,109.29,6,0.15
3092,680,253.76,7,0.1
3093,591,137.87,3,0.0
3094,551,218.44,3,0.15
3094,902,64.22,3,0.15
3094,664,22.77,3,0.15
3094,329,395.94,2,0.0
3095,447,372.36,1,0.2
3095,525,444.21,4,0.15
3095,882,420.83,10,0.0
3095,886,298.89,10,0.0
3095,21,409.15,2,0.15
3096,51,437.46,3,0.15
3097,683,178.92,9,0.15
3097,173,237.82,8,0.15
3097,541,394.6,2,0.1
3097,25,338.8,8,0.05
3098,519,59.27,10,0.1
3098,133,219.13,10,0.15
3098,903,159.9,1,0.15
3098,982,230.3,6,0.2
3099,400,285.84,2,0.2
3099,713,410.54,3,0.0
3099,818,183.51,2,0.05
3100,411,464.45,10,0.15
3100,246,400.57,9,0.2
3100,877,95.61,1,0.0
3101,366,376.03,9,0.15
3101,109,323.09,4,0.1
3101,435,275.26,9,0.05
3101,479,368.1,8,0.15
3102,522,490.38,8,0.15
3102,461,307.53,6,0.2
3102,967,464.97,6,0.2
3103,222,192.69,10,0.2
3103,550,299.22,2,0.05
3103,241,181.83,1,0.0
3104,205,134.54,10,0.0
3104,64,82.86,8,0.0
3104,714,292.89,10,0.15
3104,390,481.46,10,0.05
3104,914,113.3,4,0.0
3105,643,130.2,9,0.15
3105,79,282.84,1,0.1
3106,544,371.64,8,0.1
3106,136,123.75,6,0.1
3106,528,97.19,3,0.0
3106,817,76.52,5,0.2
3107,260,65.73,9,0.05
3107,492,207.58,10,0.05
3107,517,152.29,6,0.0
3107,127,231.51,10,0.05
3108,141,118.3,8,0.15
3108,593,260.23,6,0.0
3109,582,145.68,8,0.1
3109,667,419.88,1,0.1
3110,989,333.48,8,0.2
3110,494,48.65,5,0.05
3110,710,46.34,3,0.1
3111,310,166.44,6,0.05
3111,657,256.42,2,0.0
3112,507,429.95,3,0.15
3112,361,87.38,10,0.1
3112,33,262.63,4,0.15
3113,719,182.65,7,0.05
3113,876,442.21,5,0.05
3113,383,107.74,2,0.15
3113,462,272.56,8,0.0
3113,660,405.23,9,0.1
3114,17,381.92,4,0.2
3114,410,325.18,5,0.1
3114,587,402.91,1,0.0
3115,308,81.49,8,0.2
3116,267,146.42,10,0.05
3116,638,66.22,1,0.0
3116,198,426.89,2,0.2
3116,358,277.39,10,0.15
3117,916,114.92,3,0.2
3117,961,130.26,8,0.1
3117,638,112.97,5,0.2
3117,657,444.99,2,0.0
3117,117,53.68,8,0.0
3118,307,191.02,1,0.0
3118,470,436.62,7,0.1
3119,394,157.93,6,0.1
3119,192,149.08,3,0.0
3120,985,416.96,6,0.1
3120,127,398.59,10,0.05
3121,680,289.11,1,0.15
3121,256,419.9,2,0.15
3122,683,122.25,7,0.15
3122,303,457.4,10,0.1
3123,484,363.16,1,0.15
3123,702,34.85,4,0.2
3123,51,267.49,2,0.0
3124,592,201.68,6,0.05
3124,793,46.53,2,0.05
3124,367,10.22,3,0.05
3124,111,152.62,2,0.15
3125,409,262.15,10,0.1
3125,69,223.7,2,0.2
3125,393,368.65,6,0.1
3126,197,116.98,4,0.15
3127,369,78.83,6,0.2
3127,749,402.06,2,0.1
3127,823,453.35,6,0.2
3127,13,67.12,10,0.0
3128,745,93.51,1,0.1
3128,485,97.06,5,0.2
3128,562,97.36,2,0.2
3129,659,345.93,5,0.05
3130,597,65.32,2,0.1
3130,933,13.35,2,0.05
3130,623,409.63,6,0.15
3130,277,451.63,10,0.05
3130,516,294.44,5,0.05
3131,330,69.15,3,0.0
3131,158,62.96,5,0.0
3131,6,84.55,10,0.2
3131,928,326.84,5,0.15
3132,516,207.59,10,0.1
3132,526,276.44,9,0.05
3132,984,237.04,10,0.0
3132,534,131.17,7,0.15
3132,401,444.59,6,0.2
3133,936,214.01,5,0.2
3134,931,483.67,4,0.05
3135,574,330.77,2,0.0
3136,64,164.18,3,0.05
3136,530,60.15,7,0.2
3137,909,125.55,3,0.2
3137,988,132.85,1,0.05
3138,903,439.6,5,0.15
3138,744,95.34,7,0.15
3139,645,128.92,3,0.0
3140,321,469.27,5,0.05
3140,253,128.45,7,0.15
3141,834,229.61,7,0.0
3142,792,460.17,4,0.2
3142,138,378.13,8,0.15
3142,634,357.08,8,0.1
3143,995,274.15,8,0.15
3144,77,229.92,6,0.05
3144,41,398.81,1,0.0
3145,853,352.49,6,0.0
3145,224,19.15,10,0.15
3146,291,236.36,3,0.1
3146,818,145.49,7,0.1
3147,907,375.02,9,0.2
3147,67,338.75,10,0.05
3147,448,247.84,7,0.05
3148,565,282.22,2,0.2
3148,327,92.94,9,0.2
3148,717,103.45,7,0.05
3148,190,485.42,3,0.15
3148,225,279.15,7,0.2
3149,490,443.47,1,0.1
3150,667,123.8,8,0.05
3150,898,48.75,10,0.2
3151,593,412.1,7,0.2
3151,241,300.65,2,0.05
3151,73,166.19,5,0.15
3152,355,13.35,8,0.0
3153,491,283.71,5,0.2
3153,384,148.45,10,0.2
3153,7,309.86,7,0.05
3153,741,393.3,8,0.15
3154,427,386.66,4,0.2
3154,722,467.84,6,0.2
3154,982,185.62,10,0.1
3154,425,280.7,6,0.1
3154,129,376.64,3,0.1
3155,341,424.59,4,0.0
3155,345,373.82,10,0.0
3155,104,182.0,2,0.2
3155,201,212.6,6,0.0
3155,837,461.15,2,0.0
3156,421,339.54,7,0.05
3156,510,206.93,6,0.2
3156,317,14.81,6,0.0
3156,351,133.39,8,0.05
3156,110,253.35,3,0.05
3157,268,215.71,8,0.2
3157,138,395.55,8,0.0
3158,905,414.77,3,0.05
3158,979,320.32,9,0.0
3159,529,226.26,9,0.2
3159,83,330.38,10,0.05
3160,968,340.63,6,0.05
3160,882,477.57,2,0.0
3160,315,452.55,8,0.1
3161,434,446.66,4,0.0
3161,251,52.96,10,0.05
3161,776,126.92,2,0.0
3161,878,498.19,9,0.15
3161,510,89.37,4,0.0
3162,750,485.83,5,0.0
3162,786,23.11,9,0.0
3162,343,259.62,1,0.05
3162,801,355.44,5,0.2
3163,733,28.34,1,0.05
3163,95,43.18,3,0.1
3163,694,47.14,5,0.0
3164,90,138.28,7,0.0
3164,459,218.06,9,0.15
3164,47,271.15,4,0.05
3164,138,382.15,5,0.2
3164,531,307.23,8,0.0
3165,681,481.7,5,0.05
3165,132,325.67,8,0.1
3166,742,160.33,3,0.0
3166,210,31.26,6,0.0
3167,825,20.2,7,0.0
3168,13,318.21,2,0.05
3169,241,174.75,6,0.15
3170,311,382.32,3,0.05
3170,137,342.72,10,0.1
3170,49,217.4,8,0.05
3170,739,331.9,8,0.15
3170,484,399.51,2,0.2
3171,913,281.61,9,0.15
3171,777,250.64,8,0.15
3171,573,459.73,2,0.05
3171,964,255.05,8,0.0
3171,597,73.11,4,0.2
3172,87,311.21,3,0.0
3172,546,146.09,8,0.05
3172,995,29.03,6,0.0
3172,588,297.6,6,0.1
3172,229,372.24,7,0.2
3173,661,370.91,8,0.05
3174,117,450.43,1,0.15
3174,552,481.3,10,0.15
3174,569,391.64,1,0.05
3175,357,439.42,6,0.2
3176,635,288.68,9,0.1
3176,198,126.83,7,0.05
3176,929,26.15,5,0.1
3177,196,229.55,10,0.1
3177,786,133.31,7,0.05
3177,242,263.12,7,0.15
3177,598,14.13,1,0.15
3177,188,482.13,2,0.1
3178,470,331.8,3,0.0
3178,573,346.52,6,0.1
3179,737,117.33,6,0.1
3179,345,148.38,1,0.15
3179,774,381.83,9,0.2
3180,467,256.63,9,0.2
3180,480,486.3,10,0.05
3180,716,325.73,3,0.0
3180,991,383.52,1,0.0
3181,799,14.48,5,0.0
3181,144,386.82,10,0.1
3181,696,252.3,2,0.0
3181,683,393.32,5,0.15
3182,705,227.36,8,0.2
3183,914,472.36,2,0.0
3184,566,246.9,9,0.15
3184,438,135.98,5,0.05
3184,419,480.37,3,0.1
3185,844,253.81,5,0.2
3185,970,278.82,8,0.0
3185,985,66.34,1,0.0
3186,475,128.67,6,0.15
3186,478,390.51,5,0.1
3186,798,119.82,1,0.15
3186,15,129.69,5,0.15
3186,237,333.11,9,0.2
3187,896,304.35,1,0.05
3187,495,323.15,1,0.1
3187,674,401.07,4,0.2
3187,914,491.48,8,0.15
3187,263,315.92,9,0.2
3188,147,88.81,8,0.0
3188,268,148.43,9,0.0
3188,414,61.59,4,0.0
3188,862,55.69,7,0.1
3188,588,130.08,4,0.0
3189,945,195.69,6,0.0
3189,366,259.95,2,0.05
3189,706,237.22,10,0.0
3190,59,128.6,8,0.1
3190,23,106.93,3,0.1
3190,252,445.27,8,0.1
3190,278,23.88,6,0.05
3191,142,328.21,3,0.05
3191,323,70.5,6,0.1
3191,94,63.52,2,0.0
3191,897,300.02,1,0.05
3192,389,15.67,2,0.05
3193,666,394.19,6,0.05
3193,598,96.5,5,0.1
3193,209,90.34,7,0.15
3193,55,330.45,4,0.1
3194,574,338.19,6,0.15
3194,272,68.76,7,0.0
3195,685,289.73,10,0.1
3195,783,142.37,3,0.15
3195,637,398.13,2,0.2
3196,872,164.15,8,0.1
3196,847,272.3,3,0.15
3196,338,269.68,10,0.1
3197,547,62.17,10,0.2
3198,991,401.55,3,0.05
3198,33,180.2,6,0.2
3198,188,122.7,6,0.2
3199,711,111.06,6,0.05
3200,531,404.87,6,0.0
3200,31,437.7,9,0.0
3200,345,297.1,8,0.05
3200,29,186.75,5,0.05
3200,949,185.48,5,0.15
3201,501,391.52,5,0.2
3201,495,201.35,10,0.05
3201,260,26.62,7,0.1
3201,293,405.3,1,0.15
3202,396,288.47,9,0.05
3203,305,480.54,8,0.1
3203,560,405.05,4,0.15
3203,445,236.69,4,0.2
3203,129,182.3,5,0.15
3204,597,59.33,2,0.0
3205,25,431.26,5,0.1
3205,480,368.26,10,0.15
3205,161,31.33,7,0.0
3206,854,79.25,5,0.15
3206,630,25.23,10,0.05
3206,875,204.6,3,0.1
3206,834,337.53,2,0.15
3206,228,155.36,2,0.15
3207,223,74.53,1,0.05
3208,305,259.17,9,0.1
3208,253,474.39,3,0.15
3208,691,282.84,6,0.05
3208,650,345.98,4,0.15
3208,612,54.49,8,0.2
3209,584,138.66,5,0.2
3209,425,352.34,6,0.2
3209,744,183.48,8,0.2
3210,178,229.83,4,0.0
3211,727,366.66,3,0.15
3211,896,367.38,9,0.05
3211,295,75.03,3,0.1
3211,698,452.1,3,0.05
3212,989,457.97,8,0.15
3212,214,60.16,7,0.1
3212,404,358.14,5,0.0
3212,884,146.3,7,0.1
3212,682,335.25,2,0.0
3213,566,123.39,2,0.0
3213,387,482.76,6,0.0
3214,725,404.28,9,0.2
3214,891,89.35,8,0.1
3215,602,398.64,9,0.05
3215,366,226.75,7,0.15
3215,174,245.94,5,0.05
3216,640,165.99,5,0.05
3216,216,456.22,4,0.15
3217,749,75.26,8,0.2
3217,807,482.06,10,0.15
3218,192,68.65,1,0.05
3218,82,195.88,8,0.15
3218,845,380.73,2,0.1
3218,982,104.92,5,0.2
3218,353,198.83,10,0.15
3219,222,43.46,6,0.15
3219,896,131.83,1,0.1
3219,509,98.94,9,0.2
3220,200,24.86,10,0.1
3220,68,35.35,10,0.05
3220,570,422.24,8,0.15
3220,465,426.5,4,0.0
3220,228,491.38,10,0.15
3221,911,144.83,2,0.1
3221,970,263.43,1,0.05
3222,686,323.06,1,0.2
3222,935,83.2,9,0.0
3222,383,10.13,1,0.15
3222,622,83.86,1,0.2
3223,88,379.06,9,0.2
3223,893,424.18,5,0.1
3223,161,98.19,10,0.1
3223,967,289.42,1,0.05
3224,215,408.3,10,0.2
3224,78,262.89,8,0.1
3225,472,186.78,10,0.0
3226,172,16.74,9,0.2
3226,202,273.83,7,0.0
3227,290,15.78,5,0.0
3227,962,473.94,1,0.0
3227,69,227.41,9,0.15
3227,477,251.88,6,0.2
3227,345,353.33,8,0.1
3228,700,475.25,1,0.2
3228,555,176.0,2,0.1
3228,347,174.28,5,0.2
3229,181,212.03,5,0.15
3229,923,72.69,3,0.2
3229,255,220.33,6,0.0
3229,401,274.69,2,0.1
3230,41,398.68,4,0.2
3230,316,142.49,6,0.0
3231,929,61.96,7,0.1
3231,411,334.58,5,0.2
3231,150,436.21,10,0.1
3232,436,394.21,7,0.15
3233,992,282.4,9,0.15
3233,35,286.18,6,0.2
3233,453,164.19,5,0.2
3234,981,378.2,1,0.15
3235,469,151.95,2,0.2
3235,657,229.32,4,0.2
3235,155,230.51,10,0.1
3235,440,116.15,8,0.0
3236,991,88.45,10,0.05
3237,442,372.86,6,0.2
3238,151,493.42,8,0.2
3238,949,17.15,8,0.0
3238,916,153.44,8,0.2
3238,265,108.44,6,0.0
3238,253,402.88,8,0.1
3239,806,450.97,10,0.05
3239,594,380.86,4,0.05
3239,183,240.12,4,0.1
3239,443,390.39,2,0.05
3240,399,495.21,2,0.05
3240,913,427.79,1,0.0
3240,496,280.76,6,0.15
3241,884,66.42,4,0.05
3241,590,355.76,3,0.1
3241,358,390.04,7,0.0
3241,807,13.38,9,0.0
3241,602,438.98,6,0.15
3242,218,351.91,4,0.0
3242,418,109.07,5,0.0
3242,670,412.37,4,0.15
3242,621,175.81,4,0.05
3242,48,298.27,6,0.15
3243,274,499.0,8,0.15
3243,632,410.02,1,0.15
3243,912,402.62,7,0.0
3243,696,22.2,5,0.15
3243,617,58.66,5,0.05
3244,893,25.38,1,0.1
3244,456,369.3,2,0.15
3245,914,106.52,9,0.15
3245,973,50.4,7,0.05
3245,291,256.83,8,0.15
3246,896,454.21,8,0.15
3246,82,402.0,1,0.1
3247,996,255.78,7,0.0
3247,384,266.53,5,0.2
3247,854,364.97,5,0.0
3248,175,187.16,4,0.0
3248,501,132.84,10,0.2
3248,519,255.28,3,0.15
3249,726,346.16,3,0.0
3249,265,320.17,3,0.05
3250,591,296.76,9,0.05
3250,891,70.11,10,0.0
3251,473,352.35,2,0.05
3252,678,13.29,5,0.2
3252,713,136.7,6,0.15
3253,946,188.06,5,0.0
3253,815,369.7,8,0.15
3253,495,201.39,5,0.1
3253,73,214.67,10,0.05
3254,87,411.21,5,0.1
3254,914,225.68,7,0.15
3254,102,461.11,8,0.15
3254,412,466.78,8,0.15
3254,703,198.58,5,0.15
3255,48,14.13,6,0.05
3255,576,297.2,5,0.1
3255,362,441.43,3,0.0
3255,129,250.6,1,0.1
3256,639,75.84,9,0.2
3256,551,248.95,3,0.15
3256,532,186.69,5,0.05
3256,507,91.64,7,0.0
3256,542,346.6,9,0.1
3257,425,446.3,3,0.2
3258,479,267.83,5,0.0
3258,803,40.23,8,0.05
3258,696,159.59,7,0.05
3258,238,296.24,4,0.05
3258,661,402.05,2,0.1
3259,57,53.59,4,0.2
3259,199,412.17,4,0.05
3260,919,48.7,2,0.2
3261,685,183.28,9,0.2
3261,22,168.46,9,0.15
3261,411,166.69,3,0.1
3262,158,61.13,2,0.1
3262,584,104.5,10,0.15
3262,403,468.84,6,0.15
3263,217,479.25,9,0.05
3263,325,328.58,8,0.0
3263,75,331.8,6,0.1
3263,960,484.75,7,0.2
3263,464,221.69,4,0.05
3264,730,443.76,9,0.15
3264,825,335.5,2,0.15
3264,589,330.13,3,0.1
3264,364,472.83,7,0.0
3264,728,349.33,10,0.2
3265,114,221.76,5,0.15
3265,794,467.79,5,0.15
3265,842,216.24,3,0.2
3265,939,106.0,9,0.1
3265,753,77.32,9,0.1
3266,497,483.39,8,0.05
3267,493,307.04,1,0.0
3267,579,408.2,1,0.05
3267,745,330.94,8,0.0
3267,859,307.29,1,0.2
3268,877,341.29,3,0.0
3268,738,102.06,8,0.05
3268,759,59.42,3,0.0
3269,653,30.32,5,0.1
3269,78,368.19,7,0.05
3269,586,414.87,5,0.15
3270,155,55.99,6,0.15
3270,37,209.94,4,0.2
3271,695,27.87,3,0.1
3271,362,102.42,3,0.15
3272,331,340.06,2,0.1
3272,247,17.1,1,0.15
3273,321,301.7,9,0.1
3273,968,42.12,5,0.05
3273,876,40.03,5,0.2
3274,195,179.8,8,0.1
3274,772,190.85,10,0.05
3274,971,371.38,4,0.05
3275,56,442.17,10,0.15
3275,876,21.98,5,0.1
3275,599,11.92,4,0.0
3275,656,21.78,10,0.0
3275,963,239.35,2,0.2
3276,242,170.99,4,0.05
3276,694,380.68,8,0.15
3277,502,183.75,5,0.15
3277,447,204.94,8,0.05
3278,366,175.4,5,0.2
3278,488,464.11,5,0.15
3278,970,469.43,3,0.15
3278,231,209.08,2,0.1
3279,595,401.33,10,0.05
3279,223,307.54,3,0.15
3280,853,78.03,2,0.1
3281,957,324.42,4,0.1
3282,652,289.0,7,0.05
3282,256,241.55,9,0.2
3283,517,151.13,8,0.15
3283,186,102.58,10,0.0
3283,914,417.36,10,0.2
3284,227,230.46,2,0.2
3285,152,493.33,6,0.2
3286,581,395.88,6,0.15
3286,714,337.3,2,0.1
3287,87,372.3,7,0.05
3287,809,491.68,1,0.15
3288,613,11.89,5,0.1
3288,91,102.9,5,0.05
3288,47,202.23,5,0.1
3289,844,376.89,10,0.15
3289,165,298.24,5,0.05
3290,707,490.48,1,0.0
3290,779,237.06,3,0.05
3291,408,166.38,8,0.2
3291,736,33.01,9,0.15
3291,513,461.65,6,0.15
3291,245,62.15,10,0.05
3292,554,192.35,1,0.0
3292,769,31.36,1,0.0
3293,217,177.63,7,0.15
3293,650,466.6,6,0.1
3293,999,207.22,9,0.15
3293,144,69.09,3,0.2
3294,988,23.63,5,0.1
3294,474,403.68,4,0.05
3294,670,100.07,5,0.15
3295,665,382.75,7,0.2
3295,808,149.67,2,0.1
3295,996,155.38,7,0.05
3296,124,252.59,6,0.0
3296,477,410.64,9,0.1
3296,321,63.03,8,0.15
3297,691,287.5,10,0.15
3297,396,170.33,7,0.0
3297,368,30.47,4,0.05
3297,721,229.37,6,0.05
3297,837,99.35,7,0.1
3298,263,286.34,3,0.05
3298,653,169.77,5,0.1
3298,144,183.03,10,0.1
3298,91,421.2,4,0.15
3298,9,324.18,4,0.15
3299,424,149.52,7,0.1
3299,47,114.86,3,0.2
3299,280,424.66,1,0.2
3299,72,47.96,8,0.05
3300,605,79.94,1,0.2
3300,573,391.79,6,0.05
3301,914,306.99,3,0.2
3301,688,322.6,1,0.0
3301,195,360.99,5,0.2
3302,920,22.53,7,0.2
3302,137,406.89,4,0.2
3302,571,36.67,9,0.15
3302,267,273.86,4,0.1
3303,413,21.78,8,0.2
3303,469,86.36,5,0.15
3303,704,221.16,7,0.15
3303,639,307.71,9,0.05
3304,952,343.2,10,0.1
3304,701,113.08,7,0.2
3304,840,87.8,6,0.0
3304,5,269.39,6,0.2
3305,343,320.27,3,0.2
3305,807,243.59,3,0.15
3306,580,113.25,3,0.1
3306,769,229.48,3,0.15
3306,871,130.07,5,0.15
3306,150,461.69,10,0.05
3307,985,142.54,3,0.05
3307,57,392.67,4,0.1
3307,746,322.64,7,0.15
3307,699,204.9,1,0.1
3308,960,478.64,10,0.15
3309,560,33.62,7,0.2
3310,173,199.2,9,0.2
3310,515,478.31,10,0.05
3310,834,143.2,5,0.2
3310,563,448.13,5,0.0
3311,697,400.19,10,0.1
3311,958,50.86,7,0.2
3312,428,122.48,5,0.1
3312,820,33.05,9,0.2
3312,89,121.65,4,0.0
3313,254,293.86,4,0.1
3313,558,239.77,10,0.0
3313,29,404.21,4,0.15
3313,125,483.12,10,0.05
3313,405,319.5,10,0.2
3314,94,390.19,3,0.05
3315,79,198.92,2,0.2
3316,185,317.32,4,0.2
3316,32,58.71,3,0.05
3316,7,45.87,4,0.05
3317,653,342.66,5,0.0
3317,779,300.89,3,0.0
3317,703,92.3,1,0.05
3317,223,129.76,9,0.2
3318,496,65.07,10,0.1
3318,192,306.15,4,0.0
3318,36,334.91,8,0.15
3318,854,321.45,7,0.2
3319,8,352.59,2,0.2
3320,975,236.83,6,0.05
3321,962,426.47,9,0.05
3321,302,136.02,4,0.2
3322,117,163.18,8,0.1
3322,382,223.33,2,0.0
3322,936,237.95,1,0.2
3322,75,231.58,3,0.15
3323,546,101.32,1,0.1
3323,991,36.08,10,0.05
3324,10,366.27,5,0.2
3324,882,324.34,3,0.05
3324,891,92.19,7,0.0
3324,559,22.25,10,0.05
3324,956,97.19,2,0.2
3325,143,370.65,6,0.05
3325,700,358.59,7,0.05
3326,152,31.04,3,0.0
3326,672,117.92,2,0.15
3326,890,238.99,6,0.1
3327,542,453.62,4,0.05
3327,978,446.36,8,0.0
3328,768,381.15,7,0.15
3329,114,239.46,9,0.15
3329,116,371.06,10,0.0
3329,823,97.96,2,0.1
3329,444,102.51,7,0.1
3329,946,379.47,7,0.15
3330,799,93.61,1,0.2
3330,17,290.95,2,0.15
3331,214,21.35,1,0.1
3331,657,398.05,2,0.2
3331,878,265.73,2,0.0
3332,29,399.73,1,0.2
3332,459,137.13,6,0.05
3332,331,278.4,7,0.15
3333,64,257.06,7,0.15
3333,239,308.89,1,0.0
3333,801,283.97,4,0.0
3333,509,328.7,7,0.1
3334,851,467.54,4,0.1
3334,42,170.56,1,0.0
3334,348,253.8,3,0.15
3335,466,301.52,8,0.05
3335,657,465.63,3,0.2
3336,579,67.72,9,0.05
3336,27,73.91,6,0.0
3337,770,87.25,4,0.1
3338,438,448.74,7,0.2
3339,75,444.04,10,0.0
3340,31,30.31,6,0.0
3340,184,42.41,8,0.1
3340,311,429.37,8,0.0
3341,472,34.02,7,0.1
3342,361,287.7,9,0.2
3342,962,208.71,4,0.0
3342,832,90.13,5,0.0
3342,879,229.44,10,0.0
3342,451,160.87,5,0.2
3343,963,130.76,9,0.0
3344,64,474.93,5,0.1
3344,936,352.36,8,0.15
3344,128,237.71,7,0.0
3344,103,296.39,6,0.05
3344,772,141.31,7,0.0
3345,496,29.12,3,0.0
3346,433,466.67,8,0.15
3346,314,381.61,1,0.05
3346,340,443.31,4,0.2
3346,77,12.06,6,0.05
3347,463,89.46,8,0.05
3347,517,168.07,4,0.05
3347,895,39.07,6,0.2
3348,545,266.83,9,0.15
3348,275,394.08,6,0.2
3349,179,313.51,4,0.05
3349,470,318.02,6,0.15
3349,981,446.96,1,0.05
3349,176,353.01,5,0.0
3350,249,217.61,10,0.2
3350,590,161.08,7,0.1
3350,516,271.52,5,0.05
3350,411,341.89,4,0.2
3350,682,283.05,6,0.15
3351,135,305.38,9,0.2
3351,728,213.99,8,0.15
3351,246,91.35,3,0.15
3352,342,490.51,4,0.05
3352,997,429.87,1,0.15
3353,58,61.14,7,0.05
3353,873,130.46,1,0.0
3354,708,55.01,7,0.05
3354,899,135.16,6,0.05
3354,137,486.42,7,0.05
3355,176,282.74,3,0.05
3355,819,105.53,8,0.0
3355,890,148.82,5,0.1
3355,541,187.9,2,0.1
3356,278,152.34,3,0.0
3356,893,47.97,8,0.1
3357,911,153.58,10,0.1
3357,590,244.25,5,0.05
3357,272,385.0,2,0.2
3358,736,386.45,7,0.05
3358,307,257.78,6,0.0
3358,184,89.1,2,0.0
3358,877,489.56,7,0.1
3358,641,378.69,10,0.05
3359,677,97.24,10,0.2
3359,397,495.44,3,0.1
3359,296,226.05,4,0.1
3360,668,314.67,9,0.15
3360,930,193.58,10,0.0
3361,246,39.97,6,0.0
3361,875,137.93,2,0.2
3361,3,117.92,5,0.15
3362,182,33.87,8,0.2
3362,940,94.04,6,0.05
3362,704,498.84,1,0.2
3362,920,54.98,5,0.15
3362,241,490.05,4,0.15
3363,656,92.32,4,0.0
3363,697,494.02,2,0.1
3363,846,319.63,1,0.15
3363,394,216.15,10,0.15
3363,963,65.97,1,0.15
3364,642,457.44,10,0.0
3364,424,441.67,3,0.0
3364,249,264.25,8,0.2
3364,768,478.32,1,0.15
3364,457,175.7,7,0.0
3365,449,294.84,2,0.0
3365,86,451.19,6,0.0
3365,359,78.01,4,0.0
3366,46,383.15,3,0.15
3366,2,90.88,10,0.2
3366,932,213.66,9,0.05
3366,261,323.05,2,0.05
3367,568,201.64,2,0.1
3368,562,426.73,10,0.15
3368,303,383.8,10,0.2
3368,145,409.06,8,0.2
3368,381,438.8,3,0.0
3368,38,466.4,2,0.1
3369,285,420.69,3,0.1
3370,15,422.67,3,0.05
3370,658,355.72,9,0.15
3370,488,43.19,6,0.2
3370,229,190.42,9,0.1
3371,726,487.89,8,0.15
3371,888,114.54,8,0.2
3371,615,256.88,10,0.05
3371,280,24.07,6,0.15
3371,468,244.15,8,0.2
3372,869,222.93,8,0.1
3372,852,362.75,2,0.0
3372,214,190.8,4,0.2
3372,400,143.57,9,0.0
3372,455,165.06,5,0.05
3373,58,406.16,1,0.05
3373,999,270.06,9,0.15
3373,243,313.3,7,0.15
3373,350,361.18,10,0.15
3373,997,113.62,5,0.15
3374,18,424.18,3,0.0
3374,929,37.9,9,0.1
3374,498,73.47,3,0.05
3374,335,196.05,5,0.0
3375,24,145.94,10,0.1
3375,898,39.83,6,0.2
3375,804,320.27,6,0.15
3375,134,193.02,6,0.05
3375,876,402.54,4,0.15
3376,783,172.12,8,0.15
3376,748,461.36,6,0.1
3376,968,234.79,4,0.15
3376,605,438.99,5,0.2
3377,745,85.81,2,0.05
3377,943,93.56,6,0.2
3377,768,416.43,7,0.15
3378,866,250.97,6,0.05
3378,656,427.53,8,0.2
3378,53,378.24,3,0.2
3378,85,144.14,7,0.1
3378,676,439.91,4,0.2
3379,509,296.55,10,0.2
3379,261,35.84,1,0.05
3379,695,335.74,6,0.1
3379,895,28.64,1,0.0
3380,269,360.1,3,0.1
3380,778,80.32,10,0.1
3380,92,240.19,6,0.05
3380,351,420.21,9,0.1
3380,585,43.9,4,0.2
3381,385,88.9,5,0.15
3381,723,44.46,3,0.15
3381,254,376.44,1,0.1
3381,342,39.18,6,0.05
3382,408,397.4,4,0.1
3383,79,254.11,8,0.05
3383,71,229.92,9,0.05
3383,540,328.85,6,0.2
3383,614,447.62,4,0.05
3384,43,310.36,8,0.0
3384,294,404.18,7,0.0
3384,105,496.27,4,0.05
3384,729,39.97,6,0.1
3384,978,147.87,9,0.1
3385,430,404.13,7,0.0
3385,669,335.84,1,0.2
3386,90,240.9,9,0.2
3386,228,33.66,3,0.0
3387,595,127.74,7,0.15
3388,511,237.25,4,0.15
3388,963,177.61,8,0.15
3388,469,162.46,6,0.1
3388,802,172.1,1,0.05
3389,922,64.31,6,0.1
3389,986,109.0,2,0.0
3389,517,451.85,3,0.15
3390,210,125.17,1,0.2
3390,588,312.95,3,0.05
3390,323,348.66,4,0.0
3390,381,110.83,2,0.1
3390,211,487.16,9,0.1
3391,765,237.61,3,0.15
3391,805,132.7,7,0.05
3391,30,402.14,7,0.0
3392,451,166.71,2,0.1
3392,289,159.8,9,0.15
3392,735,224.12,2,0.15
3392,109,480.0,9,0.05
3393,677,351.66,10,0.15
3393,140,132.13,3,0.2
3393,465,148.12,7,0.2
3394,845,92.75,3,0.0
3394,490,87.26,6,0.2
3394,941,313.8,8,0.15
3395,165,193.38,3,0.2
3396,544,305.27,2,0.2
3396,785,338.25,10,0.1
3396,573,416.77,6,0.0
3397,695,295.36,10,0.1
3397,743,163.65,7,0.1
3397,342,499.23,7,0.1
3397,640,386.05,3,0.05
3398,7,191.5,5,0.05
3398,31,489.36,9,0.15
3398,265,252.8,6,0.1
3398,75,135.27,1,0.0
3398,992,256.03,8,0.15
3399,704,447.71,5,0.15
3399,355,231.2,1,0.2
3399,783,342.74,4,0.15
3399,47,250.15,6,0.0
3399,128,374.02,9,0.0
3400,817,348.68,2,0.15
3401,922,321.27,4,0.1
3401,729,353.52,7,0.0
3401,34,339.73,2,0.15
3401,849,57.89,5,0.0
3402,602,345.76,2,0.15
3402,633,443.77,6,0.15
3402,131,168.57,3,0.15
3402,822,179.2,3,0.2
3403,891,382.54,7,0.15
3403,129,346.76,9,0.1
3404,983,183.98,1,0.15
3405,534,180.29,8,0.0
3405,958,349.36,6,0.15
3405,521,341.9,2,0.15
3405,72,213.15,10,0.1
3406,580,127.36,4,0.15
3407,418,177.4,6,0.1
3407,655,68.52,7,0.0
3407,15,433.17,2,0.05
3408,602,213.51,4,0.05
3408,343,74.53,6,0.0
3409,153,43.01,3,0.0
3409,383,474.91,7,0.2
3409,405,231.01,5,0.2
3409,622,421.36,7,0.2
3409,414,248.18,5,0.2
3410,585,317.46,7,0.05
3410,772,51.78,7,0.05
3410,848,38.64,3,0.15
3410,520,317.22,5,0.05
3411,585,98.41,6,0.2
3411,897,368.57,7,0.1
3411,851,75.24,1,0.0
3411,188,75.73,5,0.15
3412,939,249.05,4,0.0
3412,736,379.04,2,0.2
3412,785,414.49,7,0.05
3412,11,238.68,1,0.2
3412,114,187.78,6,0.05
3413,5,95.15,1,0.15
3413,431,102.4,7,0.15
3413,808,110.98,6,0.15
3413,154,232.84,7,0.2
3414,171,265.21,2,0.0
3414,785,401.64,1,0.0
3414,623,116.37,3,0.15
3415,19,378.67,5,0.2
3415,224,95.32,8,0.1
3416,212,72.39,4,0.1
3416,767,421.14,2,0.0
3416,813,282.83,3,0.0
3416,333,483.02,9,0.0
3417,878,362.74,6,0.2
3417,845,336.44,7,0.05
3417,689,334.05,9,0.1
3417,721,107.94,2,0.0
3418,672,465.76,9,0.0
3419,497,406.67,4,0.15
3419,815,217.71,7,0.05
3419,618,202.22,10,0.1
3419,31,245.28,9,0.0
3420,163,476.31,6,0.2
3420,425,262.56,6,0.0
3421,206,250.75,1,0.05
3421,701,337.24,10,0.1
3422,853,120.21,6,0.05
3423,649,336.48,2,0.05
3423,706,86.1,5,0.1
3423,203,71.81,8,0.1
3424,463,319.37,1,0.05
3424,851,36.71,7,0.2
3424,101,232.84,1,0.15
3424,597,396.95,3,0.15
3425,156,428.62,5,0.2
3425,291,305.78,9,0.1
3425,870,88.39,10,0.2
3426,520,450.74,1,0.0
3426,515,170.72,5,0.2
3427,453,291.43,4,0.15
3427,509,365.68,7,0.1
3427,424,225.83,6,0.05
3427,275,258.99,3,0.05
3428,112,170.62,5,0.2
3428,860,336.54,1,0.05
3428,582,285.73,9,0.1
3428,672,294.4,5,0.05
3429,759,234.43,7,0.15
3429,879,47.64,4,0.2
3429,328,272.67,7,0.1
3430,17,478.74,1,0.2
3430,796,426.9,6,0.2
3430,755,179.87,7,0.15
3431,193,351.51,6,0.2
3431,146,380.74,7,0.0
3431,969,462.6,10,0.1
3431,214,52.61,8,0.0
3431,578,213.38,2,0.2
3432,688,26.83,9,0.15
3432,236,272.1,8,0.05
3432,420,10.35,3,0.0
3433,949,358.86,9,0.2
3433,650,59.1,2,0.05
3434,777,457.35,10,0.15
3435,873,227.01,1,0.05
3435,489,326.97,4,0.1
3435,439,389.43,9,0.05
3435,226,493.59,7,0.1
3436,495,59.31,1,0.1
3436,1,208.76,6,0.15
3436,472,404.71,4,0.2
3436,656,209.94,8,0.0
3437,267,230.79,10,0.05
3437,401,47.19,5,0.2
3437,839,12.76,6,0.1
3438,916,252.63,4,0.0
3438,563,379.98,9,0.2
3438,670,220.09,2,0.0
3438,546,426.42,6,0.05
3439,140,484.13,3,0.15
3440,131,390.9,1,0.0
3440,324,286.14,9,0.0
3440,279,159.87,2,0.1
3440,508,199.19,6,0.2
3441,788,22.53,10,0.0
3441,751,483.43,1,0.15
3441,14,112.72,9,0.1
3441,42,136.24,8,0.05
3442,746,129.57,7,0.2
3442,509,123.67,10,0.0
3442,290,281.69,5,0.0
3443,110,270.25,10,0.15
3443,589,253.93,9,0.05
3444,112,479.94,6,0.1
3444,206,71.67,9,0.1
3445,368,43.2,2,0.2
3445,646,331.55,4,0.1
3446,308,153.97,10,0.1
3446,881,40.9,3,0.1
3446,766,286.71,10,0.2
3446,15,371.78,10,0.0
3446,592,367.06,4,0.05
3447,572,357.76,7,0.15
3447,556,200.7,7,0.0
3448,852,266.56,6,0.0
3448,170,448.18,5,0.0
3448,862,327.36,10,0.2
3448,746,410.87,8,0.2
3449,547,150.52,4,0.0
3449,473,268.74,9,0.05
3450,245,288.55,4,0.2
3450,165,437.57,8,0.0
3450,708,98.38,7,0.05
3450,775,259.8,1,0.15
3451,357,467.37,9,0.0
3452,334,434.89,2,0.15
3452,121,259.58,1,0.1
3452,228,224.48,8,0.15
3452,229,422.69,8,0.0
3452,845,300.53,9,0.2
3453,139,38.95,3,0.2
3453,782,485.36,8,0.1
3453,35,403.88,5,0.0
3453,896,185.19,10,0.05
3453,234,126.73,1,0.05
3454,14,269.63,2,0.2
3454,388,437.24,3,0.1
3454,449,382.22,8,0.05
3454,501,195.22,6,0.15
3455,194,462.48,5,0.2
3456,489,188.11,5,0.1
3456,971,122.15,6,0.05
3456,265,184.17,5,0.1
3456,715,342.18,9,0.2
3457,877,78.35,7,0.2
3457,331,290.99,1,0.0
3458,375,60.48,2,0.1
3458,972,370.55,8,0.05
3458,107,395.8,9,0.1
3458,781,46.54,8,0.15
3458,948,150.56,7,0.15
3459,665,190.45,7,0.2
3460,994,308.17,4,0.2
3461,70,295.62,5,0.15
3461,881,168.57,1,0.05
3462,328,35.29,5,0.1
3462,522,194.64,4,0.05
3462,976,390.94,10,0.05
3462,439,129.66,10,0.1
3463,286,167.3,1,0.1
3463,788,47.79,6,0.15
3464,962,104.27,9,0.0
3464,976,413.7,4,0.05
3464,654,481.14,3,0.15
3464,137,53.45,2,0.2
3464,413,376.25,7,0.05
3465,932,236.72,5,0.15
3465,648,214.8,3,0.05
3465,387,319.97,1,0.05
3465,594,345.42,6,0.1
3465,958,240.1,8,0.05
3466,540,102.71,2,0.2
3466,99,85.96,10,0.1
3466,585,54.24,3,0.05
3466,889,78.35,1,0.15
3467,357,345.75,5,0.0
3467,247,456.6,6,0.1
3468,377,423.22,10,0.05
3468,285,165.97,9,0.05
3468,66,51.91,1,0.0
3469,356,120.08,4,0.05
3469,412,257.49,7,0.15
3470,335,158.35,10,0.0
3470,684,161.09,8,0.2
3471,975,219.05,9,0.2
3471,390,359.76,3,0.0
3471,369,105.4,6,0.0
3471,454,267.01,3,0.2
3471,103,209.81,9,0.1
3472,300,156.05,7,0.0
3472,984,345.76,9,0.2
3472,641,95.67,1,0.2
3472,216,93.3,6,0.2
3473,182,329.02,5,0.15
3473,534,238.75,4,0.15
3473,613,112.58,7,0.05
3473,811,129.6,9,0.1
3474,43,374.67,3,0.2
3474,106,387.05,4,0.05
3474,481,353.49,7,0.1
3474,162,308.25,9,0.1
3475,289,54.25,4,0.1
3475,585,428.08,4,0.0
3475,83,122.08,2,0.0
3475,647,359.53,2,0.15
3476,241,97.67,3,0.2
3476,788,144.32,6,0.1
3476,385,45.46,1,0.2
3476,442,321.47,8,0.2
3477,156,182.48,2,0.0
3477,167,260.61,9,0.15
3477,917,49.1,7,0.15
3477,589,376.25,1,0.05
3478,913,299.66,2,0.15
3478,7,138.3,6,0.05
3478,304,260.45,10,0.0
3478,429,455.42,7,0.05
3479,285,21.71,7,0.15
3479,75,277.39,5,0.1
3479,988,493.51,4,0.05
3480,441,181.08,3,0.1
3481,919,389.35,10,0.05
3481,217,179.81,5,0.0
3482,79,463.25,8,0.05
3482,820,312.11,6,0.0
3482,70,92.78,1,0.1
3482,658,322.96,1,0.15
3483,456,176.51,4,0.05
3483,97,390.34,8,0.0
3483,259,134.81,10,0.1
3483,554,184.85,2,0.05
3484,942,91.26,10,0.05
3484,819,86.74,3,0.2
3484,888,479.52,9,0.0
3484,566,184.7,3,0.0
3484,712,259.42,6,0.05
3485,866,225.84,7,0.2
3486,124,486.37,3,0.15
3487,441,427.01,1,0.15
3487,171,370.97,3,0.1
3487,343,377.42,10,0.0
3487,989,123.53,10,0.1
3487,47,126.92,4,0.05
3488,47,92.51,5,0.2
3488,760,204.74,3,0.05
3488,774,284.97,9,0.1
3489,49,466.49,4,0.15
3489,777,324.76,6,0.1
3489,935,113.14,10,0.2
3490,159,285.45,6,0.2
3490,864,19.39,4,0.0
3490,749,266.14,5,0.0
3491,570,130.44,3,0.2
3491,422,327.94,9,0.1
3491,672,407.95,6,0.0
3492,960,428.92,2,0.1
3492,688,296.43,6,0.0
3492,524,282.98,4,0.15
3493,175,35.47,5,0.1
3493,108,136.01,10,0.05
3493,61,288.32,2,0.15
3493,630,71.19,5,0.0
3494,206,357.91,6,0.15
3495,696,458.52,9,0.15
3495,912,171.48,8,0.05
3495,517,244.64,5,0.2
3495,705,195.4,7,0.0
3495,284,226.82,4,0.15
3496,748,427.09,8,0.1
3496,60,60.73,1,0.2
3496,786,61.76,1,0.05
3496,300,223.81,10,0.05
3497,655,75.05,9,0.2
3497,158,316.32,1,0.1
3497,365,115.81,4,0.1
3497,861,67.31,1,0.05
3497,879,204.0,6,0.15
3498,383,220.97,9,0.1
3498,136,474.1,1,0.05
3498,707,336.56,2,0.15
3498,941,106.19,8,0.2
3499,471,164.4,5,0.2
3500,255,175.77,8,0.15
3501,161,440.8,9,0.05
3501,625,380.37,4,0.0
3501,850,112.5,10,0.1
3502,614,76.47,7,0.0
3502,376,265.74,9,0.1
3503,186,404.84,8,0.05
3503,615,152.24,1,0.0
3504,261,313.51,10,0.15
3505,467,366.48,4,0.15
3505,337,429.54,1,0.1
3505,279,382.82,10,0.0
3506,428,161.91,7,0.1
3506,470,291.73,8,0.05
3506,547,308.7,2,0.0
3506,70,335.03,5,0.0
3506,618,178.13,4,0.15
3507,926,462.03,9,0.0
3507,870,153.74,2,0.15
3507,747,483.52,6,0.15
3507,595,316.2,5,0.05
3507,99,25.53,3,0.0
3508,677,232.42,2,0.15
3508,813,476.91,10,0.2
3508,519,59.43,6,0.2
3508,468,236.67,4,0.15
3508,678,131.15,2,0.0
3509,271,273.63,6,0.15
3510,940,457.33,3,0.15
3510,732,170.57,8,0.05
3510,430,279.12,2,0.2
3510,461,484.71,10,0.0
3510,956,91.46,8,0.2
3511,657,456.78,3,0.1
3511,869,292.95,10,0.0
3511,547,316.02,7,0.0
3511,522,322.71,5,0.0
3511,376,362.33,6,0.2
3512,897,237.95,4,0.0
3512,377,356.02,5,0.05
3512,198,233.31,7,0.05
3513,543,167.22,10,0.15
3514,23,223.25,10,0.1
3514,505,135.08,2,0.1
3514,842,377.37,1,0.0
3514,127,38.96,5,0.0
3515,379,126.84,2,0.0
3515,421,366.03,5,0.0
3515,47,227.82,10,0.15
3515,153,87.86,7,0.2
3516,181,285.29,6,0.1
3516,751,85.4,4,0.1
3517,603,292.1,10,0.05
3517,729,449.1,6,0.0
3517,498,400.51,10,0.15
3518,832,209.85,6,0.1
3518,421,228.22,6,0.2
3519,857,336.83,4,0.15
3519,574,455.8,1,0.1
3519,720,101.88,10,0.05
3519,963,183.76,10,0.0
3520,710,68.98,6,0.05
3520,826,360.21,1,0.0
3520,508,242.98,4,0.0
3520,471,136.02,3,0.1
3521,977,153.82,4,0.0
3521,813,210.41,7,0.15
3521,61,237.78,3,0.15
3521,48,390.44,1,0.15
3522,160,441.86,10,0.15
3523,450,220.69,6,0.0
3524,895,97.44,8,0.05
3524,816,289.04,10,0.0
3524,780,346.9,4,0.2
3524,303,278.4,2,0.15
3525,473,433.66,8,0.0
3525,408,80.48,6,0.1
3525,139,130.82,2,0.15
3525,956,323.77,4,0.2
3526,327,260.03,7,0.1
3527,130,414.82,7,0.15
3527,344,494.53,9,0.05
3527,429,490.73,1,0.05
3527,56,223.56,1,0.15
3528,328,357.91,6,0.0
3529,403,41.69,5,0.0
3529,933,353.77,8,0.05
3530,886,76.18,1,0.15
3531,450,168.26,1,0.1
3531,446,124.81,3,0.1
3531,416,86.82,2,0.15
3531,994,489.14,5,0.05
3532,230,473.07,9,0.15
3532,719,457.61,8,0.2
3532,171,336.11,6,0.2
3533,246,488.24,9,0.0
3534,464,66.71,7,0.15
3534,230,430.06,9,0.15
3534,192,155.34,6,0.1
3535,419,164.5,1,0.15
3535,113,15.46,6,0.1
3536,9,86.66,6,0.0
3536,373,285.44,9,0.15
3536,988,445.85,5,0.1
3536,980,55.38,4,0.1
3537,597,277.62,7,0.05
3537,858,467.06,6,0.2
3537,872,204.6,3,0.15
3537,991,130.79,7,0.0
3537,716,27.15,3,0.1
3538,65,246.46,10,0.15
3538,375,350.45,6,0.0
3538,90,434.34,4,0.15
3539,257,419.2,3,0.15
3539,603,403.28,5,0.1
3539,343,405.55,6,0.2
3539,224,326.72,2,0.2
3539,69,496.86,7,0.05
3540,203,469.58,7,0.0
3541,284,166.72,7,0.1
3541,700,131.65,3,0.05
3541,386,424.96,5,0.15
3541,79,29.17,9,0.0
3542,110,142.19,2,0.05
3543,738,272.27,1,0.2
3543,454,304.53,5,0.05
3543,75,229.24,5,0.2
3543,631,336.35,2,0.05
3543,572,448.18,9,0.0
3544,773,14.06,1,0.2
3544,949,427.32,6,0.2
3544,616,275.5,10,0.2
3544,256,437.59,6,0.2
3545,560,69.16,1,0.05
3546,290,421.28,6,0.0
3546,730,280.9,2,0.0
3547,386,118.46,9,0.15
3547,972,407.08,10,0.2
3547,728,28.64,3,0.0
3548,71,211.36,7,0.2
3548,100,158.7,1,0.05
3549,165,457.17,5,0.15
3550,850,80.65,2,0.05
3550,433,355.77,6,0.2
3550,795,266.61,4,0.15
3550,265,390.89,1,0.15
3551,637,284.4,5,0.2
3551,522,451.71,6,0.2
3551,844,46.68,3,0.15
3552,883,293.58,1,0.05
3553,81,423.28,7,0.1
3553,742,214.45,6,0.15
3554,778,215.59,6,0.15
3555,647,490.19,10,0.1
3555,99,426.19,5,0.05
3555,217,464.29,10,0.15
3555,24,152.44,2,0.15
3555,293,142.63,1,0.2
3556,148,466.71,6,0.05
3556,897,399.21,3,0.05
3556,742,425.04,1,0.15
3556,724,498.13,5,0.2
3557,395,101.31,2,0.05
3557,261,338.06,10,0.1
3557,97,409.22,6,0.15
3557,939,133.13,9,0.15
3558,517,375.48,6,0.2
3559,591,163.02,1,0.2
3559,252,117.43,5,0.1
3560,692,242.17,9,0.1
3560,655,286.65,9,0.0
3561,177,192.72,10,0.05
3561,16,97.11,10,0.15
3561,444,407.02,8,0.15
3561,627,347.29,3,0.05
3561,393,213.02,4,0.0
3562,482,123.04,5,0.0
3562,349,270.89,10,0.2
3563,989,495.16,9,0.0
3563,348,88.89,3,0.2
3563,651,18.7,8,0.15
3564,695,486.85,7,0.05
3565,304,75.42,7,0.2
3565,372,150.27,8,0.05
3565,889,390.7,4,0.1
3565,937,56.79,5,0.05
3565,19,314.43,1,0.05
3566,973,370.62,2,0.2
3566,245,221.28,7,0.15
3567,653,323.47,5,0.15
3567,52,246.21,3,0.0
3567,910,359.09,2,0.0
3567,435,334.32,1,0.1
3567,433,10.75,4,0.2
3568,253,424.63,3,0.15
3568,760,18.74,2,0.2
3568,480,229.01,8,0.2
3569,660,434.58,5,0.05
3569,228,75.29,4,0.2
3569,193,120.73,10,0.05
3570,271,186.44,8,0.15
3570,132,231.0,3,0.15
3571,259,176.15,3,0.0
3571,371,332.6,9,0.2
3571,457,439.86,3,0.0
3571,691,58.91,5,0.2
3572,443,358.38,4,0.2
3572,36,122.84,7,0.2
3572,233,249.7,9,0.1
3573,831,17.75,5,0.15
3573,803,172.3,10,0.2
3574,378,256.45,10,0.1
3574,680,229.07,8,0.0
3575,591,416.4,10,0.05
3575,719,267.85,4,0.05
3575,976,326.15,1,0.05
3575,740,495.48,6,0.1
3576,84,335.93,8,0.2
3576,873,475.62,7,0.15
3576,430,325.97,9,0.0
3576,730,264.71,10,0.2
3577,221,460.56,4,0.2
3577,735,169.53,5,0.1
3577,425,489.29,10,0.05
3577,765,355.09,2,0.0
3578,344,476.9,6,0.0
3578,767,52.82,5,0.15
3578,449,114.74,8,0.2
3578,178,217.03,7,0.05
3578,236,257.54,10,0.15
3579,300,285.74,10,0.15
3579,785,342.69,10,0.0
3579,983,356.92,9,0.05
3580,21,279.57,2,0.0
3580,46,396.61,2,0.1
3581,517,209.82,7,0.2
3581,837,38.28,3,0.1
3582,330,249.34,10,0.1
3583,260,434.85,1,0.2
3584,456,394.41,1,0.2
3584,101,13.88,5,0.1
3584,648,262.27,8,0.05
3584,715,143.72,3,0.15
3585,898,349.21,7,0.15
3585,1000,181.29,3,0.2
3585,738,155.73,9,0.05
3586,973,497.11,2,0.15
3587,601,237.73,6,0.0
3588,669,433.68,5,0.05
3588,223,381.85,4,0.1
3589,968,237.01,8,0.15
3589,443,253.88,4,0.1
3590,398,418.16,6,0.2
3590,819,428.56,6,0.0
3591,682,14.45,10,0.15
3591,72,303.64,5,0.0
3592,935,448.77,3,0.2
3592,489,24.62,7,0.0
3592,77,470.78,10,0.2
3592,645,27.26,5,0.15
3593,909,383.84,5,0.15
3593,725,84.26,2,0.15
3593,423,68.66,3,0.1
3593,619,386.34,6,0.15
3594,513,393.49,1,0.05
3594,673,85.28,4,0.15
3594,830,465.82,10,0.1
3594,251,360.41,6,0.1
3595,457,249.91,6,0.0
3595,746,242.53,9,0.0
3595,754,375.6,8,0.05
3595,911,266.07,4,0.2
3595,389,155.79,8,0.15
3596,971,377.09,2,0.05
3596,744,343.13,2,0.1
3596,426,308.6,10,0.05
3597,687,387.76,7,0.05
3597,955,431.71,8,0.1
3597,243,203.29,5,0.1
3597,110,119.25,1,0.2
3598,66,420.05,7,0.15
3598,645,116.68,1,0.0
3598,620,329.45,4,0.15
3599,729,67.88,1,0.1
3599,948,342.62,7,0.1
3600,457,260.1,1,0.1
3601,111,188.33,4,0.15
3601,93,376.83,4,0.2
3601,210,213.65,3,0.15
3601,759,461.74,3,0.2
3601,670,165.28,9,0.15
3602,472,173.97,5,0.2
3602,481,300.43,1,0.15
3602,714,53.69,3,0.2
3602,63,460.77,7,0.2
3603,953,279.06,8,0.0
3603,99,34.32,3,0.2
3603,334,131.17,2,0.05
3603,300,490.5,7,0.2
3603,721,290.24,8,0.1
3604,21,222.93,9,0.2
3604,161,150.69,6,0.15
3604,66,246.19,3,0.2
3604,256,495.5,9,0.1
3605,718,326.61,2,0.2
3605,641,183.06,7,0.0
3606,447,174.64,10,0.05
3606,683,86.02,6,0.1
3606,929,442.63,9,0.1
3606,374,282.62,1,0.15
3607,6,336.78,3,0.2
3607,803,391.34,3,0.2
3608,817,184.84,3,0.2
3608,242,428.39,9,0.2
3609,107,105.0,10,0.15
3609,384,157.16,3,0.15
3609,744,267.86,5,0.15
3609,916,140.38,5,0.1
3610,35,83.94,9,0.05
3610,466,60.33,1,0.0
3610,701,499.37,6,0.0
3611,560,164.89,5,0.1
3611,51,377.58,6,0.2
3611,958,64.45,1,0.1
3611,553,269.59,2,0.0
3611,492,285.39,9,0.15
3612,609,137.4,8,0.15
3612,504,48.9,4,0.15
3612,824,270.38,9,0.15
3612,990,194.69,7,0.1
3613,782,117.44,5,0.15
3613,339,226.92,10,0.15
3613,249,487.29,4,0.15
3613,959,292.81,3,0.05
3614,942,66.08,2,0.1
3614,914,10.25,4,0.15
3614,175,152.18,9,0.15
3614,515,129.99,6,0.0
3615,987,304.14,1,0.1
3615,169,455.06,1,0.1
3615,119,241.89,7,0.0
3616,490,219.26,10,0.0
3616,886,142.14,10,0.15
3616,931,230.94,7,0.15
3616,657,17.88,9,0.1
3616,578,294.49,10,0.2
3617,450,378.17,8,0.05
3618,447,226.2,9,0.2
3618,374,181.54,8,0.1
3618,210,257.92,10,0.1
3618,629,452.55,6,0.15
3619,251,65.48,10,0.2
3620,983,479.47,10,0.15
3620,269,41.61,7,0.05
3620,271,423.68,6,0.05
3621,491,243.6,5,0.05
3621,257,224.91,3,0.0
3621,489,79.39,9,0.1
3622,467,409.26,10,0.0
3622,456,464.61,10,0.2
3622,379,239.85,6,0.15
3622,393,300.39,9,0.05
3622,925,72.15,3,0.2
3623,655,391.7,1,0.1
3624,13,65.52,4,0.15
3624,328,167.82,6,0.1
3624,294,25.88,10,0.0
3624,360,290.11,5,0.1
3624,758,463.52,5,0.15
3625,881,372.3,8,0.0
3625,674,490.53,4,0.2
3626,253,442.84,1,0.15
3626,961,174.76,4,0.1
3627,898,190.53,8,0.1
3627,731,467.02,10,0.2
3628,585,204.02,3,0.2
3629,748,68.82,7,0.0
3629,721,267.42,9,0.15
3630,649,329.3,9,0.05
3630,482,391.35,8,0.05
3630,517,237.88,7,0.05
3631,603,466.66,8,0.05
3632,657,435.14,7,0.15
3632,833,23.34,8,0.2
3632,528,497.93,9,0.1
3632,743,465.67,1,0.0
3632,254,346.2,5,0.1
3633,678,355.09,10,0.15
3633,48,86.97,10,0.0
3633,455,346.27,1,0.15
3634,237,82.31,6,0.05
3634,728,229.83,3,0.1
3634,187,151.93,4,0.0
3634,707,172.96,5,0.0
3634,973,371.54,7,0.15
3635,70,234.82,6,0.05
3636,565,473.35,8,0.05
3636,861,146.2,6,0.2
3636,790,54.37,10,0.2
3636,981,235.57,1,0.2
3636,743,338.92,5,0.0
3637,338,108.24,9,0.0
3637,729,188.64,7,0.1
3637,323,313.11,8,0.05
3637,784,224.32,4,0.2
3638,35,372.97,1,0.1
3638,788,50.21,4,0.0
3638,465,210.29,7,0.15
3639,67,72.96,2,0.1
3639,799,200.18,4,0.2
3640,801,99.75,9,0.1
3640,29,119.95,10,0.2
3640,848,387.74,2,0.1
3640,954,489.48,10,0.05
3641,87,60.68,4,0.0
3641,229,436.69,7,0.05
3641,485,287.52,9,0.1
3642,221,344.9,9,0.05
3642,35,489.11,7,0.2
3642,418,465.14,7,0.15
3642,573,89.32,9,0.15
3642,268,218.53,7,0.0
3643,487,181.45,6,0.15
3643,493,394.48,6,0.1
3643,381,59.24,1,0.1
3643,957,472.29,8,0.15
3644,363,153.9,3,0.1
3644,13,347.34,9,0.2
3645,562,456.85,6,0.2
3645,67,229.3,4,0.1
3645,27,247.37,5,0.1
3645,644,394.25,3,0.0
3645,554,267.93,3,0.1
3646,17,398.56,2,0.1
3647,809,238.79,5,0.2
3648,120,195.7,9,0.0
3648,416,219.78,2,0.0
3649,651,197.38,7,0.0
3649,376,123.17,5,0.0
3649,645,355.27,8,0.1
3650,44,30.3,5,0.1
3651,309,297.71,3,0.15
3651,35,21.32,10,0.2
3651,972,344.07,7,0.1
3651,657,307.42,5,0.2
3651,568,128.58,7,0.1
3652,969,396.37,7,0.05
3652,42,285.59,7,0.1
3652,943,248.75,3,0.1
3652,695,187.78,9,0.0
3652,231,247.41,9,0.05
3653,358,393.35,5,0.05
3653,67,137.71,10,0.15
3654,720,27.26,1,0.0
3654,254,137.33,4,0.2
3654,688,454.52,9,0.0
3654,623,143.88,9,0.2
3655,508,164.93,5,0.0
3655,648,346.84,7,0.0
3655,170,371.98,1,0.2
3655,863,293.98,8,0.05
3656,510,414.07,10,0.2
3657,909,205.02,7,0.2
3658,106,430.39,9,0.1
3658,229,196.07,2,0.05
3658,915,279.26,6,0.0
3658,19,59.56,5,0.1
3658,236,137.94,7,0.15
3659,379,123.5,3,0.1
3659,450,117.33,2,0.05
3660,413,203.38,3,0.2
3660,608,183.78,8,0.2
3660,513,471.49,8,0.1
3660,464,188.29,9,0.0
3661,664,68.67,4,0.05
3661,518,53.88,6,0.15
3661,632,56.08,7,0.0
3661,803,447.97,3,0.15
3661,463,469.53,2,0.1
3662,459,214.52,1,0.1
3662,90,138.62,2,0.1
3662,919,100.82,5,0.1
3663,699,372.53,3,0.2
3663,676,452.43,7,0.2
3663,513,150.05,6,0.1
3664,676,339.85,10,0.0
3665,955,410.72,9,0.0
3665,748,134.6,9,0.15
3666,139,407.19,4,0.15
3666,22,130.8,7,0.1
3666,618,370.61,5,0.05
3666,194,410.21,7,0.0
3667,289,162.39,5,0.1
3667,676,11.67,3,0.15
3667,693,349.96,4,0.1
3667,124,103.73,3,0.1
3668,350,282.92,3,0.15
3668,395,362.74,2,0.05
3668,89,271.35,2,0.1
3669,75,292.06,6,0.1
3669,863,465.57,6,0.05
3669,10,434.47,6,0.0
3670,412,256.63,1,0.2
3670,925,453.32,9,0.05
3670,555,351.59,8,0.05
3671,74,110.71,1,0.05
3671,155,331.72,4,0.15
3671,401,269.45,2,0.05
3671,193,84.21,8,0.05
3672,254,210.62,8,0.15
3672,250,458.79,7,0.15
3672,159,152.8,10,0.1
3672,900,456.65,9,0.0
3673,650,273.34,8,0.15
3673,865,378.76,10,0.05
3673,300,488.06,5,0.1
3673,781,307.48,4,0.0
3673,395,108.61,8,0.1
3674,161,377.63,7,0.15
3674,888,257.27,10,0.0
3674,850,455.81,6,0.05
3674,746,208.13,7,0.15
3675,215,47.06,2,0.05
3675,782,438.4,8,0.15
3675,192,302.47,6,0.05
3675,33,158.18,4,0.2
3675,196,343.49,4,0.05
3676,105,166.26,2,0.2
3676,670,17.7,7,0.15
3677,554,87.18,7,0.05
3677,838,273.5,2,0.2
3677,12,118.82,9,0.2
3678,978,64.07,5,0.05
3678,199,286.05,9,0.0
3678,74,186.14,4,0.1
3679,881,165.59,2,0.0
3680,794,215.92,3,0.05
3680,437,360.7,6,0.0
3680,13,151.95,1,0.05
3680,513,211.1,3,0.05
3681,884,280.58,10,0.05
3681,975,80.86,6,0.0
3681,507,322.78,9,0.05
3682,985,398.12,4,0.1
3682,657,31.12,7,0.05
3682,102,41.88,9,0.1
3682,966,26.25,6,0.15
3683,912,18.65,3,0.2
3683,596,443.29,2,0.0
3683,509,286.52,10,0.15
3683,946,324.86,3,0.15
3683,668,270.18,7,0.1
3684,547,115.07,9,0.0
3685,571,467.1,2,0.1
3685,953,30.57,4,0.15
3685,829,492.96,1,0.2
3685,690,346.09,8,0.0
3686,773,18.77,10,0.0
3686,203,305.36,3,0.0
3686,593,457.57,6,0.15
3687,408,29.39,1,0.05
3687,816,492.62,5,0.15
3688,526,447.48,8,0.2
3688,846,266.48,9,0.2
3688,335,311.86,2,0.05
3689,473,271.15,6,0.05
3689,234,84.81,4,0.05
3690,589,338.6,3,0.1
3690,465,135.4,2,0.1
3691,687,345.13,5,0.15
3691,874,387.72,6,0.1
3691,693,125.01,2,0.2
3691,255,273.13,5,0.1
3691,564,304.08,8,0.2
3692,59,243.02,10,0.05
3693,772,205.89,10,0.2
3693,439,128.67,6,0.1
3693,222,489.25,6,0.0
3694,852,276.64,9,0.15
3694,941,186.83,1,0.15
3694,345,376.36,1,0.2
3695,56,396.88,2,0.0
3695,750,398.86,6,0.2
3695,193,356.24,1,0.1
3695,119,104.54,4,0.0
3695,455,405.03,6,0.15
3696,431,50.86,7,0.0
3696,271,54.41,10,0.05
3696,19,494.6,4,0.1
3696,119,100.94,7,0.05
3696,50,493.25,7,0.0
3697,213,73.92,7,0.15
3697,80,420.56,4,0.05
3697,398,67.32,2,0.1
3697,762,35.72,9,0.05
3697,283,103.25,1,0.0
3698,88,305.01,10,0.1
3698,708,165.05,5,0.0
3698,460,173.88,2,0.2
3698,124,336.28,10,0.1
3699,568,46.07,1,0.0
3700,423,400.98,4,0.1
3700,790,87.08,7,0.05
3700,452,188.75,6,0.0
3701,819,99.24,2,0.05
3701,443,329.56,1,0.05
3701,245,355.22,9,0.15
3701,371,244.68,2,0.0
3702,425,20.63,5,0.2
3702,335,92.13,4,0.1
3702,761,442.97,8,0.15
3702,434,150.9,5,0.2
3703,377,240.7,8,0.1
3704,155,359.54,10,0.2
3704,132,425.05,8,0.1
3705,404,164.8,8,0.2
3705,125,315.98,9,0.2
3706,411,409.68,9,0.05
3707,489,485.69,6,0.0
3708,69,136.45,5,0.0
3709,300,404.92,5,0.1
3709,719,444.55,7,0.15
3710,77,339.67,4,0.15
3710,938,46.43,8,0.1
3711,588,446.76,1,0.15
3712,612,472.53,1,0.2
3712,329,182.42,1,0.05
3712,318,134.54,2,0.0
3712,927,467.24,7,0.0
3713,30,328.62,1,0.0
3713,397,60.73,3,0.15
3713,107,114.48,4,0.0
3713,212,335.69,9,0.0
3714,167,482.76,8,0.2
3714,31,196.53,7,0.1
3714,961,15.99,2,0.2
3714,251,41.27,6,0.1
3715,800,364.17,8,0.2
3715,409,411.75,3,0.1
3716,126,216.36,5,0.05
3717,781,158.45,2,0.0
3717,706,134.2,8,0.1
3717,177,440.05,7,0.15
3718,282,378.92,3,0.05
3718,932,122.12,1,0.15
3719,130,400.33,7,0.2
3719,761,138.24,1,0.05
3719,76,264.07,10,0.1
3720,643,353.83,10,0.05
3721,286,347.83,7,0.1
3721,942,81.96,8,0.1
3722,264,463.46,2,0.15
3722,333,378.51,5,0.2
3722,193,398.33,1,0.15
3722,780,26.53,6,0.1
3723,99,348.6,4,0.15
3724,954,119.65,5,0.15
3725,648,380.89,1,0.15
3725,108,276.23,1,0.15
3726,439,167.4,7,0.0
3726,591,64.62,9,0.05
3726,856,492.12,5,0.0
3726,701,350.79,6,0.1
3726,768,322.98,8,0.1
3727,247,119.22,10,0.15
3727,244,131.82,10,0.15
3727,274,26.87,7,0.2
3727,719,388.16,3,0.1
3728,79,406.24,8,0.1
3728,682,33.9,1,0.2
3729,486,50.48,2,0.2
3729,19,170.46,7,0.2
3730,714,371.5,6,0.05
3730,459,286.68,6,0.1
3730,276,25.93,6,0.15
3730,660,461.63,3,0.2
3730,19,43.04,5,0.15
3731,400,257.61,7,0.05
3731,408,373.1,10,0.2
3732,295,218.75,2,0.0
3732,79,302.45,5,0.0
3733,182,326.58,10,0.0
3733,758,260.16,9,0.0
3733,500,202.94,4,0.0
3733,526,383.45,3,0.0
3734,960,78.38,9,0.05
3734,597,391.47,3,0.05
3734,341,128.29,2,0.05
3734,618,171.37,8,0.15
3735,355,414.04,4,0.2
3735,3,427.14,7,0.0
3736,180,66.9,5,0.0
3736,706,102.84,3,0.15
3736,472,329.83,8,0.05
3736,717,80.55,6,0.15
3737,717,432.83,3,0.0
3737,502,341.35,5,0.05
3738,624,133.79,1,0.15
3739,245,191.11,9,0.15
3739,918,42.1,10,0.1
3739,493,80.3,1,0.1
3739,268,498.22,3,0.1
3739,115,120.85,1,0.2
3740,368,372.2,9,0.15
3740,706,252.24,10,0.05
3740,869,203.74,3,0.15
3741,472,180.64,3,0.05
3741,600,265.08,2,0.15
3742,131,295.67,2,0.05
3743,107,445.19,2,0.05
3743,105,331.25,1,0.0
3743,676,24.4,6,0.05
3744,969,31.73,5,0.15
3744,784,487.43,5,0.2
3744,693,417.82,5,0.0
3745,217,413.16,3,0.05
3745,143,121.79,3,0.0
3746,496,167.66,8,0.0
3746,805,471.15,10,0.1
3746,256,111.53,2,0.05
3746,537,245.22,9,0.1
3746,771,285.31,8,0.2
3747,492,93.03,4,0.0
3747,633,217.88,9,0.05
3748,385,36.5,1,0.2
3748,666,497.8,10,0.05
3749,70,123.62,8,0.2
3749,382,157.78,10,0.2
3749,110,283.96,4,0.2
3749,640,11.53,8,0.1
3750,910,276.43,2,0.05
3750,759,398.56,8,0.0
3750,824,338.86,10,0.1
3750,237,203.89,5,0.1
3751,316,429.6,1,0.0
3751,32,167.23,4,0.1
3751,451,167.74,9,0.2
3752,875,459.44,9,0.0
3752,210,336.9,9,0.0
3753,831,123.85,6,0.0
3753,184,404.93,3,0.2
3753,579,147.36,8,0.2
3753,668,487.89,3,0.1
3753,764,262.57,6,0.05
3754,72,154.45,6,0.05
3754,381,116.02,1,0.15
3754,437,388.18,7,0.15
3754,789,213.89,8,0.0
3755,219,54.4,10,0.0
3755,784,362.13,2,0.0
3755,928,494.71,10,0.1
3755,239,175.11,4,0.0
3756,251,422.1,5,0.0
3756,502,122.88,8,0.2
3756,211,47.82,8,0.0
3756,744,389.24,4,0.15
3756,117,290.4,4,0.0
3757,100,77.19,1,0.0
3757,831,150.53,6,0.2
3757,552,73.5,8,0.05
3757,595,405.16,7,0.05
3758,460,156.3,5,0.15
3758,998,283.85,8,0.05
3758,710,82.24,6,0.0
3759,968,292.01,10,0.0
3759,337,174.29,4,0.15
3759,855,405.46,8,0.2
3759,138,321.51,3,0.0
3760,163,366.85,10,0.1
3760,929,243.58,10,0.0
3760,919,425.08,6,0.1
3760,766,15.48,9,0.0
3761,619,426.42,9,0.1
3761,772,146.06,7,0.1
3761,822,476.22,8,0.2
3761,809,392.1,8,0.1
3761,991,154.27,3,0.0
3762,267,479.3,6,0.0
3762,57,487.14,6,0.1
3762,949,215.72,5,0.0
3763,806,202.84,8,0.1
3763,179,304.69,10,0.05
3763,50,27.36,1,0.0
3763,120,119.8,5,0.0
3763,747,158.58,1,0.1
3764,54,289.75,5,0.1
3764,397,477.18,6,0.1
3764,646,264.38,1,0.0
3764,491,16.64,5,0.0
3764,20,21.02,7,0.1
3765,258,198.67,4,0.1
3765,639,368.58,9,0.15
3765,474,181.99,6,0.15
3766,289,496.83,9,0.2
3767,146,75.93,8,0.15
3767,881,39.65,4,0.2
3767,289,29.37,8,0.2
3767,406,172.39,2,0.0
3767,436,493.99,2,0.05
3768,812,409.07,6,0.05
3769,62,67.58,10,0.1
3769,571,304.81,5,0.05
3769,692,63.34,1,0.15
3770,795,253.66,2,0.15
3771,493,247.25,7,0.05
3771,973,411.09,2,0.0
3771,824,348.48,4,0.05
3772,125,234.7,8,0.0
3772,598,89.46,5,0.15
3773,424,259.85,5,0.1
3774,608,382.93,9,0.2
3774,430,452.26,3,0.1
3774,290,344.76,2,0.2
3774,375,121.69,9,0.0
3775,877,401.53,4,0.15
3776,279,375.48,5,0.15
3776,965,467.43,10,0.05
3777,469,55.24,5,0.1
3777,767,485.99,10,0.1
3777,735,19.81,1,0.2
3777,333,333.67,7,0.1
3777,589,426.86,9,0.1
3778,241,294.22,5,0.2
3778,904,373.31,9,0.15
3778,994,284.47,8,0.05
3778,815,244.43,8,0.15
3779,875,463.36,8,0.2
3779,586,32.19,4,0.1
3779,482,429.67,6,0.0
3780,103,217.49,9,0.2
3780,876,228.72,8,0.15
3780,551,405.3,7,0.15
3780,466,350.16,7,0.0
3780,126,349.12,2,0.2
3781,616,102.97,6,0.05
3782,859,292.66,10,0.05
3782,260,65.48,7,0.2
3782,130,253.15,1,0.2
3782,351,398.84,7,0.15
3783,589,317.89,7,0.05
3783,120,400.29,10,0.15
3783,27,247.62,5,0.1
3784,489,414.19,2,0.1
3784,990,26.68,8,0.15
3784,493,472.87,1,0.05
3784,939,484.94,1,0.0
3785,378,135.46,5,0.0
3785,986,323.55,10,0.2
3785,289,440.25,6,0.15
3786,136,496.75,4,0.15
3786,380,136.58,5,0.2
3786,399,141.85,6,0.1
3787,400,378.89,7,0.05
3787,965,128.59,6,0.1
3787,854,486.06,1,0.1
3787,963,22.93,10,0.1
3788,800,346.05,3,0.15
3788,11,464.98,8,0.05
3789,641,242.65,10,0.1
3789,724,339.4,9,0.15
3789,713,39.49,9,0.2
3789,794,495.58,3,0.15
3789,147,410.28,1,0.05
3790,948,274.75,3,0.15
3790,434,223.24,5,0.1
3790,831,275.07,10,0.1
3790,625,106.31,6,0.0
3791,984,246.15,7,0.0
3792,364,436.63,8,0.2
3792,230,135.46,5,0.15
3792,490,62.02,5,0.2
3792,508,497.54,10,0.0
3793,198,295.15,1,0.15
3793,968,403.38,6,0.2
3793,697,96.21,1,0.0
3793,439,200.22,2,0.1
3794,628,245.38,9,0.05
3794,488,112.0,8,0.0
3794,543,20.36,2,0.05
3794,64,115.72,5,0.2
3795,145,112.17,8,0.1
3796,183,493.74,10,0.05
3796,852,381.37,5,0.2
3797,101,54.24,7,0.2
3797,566,322.97,10,0.2
3797,4,67.73,3,0.2
3798,431,29.32,2,0.0
3798,923,275.78,9,0.15
3798,270,496.81,2,0.1
3799,937,56.99,2,0.05
3799,366,23.47,4,0.05
3799,605,285.81,1,0.1
3799,358,305.34,7,0.15
3800,662,116.25,5,0.05
3800,594,283.24,4,0.15
3800,260,185.05,5,0.05
3800,158,269.65,5,0.15
3801,486,244.88,5,0.2
3801,737,318.66,6,0.0
3802,10,490.75,3,0.15
3802,836,242.7,3,0.0
3803,590,206.51,6,0.0
3803,210,474.91,6,0.1
3803,834,106.96,7,0.15
3803,77,312.52,3,0.1
3804,692,260.4,8,0.05
3804,793,203.34,9,0.15
3804,720,383.53,8,0.2
3805,752,441.05,9,0.2
3805,523,417.74,10,0.0
3806,876,484.09,8,0.05
3806,540,258.15,8,0.1
3807,808,312.12,1,0.1
3807,552,18.83,7,0.05
3807,393,302.44,10,0.15
3807,942,163.61,5,0.0
3808,498,336.2,1,0.05
3808,226,18.94,1,0.1
3808,77,47.97,1,0.15
3809,581,43.84,10,0.1
3810,806,131.76,1,0.05
3810,705,216.94,8,0.2
3811,299,313.96,4,0.1
3812,31,112.66,4,0.0
3812,81,334.24,1,0.0
3812,597,362.45,9,0.1
3813,406,120.37,2,0.05
3813,454,243.8,1,0.0
3813,864,493.68,8,0.1
3814,196,186.14,1,0.15
3814,95,499.47,1,0.05
3814,927,472.42,8,0.05
3814,974,232.04,4,0.2
3814,462,245.73,1,0.0
3815,101,333.66,5,0.2
3816,424,47.61,9,0.2
3816,161,427.89,3,0.1
3817,1,213.8,4,0.2
3818,343,300.85,7,0.0
3818,277,93.82,6,0.0
3818,867,488.17,5,0.05
3818,710,177.28,1,0.1
3819,86,358.5,1,0.0
3819,66,478.86,6,0.0
3819,850,50.62,6,0.05
3819,571,462.13,2,0.2
3820,626,448.19,7,0.0
3820,991,416.96,3,0.15
3820,934,209.05,4,0.1
3821,497,34.35,6,0.1
3821,622,457.26,6,0.15
3821,448,83.34,8,0.1
3821,428,14.03,5,0.05
3822,318,433.81,1,0.15
3822,411,299.42,5,0.2
3823,776,382.44,6,0.1
3823,113,441.11,9,0.05
3823,800,254.34,8,0.0
3823,747,398.73,5,0.2
3824,848,190.86,9,0.0
3824,808,474.15,10,0.15
3824,100,338.87,6,0.1
3824,392,456.14,1,0.2
3824,57,93.5,8,0.2
3825,871,32.85,5,0.1
3825,981,54.79,5,0.1
3825,334,375.83,10,0.1
3825,909,385.22,7,0.15
3826,543,274.02,6,0.0
3827,337,411.38,4,0.15
3828,674,211.25,5,0.2
3828,426,474.21,8,0.0
3828,790,153.72,5,0.0
3828,904,211.38,10,0.2
3828,182,67.03,3,0.0
3829,1000,48.51,1,0.0
3829,392,220.3,2,0.1
3829,676,117.78,6,0.2
3829,552,241.48,4,0.2
3830,401,344.75,6,0.1
3830,421,69.53,8,0.0
3830,755,168.0,1,0.15
3830,108,221.89,2,0.15
3831,776,358.08,9,0.0
3831,985,12.67,8,0.15
3831,114,281.26,3,0.2
3832,998,233.71,2,0.2
3832,377,316.31,8,0.15
3832,372,401.58,7,0.15
3833,135,365.8,3,0.2
3833,705,382.26,5,0.2
3833,95,433.43,5,0.05
3833,619,15.23,10,0.05
3834,372,87.64,3,0.1
3835,497,477.33,8,0.1
3835,548,394.72,1,0.2
3835,228,342.16,2,0.05
3835,201,346.62,1,0.1
3835,433,300.57,5,0.1
3836,644,299.54,9,0.2
3836,900,24.34,3,0.05
3836,792,177.7,7,0.05
3836,401,39.81,4,0.15
3837,761,17.13,9,0.2
3838,153,185.26,1,0.0
3839,896,33.16,7,0.05
3839,665,234.26,4,0.1
3839,173,464.27,10,0.1
3839,735,443.65,10,0.0
3840,127,450.52,2,0.15
3840,401,355.59,3,0.2
3840,449,208.88,6,0.2
3841,946,199.02,1,0.05
3841,895,392.47,4,0.15
3841,765,261.58,4,0.05
3841,198,406.6,10,0.05
3842,335,145.19,1,0.2
3842,895,497.14,1,0.15
3843,275,402.37,8,0.05
3843,19,412.95,9,0.15
3843,628,456.57,9,0.05
3843,450,321.64,5,0.0
3843,573,379.79,1,0.0
3844,399,262.48,4,0.2
3844,331,123.4,1,0.0
3844,553,145.56,1,0.05
3844,300,353.77,6,0.15
3845,726,271.5,8,0.0
3846,283,344.79,8,0.1
3846,579,315.67,1,0.1
3846,883,148.5,10,0.0
3846,870,321.37,6,0.2
3847,60,240.25,3,0.15
3847,270,330.88,10,0.0
3848,870,218.47,6,0.0
3848,467,498.92,1,0.0
3849,944,34.47,2,0.2
3849,646,277.26,6,0.15
3849,815,170.92,8,0.05
3850,521,98.18,5,0.0
3850,794,197.58,9,0.05
3850,1,255.67,1,0.15
3850,555,90.26,6,0.05
3850,290,100.05,6,0.05
3851,370,450.2,2,0.05
3851,75,171.44,5,0.15
3851,328,49.5,8,0.2
3851,863,259.97,6,0.0
3851,379,362.58,2,0.05
3852,765,321.2,2,0.2
3852,709,22.01,2,0.1
3852,124,59.9,1,0.0
3852,899,251.38,1,0.1
3852,544,370.14,6,0.0
3853,439,457.96,4,0.05
3853,595,403.09,3,0.15
3853,619,209.51,10,0.05
3854,576,296.12,8,0.05
3854,586,260.35,10,0.05
3854,915,30.6,3,0.1
3854,940,97.3,4,0.2
3855,385,489.59,6,0.15
3856,422,32.23,2,0.05
3856,831,157.82,2,0.05
3857,211,311.67,3,0.1
3857,625,272.25,2,0.2
3857,866,118.7,7,0.15
3857,305,293.52,4,0.15
3858,213,181.47,4,0.0
3858,992,332.32,6,0.2
3858,438,487.73,5,0.1
3859,566,25.55,9,0.2
3859,779,166.61,2,0.1
3859,121,196.92,4,0.0
3859,377,271.71,10,0.2
3860,491,127.53,1,0.05
3860,899,107.25,5,0.05
3860,421,407.12,4,0.05
3860,800,408.34,9,0.2
3860,234,319.36,4,0.0
3861,396,23.28,3,0.15
3861,5,17.92,1,0.0
3861,787,391.32,4,0.2
3861,149,459.28,7,0.15
3861,333,262.4,8,0.0
3862,668,371.73,8,0.1
3862,157,243.55,9,0.2
3862,399,215.05,7,0.05
3862,44,212.53,1,0.1
3863,995,104.83,1,0.2
3863,498,389.57,3,0.05
3864,905,31.15,8,0.0
3864,875,55.75,10,0.2
3865,302,254.99,8,0.1
3865,476,58.65,7,0.05
3866,4,286.09,7,0.05
3867,472,95.19,2,0.15
3867,541,276.78,10,0.15
3867,957,15.52,7,0.15
3867,703,428.22,9,0.2
3868,897,454.37,8,0.2
3869,320,366.19,3,0.1
3870,558,140.47,6,0.2
3870,689,465.16,7,0.2
3871,694,230.3,3,0.05
3872,104,308.73,8,0.2
3872,682,227.0,4,0.0
3872,626,30.23,1,0.2
3873,271,365.19,10,0.2
3873,573,457.92,6,0.1
3874,931,279.98,1,0.1
3874,544,449.72,9,0.05
3874,467,104.27,7,0.1
3875,387,370.75,3,0.15
3875,940,39.34,2,0.05
3875,709,44.42,9,0.0
3875,469,216.95,7,0.15
3875,938,155.85,6,0.2
3876,488,323.77,9,0.15
3876,651,365.15,1,0.05
3876,701,228.11,3,0.1
3876,311,355.96,4,0.15
3876,228,62.39,7,0.2
3877,509,173.48,6,0.15
3877,24,274.85,2,0.05
3877,295,319.55,8,0.05
3877,917,360.06,5,0.05
3877,83,486.81,2,0.15
3878,398,245.43,10,0.1
3878,141,483.08,5,0.05
3878,277,106.23,2,0.15
3879,163,29.12,10,0.15
3879,461,210.17,3,0.0
3879,232,268.66,1,0.15
3879,740,265.22,7,0.1
3879,827,449.47,2,0.1
3880,460,199.24,2,0.2
3880,302,311.08,8,0.2
3880,417,334.48,7,0.1
3880,994,319.25,6,0.1
3881,154,285.49,7,0.15
3881,270,232.66,10,0.05
3881,343,290.55,1,0.15
3882,139,215.81,10,0.1
3882,736,31.4,1,0.0
3883,793,121.56,3,0.15
3883,267,361.46,4,0.2
3883,107,209.51,9,0.2
3884,243,76.13,4,0.2
3884,631,336.54,10,0.2
3885,142,441.77,7,0.2
3885,159,372.42,3,0.2
3885,367,212.02,7,0.0
3885,663,39.59,6,0.15
3886,510,281.77,9,0.1
3886,276,108.38,2,0.1
3886,657,417.89,10,0.05
3887,150,189.16,7,0.0
3887,493,35.62,2,0.05
3887,238,412.74,7,0.1
3887,642,429.12,1,0.2
3888,78,27.77,2,0.0
3888,292,33.01,2,0.15
3888,620,202.19,10,0.1
3888,802,161.36,5,0.05
3889,56,57.08,9,0.1
3890,134,250.55,5,0.05
3890,671,404.15,1,0.1
3890,753,98.64,3,0.1
3890,891,335.95,9,0.2
3891,957,414.02,1,0.15
3891,915,389.13,4,0.05
3891,469,63.41,7,0.1
3891,703,412.27,7,0.2
3891,953,444.45,1,0.15
3892,643,270.78,7,0.0
3893,834,252.4,4,0.1
3894,655,81.94,1,0.0
3895,277,497.03,5,0.05
3895,181,161.95,10,0.1
3895,152,383.77,7,0.1
3895,470,78.67,7,0.1
3896,868,166.74,4,0.1
3897,911,139.06,2,0.15
3897,503,17.29,9,0.1
3897,689,353.55,6,0.05
3897,871,361.35,9,0.2
3898,352,451.13,8,0.1
3898,368,286.25,3,0.0
3898,614,137.56,2,0.1
3898,655,441.99,3,0.2
3899,782,34.37,2,0.15
3899,234,462.58,5,0.05
3900,933,332.85,3,0.2
3901,469,325.25,5,0.05
3901,722,121.67,3,0.2
3901,286,354.09,6,0.15
3901,302,267.4,8,0.1
3902,303,498.59,8,0.15
3903,269,321.86,7,0.1
3903,652,457.62,8,0.05
3904,217,285.83,1,0.15
3904,678,230.83,2,0.0
3904,793,25.77,10,0.15
3904,303,283.93,5,0.05
3904,106,310.67,3,0.2
3905,254,74.26,3,0.2
3905,68,72.06,6,0.2
3905,389,180.84,10,0.15
3905,652,485.11,1,0.05
3905,266,149.25,10,0.0
3906,351,325.19,8,0.2
3907,582,416.23,5,0.05
3907,91,139.6,6,0.15
3907,371,181.64,2,0.05
3907,786,497.01,4,0.1
3907,869,110.24,5,0.1
3908,734,435.89,1,0.2
3909,425,428.13,4,0.0
3910,606,309.07,5,0.05
3910,337,168.11,8,0.2
3911,878,20.07,8,0.05
3911,334,498.44,2,0.05
3911,635,266.29,2,0.0
3912,187,202.79,3,0.0
3913,81,252.94,9,0.2
3913,328,295.98,8,0.15
3913,263,35.41,1,0.1
3913,269,429.31,8,0.0
3913,787,314.64,1,0.15
3914,395,116.48,8,0.15
3914,685,97.86,5,0.05
3915,438,231.97,1,0.15
3915,343,307.12,1,0.1
3916,42,499.39,4,0.15
3916,493,306.09,9,0.15
3916,526,252.37,6,0.05
3916,637,353.18,4,0.2
3917,637,200.51,2,0.2
3917,446,157.27,5,0.1
3917,856,62.74,10,0.2
3917,855,340.08,9,0.1
3917,200,231.66,10,0.05
3918,170,306.3,2,0.15
3918,410,403.6,6,0.0
3918,828,164.68,10,0.1
3918,151,91.31,5,0.15
3918,761,427.61,9,0.15
3919,370,324.96,4,0.05
3920,73,327.32,10,0.05
3920,1000,44.9,4,0.1
3921,338,41.15,7,0.0
3921,919,431.09,7,0.1
3921,393,318.92,3,0.0
3921,901,403.29,1,0.0
3922,511,217.83,10,0.2
3922,542,184.82,9,0.15
3923,787,12.45,2,0.05
3924,233,329.4,7,0.05
3924,526,56.82,1,0.1
3924,920,451.17,8,0.15
3925,214,320.51,3,0.15
3925,175,150.62,7,0.05
3925,748,97.7,9,0.2
3925,570,243.11,4,0.0
3925,479,47.59,6,0.05
3926,778,274.14,3,0.0
3926,813,227.79,8,0.2
3926,212,104.48,2,0.1
3927,258,141.15,2,0.2
3927,670,356.18,7,0.1
3927,624,164.63,10,0.15
3928,649,337.87,9,0.1
3928,270,13.11,10,0.05
3929,458,423.46,8,0.05
3929,964,336.22,7,0.2
3929,681,172.39,8,0.0
3929,77,167.04,2,0.2
3930,358,326.69,2,0.0
3930,91,469.47,2,0.2
3931,464,184.01,2,0.1
3931,134,146.13,6,0.15
3931,20,220.52,2,0.2
3931,489,210.01,7,0.15
3932,816,362.76,1,0.1
3932,10,124.95,1,0.0
3932,992,10.49,3,0.15
3932,95,330.48,6,0.15
3933,712,215.43,7,0.1
3933,312,375.56,4,0.05
3933,473,298.1,8,0.15
3933,380,487.33,2,0.0
3934,3,168.97,1,0.05
3934,444,128.24,1,0.2
3934,533,393.88,7,0.05
3935,319,354.46,1,0.15
3936,858,193.85,6,0.05
3937,226,16.22,4,0.1
3937,857,90.81,10,0.0
3937,856,475.96,9,0.0
3937,810,321.12,7,0.05
3938,208,328.18,2,0.1
3938,64,435.15,8,0.0
3938,957,430.72,1,0.15
3938,590,205.06,7,0.2
3938,823,36.75,7,0.15
3939,340,292.33,5,0.0
3940,472,331.89,10,0.15
3941,624,60.92,10,0.1
3941,442,212.08,1,0.2
3941,691,465.74,7,0.0
3941,208,279.26,5,0.2
3942,848,83.29,9,0.05
3942,71,19.02,8,0.2
3942,884,263.37,8,0.15
3942,153,426.26,9,0.2
3943,157,180.63,7,0.2
3943,263,373.0,9,0.15
3943,797,498.15,8,0.1
3943,222,461.09,3,0.05
3943,467,15.98,1,0.2
3944,67,249.18,6,0.2
3944,921,494.12,1,0.0
3944,333,408.08,4,0.05
3944,264,198.48,3,0.0
3945,856,170.49,8,0.2
3946,284,18.7,3,0.2
3947,971,378.65,7,0.1
3947,301,469.72,2,0.05
3948,82,37.41,5,0.05
3948,431,335.32,4,0.0
3948,812,193.11,10,0.15
3948,334,322.96,8,0.2
3949,816,119.13,10,0.0
3950,109,46.53,4,0.15
3950,525,405.5,1,0.0
3950,745,145.13,8,0.2
3951,312,221.78,5,0.1
3952,269,404.65,2,0.1
3952,62,58.14,4,0.2
3952,789,134.93,3,0.15
3952,356,284.27,2,0.0
3952,699,314.9,3,0.15
3953,611,423.51,7,0.0
3953,56,323.84,9,0.0
3953,22,447.34,5,0.1
3953,639,431.47,7,0.15
3953,513,436.83,7,0.0
3954,489,382.03,3,0.2
3955,168,210.52,8,0.0
3955,994,282.99,1,0.1
3955,3,372.79,6,0.2
3956,287,15.71,10,0.15
3956,695,247.42,10,0.1
3957,181,122.93,4,0.0
3957,292,189.1,9,0.15
3957,7,55.26,6,0.2
3957,35,283.61,7,0.05
3958,703,309.28,8,0.15
3958,318,139.34,2,0.2
3959,604,179.66,9,0.05
3959,989,98.76,6,0.0
3959,864,303.55,1,0.0
3960,140,431.83,7,0.05
3961,269,315.15,3,0.05
3961,955,227.1,8,0.15
3962,545,170.41,5,0.05
3963,519,332.77,6,0.1
3963,177,139.32,5,0.1
3963,241,273.72,3,0.0
3963,632,128.11,1,0.0
3964,321,327.5,6,0.15
3965,617,339.38,6,0.0
3965,284,113.25,9,0.1
3965,798,491.51,4,0.05
3965,103,453.77,4,0.15
3966,15,115.7,8,0.05
3966,517,67.53,6,0.05
3966,777,409.75,3,0.05
3967,286,133.05,3,0.0
3967,241,371.99,10,0.1
3968,811,169.69,7,0.05
3968,590,280.34,8,0.05
3968,908,444.38,6,0.0
3968,443,16.03,5,0.1
3969,738,499.52,5,0.2
3969,536,93.64,5,0.0
3969,46,243.17,9,0.05
3970,389,265.57,3,0.2
3970,192,102.74,8,0.0
3970,375,385.41,3,0.1
3970,753,435.78,8,0.05
3970,356,196.46,9,0.0
3971,361,414.95,3,0.15
3971,552,80.37,4,0.0
3971,137,486.26,8,0.1
3972,66,51.34,4,0.05
3973,766,419.42,2,0.1
3973,26,469.23,8,0.15
3973,795,463.19,7,0.2
3973,221,259.57,7,0.05
3974,92,298.05,8,0.0
3974,243,267.26,6,0.05
3974,451,257.88,9,0.2
3974,605,279.87,2,0.05
3975,671,390.54,10,0.15
3975,802,402.52,6,0.15
3976,866,326.13,7,0.1
3976,200,405.15,6,0.0
3976,778,87.68,6,0.15
3977,962,85.06,9,0.05
3977,174,394.61,7,0.1
3978,820,287.23,7,0.0
3978,135,112.75,1,0.15
3978,603,46.83,7,0.0
3979,584,109.18,10,0.1
3979,607,176.54,1,0.15
3979,817,332.43,9,0.05
3979,668,264.16,3,0.2
3980,73,81.39,10,0.2
3980,391,499.97,7,0.0
3981,711,258.36,8,0.0
3981,190,377.6,4,0.15
3981,497,328.95,1,0.1
3982,613,328.75,7,0.05
3982,342,164.83,1,0.2
3982,667,197.83,5,0.0
3982,977,78.68,6,0.05
3983,542,398.86,1,0.2
3983,560,445.9,9,0.15
3983,630,383.64,9,0.0
3983,597,54.96,1,0.15
3983,692,58.74,10,0.05
3984,721,22.58,7,0.2
3984,410,24.38,6,0.2
3985,294,112.62,8,0.05
3985,268,391.99,4,0.05
3985,801,221.45,8,0.15
3985,789,428.3,4,0.2
3985,279,392.86,4,0.0
3986,78,402.51,4,0.2
3986,701,447.03,4,0.0
3986,945,387.86,8,0.2
3986,517,484.6,6,0.15
3986,57,261.18,5,0.05
3987,569,69.55,1,0.0
3988,869,91.4,2,0.05
3988,765,61.35,3,0.15
3988,484,184.83,8,0.1
3988,286,199.95,4,0.0
3988,474,74.26,4,0.0
3989,74,268.63,8,0.0
3989,502,161.13,4,0.05
3990,877,280.19,2,0.2
3990,323,165.56,3,0.0
3990,539,213.11,1,0.1
3990,558,67.01,6,0.05
3991,172,281.09,10,0.0
3991,898,14.75,6,0.05
3991,406,57.46,1,0.0
3991,92,487.05,2,0.15
3992,675,41.57,7,0.05
3992,860,86.49,9,0.0
3992,186,46.83,8,0.0
3992,776,96.55,10,0.2
3992,332,444.95,2,0.2
3993,6,458.78,5,0.15
3993,77,311.9,2,0.05
3993,887,409.82,1,0.15
3994,147,27.8,5,0.1
3994,916,33.8,10,0.2
3994,503,13.53,4,0.1
3994,161,122.06,4,0.1
3995,115,477.81,3,0.15
3996,334,43.44,5,0.2
3996,998,143.33,2,0.15
3997,37,448.24,2,0.1
3997,900,59.24,4,0.05
3998,606,203.94,4,0.0
3999,855,153.77,1,0.15
3999,960,161.61,4,0.1
3999,847,287.86,7,0.15
3999,812,175.34,4,0.2
3999,154,34.44,7,0.05
4000,979,108.3,10,0.0
4000,976,298.14,9,0.0
4000,371,354.26,1,0.2
4000,493,156.24,7,0.05
4000,285,344.02,8,0.1
4001,95,359.55,7,0.2
4002,664,141.32,6,0.0
4002,125,482.89,1,0.05
4003,262,434.95,6,0.2
4003,787,361.14,5,0.15
4003,649,431.57,5,0.05
4003,926,38.74,9,0.0
4003,380,383.76,10,0.0
4004,219,11.07,7,0.1
4004,174,61.53,9,0.2
4005,8,300.98,8,0.1
4005,416,25.85,6,0.0
4005,762,460.38,10,0.05
4005,17,201.04,8,0.15
4005,864,320.66,1,0.1
4006,97,88.15,3,0.2
4006,907,317.37,5,0.05
4006,401,369.35,7,0.1
4006,664,218.24,9,0.15
4007,11,445.25,5,0.2
4007,146,489.75,2,0.0
4008,393,340.08,4,0.1
4008,802,249.06,5,0.0
4009,299,364.07,8,0.0
4009,805,346.25,10,0.15
4009,147,469.45,6,0.05
4010,885,155.33,10,0.1
4011,16,480.86,1,0.05
4011,981,317.78,1,0.15
4011,574,362.26,6,0.1
4012,201,456.52,5,0.05
4012,998,407.61,3,0.2
4012,323,134.56,7,0.0
4012,435,28.63,10,0.0
4013,534,37.78,9,0.0
4013,963,139.42,7,0.1
4013,164,226.56,3,0.05
4013,268,214.99,8,0.1
4013,332,65.05,1,0.15
4014,172,95.0,3,0.1
4015,930,333.76,2,0.05
4015,938,134.76,2,0.15
4015,208,216.42,3,0.2
4016,930,292.24,5,0.0
4017,379,57.15,4,0.15
4017,273,310.89,6,0.2
4017,696,141.4,3,0.2
4017,33,65.67,4,0.2
4018,217,425.43,7,0.2
4018,774,318.99,2,0.0
4019,168,333.87,6,0.15
4019,821,476.59,3,0.0
4019,600,392.91,7,0.1
4019,434,199.37,7,0.15
4019,668,194.25,8,0.2
4020,392,450.49,9,0.1
4020,174,461.63,1,0.0
4020,339,327.9,5,0.05
4021,595,442.57,10,0.2
4021,579,443.23,9,0.15
4021,159,68.7,3,0.2
4021,365,178.73,6,0.0
4021,480,132.93,9,0.05
4022,700,15.49,3,0.2
4022,342,383.0,6,0.2
4022,145,67.73,2,0.2
4023,37,429.56,10,0.0
4023,798,426.6,6,0.05
4023,358,17.41,7,0.15
4023,191,117.46,1,0.2
4023,543,120.24,1,0.05
4024,923,371.43,8,0.15
4024,540,397.96,10,0.05
4024,297,351.07,2,0.2
4024,20,433.88,2,0.0
4024,108,170.91,8,0.0
4025,470,153.69,5,0.1
4025,36,468.74,5,0.0
4025,617,426.33,10,0.0
4025,363,445.92,4,0.2
4025,497,232.75,7,0.15
4026,566,159.54,2,0.1
4026,659,375.1,6,0.15
4027,435,458.2,10,0.05
4027,623,285.97,3,0.15
4027,323,121.02,8,0.05
4027,614,92.03,5,0.05
4028,775,432.24,10,0.0
4028,44,289.78,1,0.1
4028,196,210.44,6,0.0
4028,693,462.72,5,0.0
4029,316,20.32,8,0.15
4029,196,264.0,4,0.05
4030,799,350.63,2,0.15
4030,520,26.36,6,0.0
4030,455,295.68,8,0.0
4030,394,88.47,5,0.05
4030,831,434.19,7,0.05
4031,257,236.62,9,0.0
4031,747,43.02,2,0.2
4031,678,497.7,4,0.1
4031,221,46.78,6,0.15
4032,825,224.35,9,0.05
4033,128,499.42,8,0.15
4033,67,463.35,3,0.0
4033,112,228.16,5,0.15
4033,759,273.95,4,0.1
4034,124,482.44,6,0.15
4034,288,436.7,8,0.05
4034,845,41.46,2,0.15
4035,547,207.19,8,0.0
4035,335,16.76,9,0.2
4035,607,141.58,9,0.05
4035,181,32.22,5,0.2
4035,415,337.27,8,0.2
4036,415,193.03,7,0.0
4037,543,398.18,5,0.0
4037,992,259.05,10,0.0
4037,49,378.02,3,0.1
4037,912,149.32,7,0.05
4037,695,282.32,3,0.15
4038,479,110.56,7,0.0
4039,469,418.9,2,0.1
4039,223,286.35,2,0.2
4039,783,51.84,8,0.05
4039,828,383.93,10,0.05
4039,445,264.85,1,0.1
4040,7,11.61,9,0.05
4040,666,145.82,2,0.0
4040,235,206.9,8,0.15
4041,595,243.87,9,0.15
4041,190,281.94,2,0.05
4041,743,440.12,8,0.05
4042,651,406.82,9,0.0
4042,500,283.55,6,0.1
4043,675,100.85,9,0.2
4043,594,132.04,3,0.0
4044,408,41.1,1,0.05
4044,499,129.73,5,0.0
4045,778,16.54,9,0.15
4045,534,161.79,1,0.15
4045,466,88.33,5,0.2
4045,414,259.32,1,0.1
4046,255,297.95,7,0.15
4047,77,129.24,10,0.05
4047,178,304.85,9,0.1
4047,544,453.8,10,0.05
4047,523,471.47,1,0.2
4047,686,447.45,3,0.15
4048,99,132.46,6,0.05
4048,281,415.49,7,0.2
4048,436,263.13,3,0.05
4048,586,473.75,3,0.0
4048,357,224.95,5,0.2
4049,102,176.92,3,0.05
4049,881,496.77,7,0.15
4049,696,280.74,2,0.2
4049,88,146.92,8,0.0
4050,284,354.84,2,0.05
4051,909,61.54,3,0.0
4051,1,493.74,4,0.15
4051,262,72.8,9,0.15
4051,302,160.71,6,0.15
4051,449,101.05,8,0.2
4052,436,118.47,3,0.15
4052,720,235.0,7,0.0
4052,72,354.71,4,0.2
4052,492,439.24,6,0.0
4052,949,355.89,7,0.2
4053,881,388.58,5,0.0
4053,597,352.04,10,0.2
4053,51,132.99,4,0.15
4053,437,208.29,4,0.05
4053,369,243.06,6,0.15
4054,928,431.71,5,0.1
4055,351,231.91,8,0.2
4055,494,187.47,3,0.2
4056,988,124.52,2,0.2
4056,348,486.75,9,0.05
4056,518,225.51,5,0.2
4057,926,444.48,7,0.0
4057,171,148.2,5,0.1
4057,195,168.95,3,0.1
4057,777,417.98,7,0.15
4057,635,323.81,3,0.0
4058,832,173.1,10,0.2
4058,530,277.81,2,0.15
4058,178,381.92,1,0.05
4058,633,224.7,7,0.05
4059,604,11.25,9,0.0
4059,299,158.97,8,0.1
4060,641,86.81,10,0.2
4061,525,368.26,6,0.1
4062,16,266.76,2,0.2
4063,474,425.5,9,0.05
4063,940,316.08,4,0.0
4063,4,125.11,10,0.1
4063,888,25.82,8,0.1
4063,508,298.15,3,0.1
4064,68,444.8,7,0.1
4065,374,265.5,4,0.05
4065,328,282.07,1,0.15
4065,487,338.12,1,0.1
4065,309,203.2,6,0.1
4066,216,383.93,5,0.0
4066,536,34.89,7,0.0
4066,735,391.62,7,0.15
4066,641,415.74,7,0.0
4067,199,195.45,1,0.05
4067,82,153.71,6,0.15
4067,452,304.4,10,0.0
4068,87,348.33,7,0.2
4068,301,487.81,6,0.15
4068,219,172.88,6,0.1
4068,236,202.67,1,0.15
4068,778,282.73,5,0.05
4069,22,436.83,9,0.05
4069,382,408.31,5,0.2
4069,200,355.17,7,0.2
4069,242,206.13,1,0.2
4070,527,238.46,6,0.2
4071,38,19.63,7,0.05
4071,296,469.46,9,0.15
4071,111,137.45,2,0.05
4071,297,402.98,7,0.0
4071,655,454.83,4,0.15
4072,58,373.78,10,0.05
4072,887,440.8,10,0.1
4072,169,154.21,2,0.05
4072,162,51.54,4,0.1
4072,671,496.88,6,0.1
4073,622,460.65,8,0.05
4073,626,177.89,7,0.2
4073,611,247.71,4,0.0
4073,32,196.98,4,0.15
4074,458,487.85,8,0.0
4074,885,327.2,6,0.0
4074,540,482.81,1,0.1
4075,242,205.48,8,0.15
4076,499,294.21,4,0.05
4076,621,362.56,3,0.1
4076,370,436.44,7,0.15
4076,824,116.88,2,0.2
4077,483,231.26,2,0.05
4077,322,24.75,10,0.1
4077,337,173.9,1,0.05
4077,799,273.67,10,0.1
4078,209,371.02,3,0.15
4078,574,421.82,8,0.15
4078,948,290.0,2,0.05
4079,397,277.49,7,0.2
4079,499,306.12,10,0.15
4079,277,305.24,1,0.2
4079,785,385.34,9,0.15
4080,579,48.57,5,0.0
4080,935,274.22,4,0.1
4081,40,149.8,1,0.1
4081,764,397.08,5,0.15
4081,743,146.63,8,0.0
4081,921,231.84,6,0.1
4081,639,143.62,3,0.15
4082,422,133.75,3,0.2
4082,66,242.87,1,0.15
4082,63,165.63,2,0.2
4082,617,130.39,2,0.1
4082,343,197.1,1,0.05
4083,560,442.25,4,0.1
4083,173,212.81,10,0.2
4083,573,347.73,1,0.2
4083,964,329.57,6,0.2
4084,492,362.59,6,0.0
4084,471,62.09,10,0.2
4084,1,115.59,10,0.05
4084,913,492.71,7,0.15
4085,953,388.87,7,0.05
4085,490,55.08,8,0.15
4085,709,42.85,7,0.05
4085,791,209.1,8,0.2
4085,312,211.47,7,0.05
4086,784,202.24,9,0.0
4086,576,128.48,4,0.05
4087,133,311.34,7,0.1
4087,311,23.34,5,0.15
4087,702,204.29,5,0.2
4087,839,248.39,1,0.1
4088,404,141.82,4,0.1
4088,305,483.25,6,0.1
4089,136,63.38,8,0.15
4090,50,275.03,1,0.0
4090,927,353.31,9,0.2
4091,919,459.77,3,0.2
4091,261,14.48,1,0.2
4092,843,184.12,7,0.1
4092,20,22.68,6,0.15
4093,437,28.79,2,0.2
4093,634,93.01,4,0.05
4093,429,53.84,6,0.05
4093,614,405.01,1,0.1
4093,41,447.25,2,0.1
4094,335,350.64,3,0.15
4094,527,217.35,7,0.0
4094,707,329.31,3,0.15
4094,274,230.04,10,0.05
4095,232,416.19,7,0.2
4095,245,162.25,3,0.0
4096,565,141.2,6,0.15
4097,987,435.72,3,0.2
4097,388,422.2,6,0.0
4097,86,368.37,5,0.0
4097,425,16.81,2,0.2
4098,65,469.56,8,0.05
4098,652,337.5,7,0.1
4098,667,414.93,4,0.1
4099,379,187.38,7,0.0
4099,718,72.46,1,0.05
4099,915,382.81,9,0.1
4099,920,371.34,7,0.15
4100,447,158.33,1,0.0
4100,267,437.62,9,0.2
4101,723,450.11,2,0.1
4101,523,343.03,6,0.05
4102,898,138.45,3,0.1
4102,835,318.5,7,0.05
4102,656,416.41,9,0.15
4103,509,349.85,9,0.0
4104,801,499.57,5,0.15
4104,981,399.59,2,0.05
4105,794,339.6,10,0.0
4105,45,256.47,6,0.0
4105,475,193.41,9,0.05
4106,54,339.09,6,0.1
4106,777,214.66,6,0.0
4106,355,74.26,7,0.2
4107,678,317.39,7,0.0
4108,640,473.93,6,0.2
4109,224,170.82,1,0.05
4109,655,68.23,9,0.1
4109,451,195.51,4,0.2
4109,160,393.46,5,0.05
4110,17,18.26,10,0.05
4110,705,392.02,4,0.0
4110,329,291.75,1,0.15
4110,261,284.5,4,0.0
4110,689,441.45,6,0.05
4111,28,143.07,4,0.05
4111,870,375.54,3,0.15
4111,39,79.67,6,0.1
4111,246,386.8,6,0.1
4111,778,470.28,7,0.05
4112,309,400.36,8,0.2
4112,622,348.81,4,0.2
4112,510,129.04,10,0.1
4112,381,111.69,1,0.2
4112,394,344.2,2,0.2
4113,521,225.55,3,0.2
4113,362,470.72,1,0.2
4113,781,176.65,3,0.2
4113,456,128.7,8,0.2
4113,561,107.3,2,0.2
4114,576,325.29,9,0.1
4114,443,208.06,1,0.15
4114,834,379.31,6,0.15
4114,371,87.11,6,0.15
4114,647,323.76,1,0.05
4115,459,470.25,9,0.15
4115,102,184.77,8,0.1
4116,814,294.09,1,0.05
4117,498,177.29,3,0.0
4118,410,296.86,1,0.15
4118,813,490.63,4,0.2
4118,916,20.23,7,0.1
4119,258,92.2,3,0.1
4119,492,318.27,5,0.1
4119,507,16.39,8,0.05
4119,195,321.37,10,0.15
4119,629,49.55,9,0.2
4120,124,43.11,1,0.05
4121,501,343.75,2,0.15
4121,932,313.01,5,0.05
4121,185,447.67,2,0.15
4121,626,213.4,7,0.1
4122,68,290.84,6,0.05
4122,30,227.05,7,0.1
4122,501,76.24,1,0.2
4122,712,131.5,4,0.0
4123,78,370.89,2,0.2
4124,183,171.96,10,0.0
4124,93,39.11,8,0.1
4125,827,371.79,7,0.1
4126,973,279.42,1,0.1
4126,39,82.7,4,0.0
4127,503,427.14,5,0.15
4127,144,420.02,5,0.1
4127,218,242.36,1,0.15
4127,134,33.64,7,0.0
4128,466,250.81,8,0.2
4128,983,270.5,10,0.05
4128,660,45.48,2,0.2
4128,243,67.76,1,0.15
4129,826,22.46,5,0.15
4129,623,314.12,9,0.0
4130,672,56.57,1,0.1
4131,278,342.22,6,0.2
4131,477,318.6,8,0.1
4131,654,230.43,1,0.05
4131,891,404.72,4,0.15
4132,892,298.64,5,0.15
4132,746,466.52,2,0.0
4132,328,410.99,10,0.2
4132,649,296.15,4,0.15
4133,290,164.1,4,0.0
4133,553,273.64,5,0.1
4133,734,421.31,4,0.1
4133,874,439.72,1,0.1
4133,412,309.82,9,0.05
4134,807,236.87,1,0.0
4135,158,202.4,8,0.1
4136,269,109.14,10,0.15
4136,458,404.42,2,0.15
4136,356,113.3,3,0.1
4137,107,240.84,3,0.05
4138,198,422.92,6,0.2
4139,92,402.74,3,0.15
4139,487,478.76,4,0.0
4140,786,376.85,5,0.2
4140,929,467.28,1,0.2
4140,55,445.62,9,0.15
4140,802,441.47,2,0.0
4140,969,91.47,6,0.2
4141,310,159.23,4,0.0
4142,327,237.57,8,0.05
4142,698,55.45,3,0.15
4142,849,62.44,7,0.2
4142,798,61.79,10,0.2
4143,988,492.21,8,0.15
4144,998,73.06,6,0.05
4144,239,466.73,8,0.05
4144,935,415.78,8,0.0
4144,377,45.62,8,0.0
4145,547,222.24,7,0.1
4145,421,59.42,8,0.05
4145,539,181.46,10,0.1
4145,661,219.59,10,0.1
4146,652,152.99,3,0.1
4146,478,94.47,8,0.15
4147,552,323.64,8,0.15
4147,597,407.51,4,0.2
4147,855,193.22,7,0.15
4147,584,26.66,3,0.05
4148,758,139.87,1,0.2
4148,849,182.94,1,0.15
4148,31,400.05,2,0.1
4148,103,325.63,2,0.2
4149,969,371.34,3,0.05
4149,390,38.4,5,0.15
4149,746,456.33,3,0.1
4149,684,361.69,7,0.0
4149,647,353.99,6,0.2
4150,704,430.66,4,0.2
4150,702,389.05,2,0.15
4150,645,71.6,10,0.0
4151,190,259.34,6,0.15
4151,561,204.83,4,0.0
4151,753,485.49,10,0.2
4151,783,38.41,2,0.2
4152,270,108.02,10,0.05
4152,954,209.63,6,0.15
4153,63,227.03,4,0.1
4153,710,248.75,5,0.1
4153,956,56.11,7,0.15
4153,535,199.94,2,0.2
4153,511,250.48,5,0.05
4154,633,209.47,8,0.1
4155,618,108.51,7,0.2
4155,656,125.77,5,0.2
4156,25,322.81,10,0.1
4156,619,61.08,3,0.2
4156,737,357.68,1,0.2
4156,973,162.96,5,0.2
4157,387,224.66,4,0.05
4157,144,60.02,3,0.1
4158,99,422.28,8,0.15
4158,134,491.57,4,0.1
4158,687,13.44,2,0.2
4158,787,226.74,5,0.1
4158,974,460.81,8,0.15
4159,733,386.89,5,0.15
4159,187,423.95,7,0.2
4159,871,401.16,2,0.15
4160,183,236.07,4,0.1
4160,69,346.96,3,0.2
4160,489,155.57,5,0.15
4160,380,24.29,6,0.0
4160,74,316.55,6,0.15
4161,700,268.01,1,0.15
4161,341,213.83,5,0.2
4161,727,235.22,5,0.0
4162,559,132.37,3,0.15
4162,683,223.5,8,0.2
4163,202,307.26,9,0.05
4163,359,322.23,3,0.1
4164,130,477.2,9,0.2
4164,294,68.16,1,0.05
4164,846,441.18,4,0.1
4165,499,217.72,6,0.1
4166,110,60.57,10,0.0
4166,827,25.98,2,0.1
4166,269,340.06,8,0.05
4166,102,288.4,2,0.05
4167,519,404.45,9,0.1
4167,840,148.05,1,0.0
4167,668,75.99,8,0.0
4167,241,76.38,8,0.15
4167,964,351.68,6,0.15
4168,347,12.2,10,0.0
4168,200,343.76,5,0.1
4168,848,248.85,5,0.0
4168,854,456.95,1,0.05
4168,617,24.11,9,0.2
4169,171,321.25,7,0.1
4169,580,415.78,10,0.2
4170,334,26.14,10,0.05
4170,570,237.65,5,0.1
4170,767,72.11,7,0.1
4170,303,282.0,3,0.2
4171,952,92.61,9,0.15
4172,430,31.44,1,0.2
4172,183,13.99,10,0.2
4172,424,22.61,2,0.2
4173,524,10.02,6,0.05
4173,14,233.47,3,0.2
4173,8,486.32,9,0.15
4173,716,318.52,3,0.0
4173,254,455.09,4,0.0
4174,73,40.64,7,0.2
4174,63,371.59,3,0.05
4174,880,437.82,10,0.15
4174,556,195.45,7,0.05
4175,376,141.87,6,0.0
4176,575,391.51,3,0.15
4176,61,369.59,10,0.05
4176,457,417.59,10,0.1
4176,3,425.95,3,0.2
4176,859,210.36,6,0.2
4177,314,92.07,7,0.05
4177,598,284.13,9,0.15
4178,631,308.41,1,0.2
4178,332,78.99,4,0.05
4178,360,186.13,9,0.2
4179,467,82.77,9,0.05
4179,866,138.65,4,0.2
4179,990,409.86,2,0.15
4180,679,303.94,6,0.1
4181,500,321.76,10,0.15
4181,375,52.28,10,0.2
4181,213,337.93,1,0.2
4181,19,155.85,7,0.15
4181,715,287.49,3,0.0
4182,476,392.57,9,0.2
4182,611,344.29,2,0.1
4183,872,275.29,2,0.2
4183,270,476.67,2,0.15
4183,945,316.9,9,0.1
4184,802,272.66,8,0.1
4184,529,297.58,1,0.0
4184,309,292.4,3,0.15
4185,566,392.13,7,0.1
4185,934,370.16,1,0.15
4186,22,37.34,1,0.1
4186,849,233.85,1,0.0
4187,926,482.57,6,0.15
4187,510,167.54,3,0.2
4187,293,73.14,6,0.1
4187,885,437.89,7,0.2
4187,216,22.0,9,0.1
4188,838,10.7,6,0.2
4188,615,64.5,4,0.15
4188,747,430.02,5,0.05
4188,14,153.76,5,0.15
4189,5,76.36,6,0.0
4190,710,229.75,3,0.1
4190,41,350.26,7,0.0
4190,403,314.53,6,0.15
4190,918,347.66,3,0.1
4190,667,271.0,8,0.1
4191,396,478.96,9,0.05
4191,249,173.32,3,0.2
4191,976,305.58,10,0.0
4191,920,430.74,1,0.0
4192,256,160.62,2,0.2
4192,274,17.04,5,0.05
4192,657,32.32,3,0.05
4192,472,105.43,6,0.2
4193,897,115.25,7,0.2
4193,353,389.57,3,0.2
4193,468,426.0,7,0.1
4193,256,479.2,6,0.1
4194,143,212.67,6,0.15
4194,340,439.63,6,0.0
4194,522,365.11,7,0.15
4195,991,267.32,7,0.1
4195,513,438.65,9,0.15
4195,489,64.67,1,0.0
4196,180,178.27,5,0.15
4197,349,126.95,8,0.2
4197,869,259.76,3,0.2
4197,256,140.1,9,0.1
4198,467,410.95,5,0.1
4198,7,27.26,7,0.05
4198,294,384.92,8,0.0
4199,618,61.89,2,0.2
4199,932,61.18,7,0.0
4199,343,106.93,8,0.1
4199,665,330.93,6,0.1
4200,287,470.21,4,0.05
4200,168,443.41,3,0.1
4200,183,47.51,10,0.15
4200,589,425.1,8,0.0
4200,538,49.68,1,0.0
4201,453,154.31,4,0.15
4201,714,35.28,5,0.2
4201,803,315.62,1,0.2
4201,472,264.69,10,0.05
4202,102,213.66,5,0.15
4202,265,133.92,10,0.05
4202,229,484.95,5,0.15
4202,701,201.31,9,0.2
4203,218,201.57,2,0.2
4203,733,336.0,8,0.15
4203,518,160.49,6,0.2
4203,428,340.21,9,0.1
4203,84,102.64,10,0.15
4204,167,453.54,8,0.2
4204,744,370.67,1,0.1
4204,69,104.92,2,0.05
4205,21,424.49,5,0.0
4205,380,78.57,9,0.1
4205,327,463.95,10,0.1
4205,714,273.5,8,0.15
4206,329,56.1,3,0.15
4206,384,262.77,4,0.0
4206,579,253.04,4,0.15
4206,892,434.74,2,0.2
4206,861,350.51,4,0.1
4207,941,125.61,5,0.1
4207,315,295.67,3,0.05
4207,112,96.46,6,0.2
4207,176,37.34,3,0.1
4207,755,180.29,8,0.0
4208,785,197.77,3,0.15
4209,790,60.32,5,0.2
4209,213,71.52,7,0.05
4209,341,75.56,1,0.05
4210,103,135.65,1,0.05
4210,476,267.09,2,0.0
4211,3,247.45,4,0.1
4211,800,144.16,4,0.1
4211,647,343.06,1,0.05
4211,874,328.28,7,0.05
4212,742,205.06,2,0.15
4212,376,322.78,10,0.2
4213,39,83.87,6,0.0
4213,832,141.8,4,0.1
4213,176,428.69,2,0.15
4213,339,74.05,4,0.15
4214,375,399.2,5,0.2
4214,45,188.2,7,0.0
4214,270,320.42,3,0.05
4214,748,173.56,8,0.05
4214,763,439.85,5,0.0
4215,950,186.5,4,0.0
4215,742,384.28,2,0.0
4215,956,496.77,10,0.0
4216,273,189.13,9,0.2
4217,485,424.36,3,0.05
4217,373,141.3,9,0.15
4218,771,193.28,9,0.05
4219,343,475.51,7,0.05
4219,375,259.47,10,0.2
4220,539,387.37,9,0.1
4221,628,391.18,5,0.2
4221,578,397.2,10,0.2
4222,45,438.37,6,0.15
4223,846,422.05,9,0.0
4223,885,235.82,3,0.15
4224,1,14.92,5,0.15
4224,592,443.39,6,0.0
4224,690,60.27,6,0.0
4224,296,173.24,7,0.1
4225,529,309.85,1,0.15
4225,610,168.31,7,0.2
4225,784,253.45,3,0.05
4226,174,99.02,5,0.05
4226,297,18.89,7,0.05
4227,588,61.47,1,0.15
4228,481,425.39,7,0.05
4228,859,176.54,2,0.0
4228,867,424.11,3,0.0
4228,104,488.2,3,0.2
4228,757,204.97,3,0.05
4229,162,211.47,2,0.1
4229,568,10.97,3,0.1
4230,306,138.01,10,0.05
4230,140,93.7,4,0.0
4230,150,82.85,3,0.0
4231,28,57.29,3,0.15
4232,961,339.32,5,0.05
4232,619,173.13,10,0.15
4232,176,287.92,4,0.1
4232,558,122.82,3,0.2
4232,676,168.13,7,0.0
4233,421,448.19,9,0.1
4233,189,209.87,8,0.15
4233,603,150.08,9,0.2
4233,288,435.42,8,0.2
4234,221,453.5,1,0.2
4234,385,102.72,8,0.0
4234,71,302.73,7,0.05
4235,386,73.14,4,0.0
4235,57,363.45,6,0.15
4236,860,43.74,4,0.15
4236,742,101.64,3,0.1
4236,168,167.41,10,0.2
4236,432,290.37,8,0.15
4237,557,373.21,5,0.05
4237,744,473.71,3,0.0
4238,443,88.39,3,0.05
4238,171,473.61,4,0.05
4238,609,265.8,2,0.05
4239,962,90.04,6,0.2
4239,951,497.25,7,0.05
4239,334,247.82,1,0.2
4239,181,432.28,5,0.0
4239,740,439.95,2,0.1
4240,77,175.81,3,0.05
4240,176,299.23,3,0.1
4240,319,407.38,7,0.15
4241,535,336.02,10,0.05
4242,724,325.62,1,0.1
4242,233,213.34,3,0.2
4242,927,348.87,4,0.15
4242,896,146.38,6,0.05
4242,715,430.94,9,0.05
4243,733,228.92,10,0.1
4243,535,396.0,2,0.2
4244,349,128.73,1,0.2
4245,349,187.09,6,0.0
4245,575,259.3,3,0.1
4245,494,406.22,8,0.05
4246,187,352.09,4,0.0
4246,759,12.78,1,0.2
4247,895,223.51,5,0.2
4247,910,414.64,7,0.15
4247,72,149.71,6,0.05
4247,571,374.15,2,0.1
4248,256,196.6,6,0.0
4248,758,282.44,7,0.2
4248,376,76.83,3,0.15
4248,978,423.78,1,0.05
4248,662,173.14,3,0.1
4249,914,400.03,1,0.1
4249,641,183.99,7,0.05
4249,106,330.14,2,0.05
4250,676,449.21,9,0.0
4250,418,395.12,10,0.1
4250,457,475.34,6,0.2
4250,431,207.13,8,0.0
4251,206,412.53,3,0.1
4251,435,422.77,6,0.05
4252,25,166.88,4,0.05
4252,441,489.38,2,0.1
4253,306,38.74,4,0.15
4253,890,44.89,3,0.1
4254,814,31.08,2,0.1
4254,123,341.15,7,0.2
4255,667,24.78,6,0.05
4255,933,366.04,2,0.05
4256,373,371.44,7,0.1
4256,168,297.37,5,0.15
4257,475,316.77,7,0.1
4257,64,148.09,9,0.15
4257,446,317.36,4,0.0
4257,449,238.67,1,0.15
4257,667,266.86,1,0.0
4258,112,76.25,5,0.2
4259,381,201.95,5,0.05
4260,116,372.06,8,0.1
4261,669,296.24,1,0.0
4261,21,225.27,4,0.0
4261,27,368.66,5,0.2
4261,287,94.76,1,0.1
4261,263,288.54,4,0.0
4262,297,51.94,2,0.0
4262,58,234.63,5,0.05
4262,910,46.77,6,0.1
4262,272,395.06,4,0.0
4263,746,233.3,6,0.0
4263,535,199.65,1,0.15
4263,526,227.99,6,0.0
4264,119,121.69,2,0.1
4264,272,207.54,10,0.1
4264,535,69.02,3,0.15
4265,53,177.95,4,0.2
4265,702,200.26,2,0.1
4265,160,69.86,2,0.15
4265,67,95.34,8,0.0
4266,213,312.01,5,0.0
4266,770,27.52,2,0.15
4266,379,482.11,1,0.1
4267,192,115.57,1,0.15
4267,970,108.03,2,0.05
4267,326,81.36,8,0.05
4267,357,167.73,1,0.2
4268,329,376.33,5,0.0
4268,834,278.91,7,0.0
4268,742,372.45,7,0.2
4269,326,473.18,4,0.15
4269,785,29.1,1,0.2
4270,589,437.01,2,0.1
4270,244,388.57,1,0.2
4270,801,309.47,9,0.0
4270,77,90.72,10,0.15
4270,854,471.33,2,0.2
4271,678,424.2,3,0.2
4271,718,265.19,5,0.0
4272,728,452.89,10,0.05
4272,606,402.26,5,0.05
4272,885,155.95,6,0.0
4273,415,137.69,3,0.15
4273,437,129.0,7,0.2
4274,861,278.87,2,0.0
4274,448,173.79,3,0.2
4274,916,323.87,3,0.15
4274,286,82.72,5,0.05
4275,754,218.77,8,0.15
4276,530,234.8,2,0.0
4276,240,251.65,9,0.05
4276,680,133.21,1,0.2
4276,395,308.74,4,0.1
4276,467,50.79,4,0.05
4277,364,232.66,3,0.0
4278,185,198.82,7,0.05
4278,688,17.91,8,0.05
4278,255,298.92,6,0.0
4278,811,342.81,7,0.15
4278,443,38.39,9,0.15
4279,434,482.49,9,0.1
4279,795,10.81,4,0.2
4279,114,23.21,10,0.05
4279,90,332.56,8,0.15
4279,872,450.11,4,0.15
4280,794,269.03,4,0.05
4281,836,301.81,6,0.0
4281,598,201.65,7,0.15
4282,9,183.57,9,0.0
4282,812,327.82,6,0.0
4282,734,342.6,1,0.2
4282,349,116.88,7,0.2
4283,370,349.0,10,0.2
4283,50,416.43,6,0.1
4284,951,48.14,10,0.1
4284,303,389.67,3,0.1
4284,320,113.48,2,0.15
4284,820,33.6,1,0.05
4285,651,484.65,8,0.15
4285,770,55.18,2,0.2
4285,976,63.68,5,0.2
4285,599,439.91,4,0.15
4285,625,251.72,5,0.2
4286,243,75.63,2,0.15
4287,286,350.81,2,0.15
4287,578,223.37,6,0.1
4287,854,21.41,1,0.1
4287,979,102.25,8,0.1
4288,756,61.56,8,0.1
4288,896,325.87,3,0.05
4289,330,413.39,7,0.0
4289,54,454.52,10,0.0
4289,734,114.33,8,0.1
4289,552,282.06,8,0.1
4289,254,442.42,8,0.1
4290,791,169.25,2,0.1
4290,814,131.68,8,0.1
4291,613,76.95,1,0.2
4291,957,61.28,1,0.15
4292,46,111.67,9,0.0
4292,781,429.56,2,0.0
4292,847,132.05,3,0.0
4292,733,256.36,4,0.1
4292,27,454.25,7,0.0
4293,702,180.27,9,0.2
4293,630,405.25,6,0.0
4293,26,444.45,7,0.0
4293,591,285.63,8,0.15
4293,476,137.76,5,0.2
4294,288,119.46,10,0.1
4295,735,326.96,3,0.05
4295,77,492.74,8,0.05
4295,445,221.45,1,0.1
4295,982,141.6,1,0.05
4296,20,266.38,5,0.15
4296,764,184.29,6,0.2
4296,870,79.64,2,0.2
4296,185,298.0,7,0.2
4297,828,489.19,10,0.05
4297,411,426.41,10,0.15
4297,925,489.82,6,0.05
4297,257,439.64,2,0.2
4297,895,30.9,4,0.2
4298,570,51.29,5,0.1
4298,452,134.96,4,0.15
4298,421,452.96,7,0.0
4299,993,224.79,4,0.15
4299,866,305.4,8,0.15
4299,64,379.34,2,0.2
4299,525,360.51,5,0.05
4299,338,358.14,1,0.0
4300,293,300.88,8,0.2
4300,955,469.05,6,0.05
4301,303,364.98,2,0.1
4301,410,44.0,3,0.0
4302,504,412.1,10,0.15
4302,413,31.67,1,0.15
4302,753,473.26,7,0.1
4302,5,257.78,10,0.15
4303,694,370.17,7,0.1
4303,164,280.66,10,0.05
4303,723,282.83,6,0.1
4303,318,354.2,1,0.1
4303,133,363.73,6,0.0
4304,903,279.76,4,0.2
4304,589,442.95,4,0.1
4305,972,21.11,2,0.1
4305,400,154.16,9,0.15
4305,618,498.25,3,0.2
4305,774,358.46,6,0.05
4306,704,357.74,4,0.0
4306,570,178.83,4,0.0
4307,18,400.97,2,0.2
4307,478,30.8,5,0.2
4307,914,351.05,9,0.15
4307,616,472.47,2,0.1
4308,528,358.29,4,0.05
4309,829,97.88,9,0.05
4309,327,305.42,5,0.1
4309,73,143.95,2,0.2
4310,205,253.13,9,0.0
4310,798,159.12,8,0.1
4311,905,21.58,5,0.05
4311,359,267.92,3,0.0
4312,610,414.77,1,0.0
4312,365,227.21,7,0.15
4313,888,26.94,6,0.05
4313,341,486.18,6,0.15
4313,343,399.76,7,0.0
4313,1,329.63,7,0.15
4314,223,43.3,3,0.1
4314,399,241.16,2,0.1
4315,851,222.93,4,0.05
4316,324,324.22,9,0.05
4316,448,480.76,5,0.05
4316,426,214.12,9,0.1
4316,726,46.84,9,0.05
4316,66,350.74,6,0.15
4317,208,43.47,7,0.0
4317,62,49.21,5,0.0
4317,781,301.78,5,0.0
4317,397,450.1,1,0.0
4318,159,397.13,6,0.2
4318,336,330.84,7,0.05
4318,423,228.59,4,0.2
4318,693,242.2,8,0.15
4318,524,170.96,1,0.05
4319,305,498.74,2,0.1
4319,962,178.83,4,0.15
4320,675,391.98,9,0.05
4320,900,214.89,6,0.15
4320,7,482.41,3,0.2
4321,936,194.45,6,0.15
4321,684,97.59,6,0.1
4322,691,16.8,5,0.2
4322,845,320.61,9,0.2
4322,265,130.93,8,0.1
4323,367,156.22,3,0.05
4323,338,346.06,10,0.1
4323,243,224.64,6,0.1
4323,409,443.87,8,0.15
4323,673,185.44,4,0.2
4324,70,472.98,8,0.15
4325,169,430.24,9,0.2
4325,855,172.27,3,0.2
4325,457,230.86,6,0.2
4325,64,124.34,5,0.05
4325,280,22.08,10,0.2
4326,921,165.78,5,0.05
4326,735,403.53,1,0.05
4326,246,311.49,5,0.2
4326,563,384.68,5,0.15
4327,538,317.64,9,0.2
4327,395,32.91,8,0.15
4327,720,107.69,5,0.05
4327,742,248.94,5,0.15
4327,912,404.56,2,0.0
4328,457,104.83,9,0.0
4328,564,177.27,7,0.0
4328,468,421.06,7,0.05
4329,759,249.51,7,0.15
4330,241,373.61,8,0.05
4331,299,19.83,4,0.0
4332,708,213.54,2,0.15
4332,864,93.11,7,0.2
4332,121,364.95,9,0.2
4332,408,325.09,7,0.15
4332,436,441.15,7,0.05
4333,515,77.92,5,0.15
4334,998,136.24,7,0.2
4334,645,217.57,1,0.15
4334,646,60.23,8,0.0
4334,186,322.55,9,0.2
4334,129,186.06,10,0.05
4335,468,349.01,4,0.1
4335,550,498.33,10,0.2
4335,380,37.03,1,0.2
4336,300,44.39,8,0.05
4336,777,133.06,5,0.05
4337,490,410.96,2,0.0
4337,853,179.47,6,0.2
4337,893,496.02,3,0.0
4338,116,227.86,10,0.0
4338,847,230.96,1,0.15
4338,580,233.54,7,0.2
4338,342,106.74,2,0.05
4338,87,57.62,7,0.1
4339,250,104.65,5,0.05
4339,567,180.9,1,0.05
4339,202,480.89,4,0.05
4340,835,53.39,2,0.05
4340,751,175.28,5,0.15
4341,336,43.81,10,0.2
4341,788,337.58,6,0.2
4341,877,383.85,8,0.15
4341,611,30.72,2,0.15
4342,370,220.01,3,0.1
4343,201,140.22,4,0.1
4343,192,160.24,7,0.05
4343,43,394.95,8,0.2
4343,69,260.04,4,0.15
4343,921,255.27,4,0.15
4344,686,161.62,10,0.2
4344,320,439.42,1,0.15
4344,737,466.12,4,0.05
4345,881,286.62,1,0.15
4345,460,412.14,1,0.1
4345,780,78.9,10,0.1
4345,198,81.94,10,0.05
4346,92,310.96,3,0.1
4347,269,382.99,6,0.0
4347,980,221.12,8,0.2
4347,218,450.83,1,0.2
4347,658,293.72,4,0.2
4348,138,77.82,1,0.05
4348,896,260.68,10,0.2
4348,122,257.59,10,0.2
4348,97,441.36,1,0.0
4349,911,336.57,6,0.2
4349,3,181.19,5,0.15
4349,800,492.29,2,0.15
4350,771,261.3,4,0.0
4350,63,162.08,1,0.0
4350,741,433.57,6,0.1
4350,644,436.38,9,0.0
4350,398,48.83,4,0.0
4351,217,213.98,6,0.15
4351,940,138.38,3,0.0
4351,247,370.33,2,0.0
4352,273,313.53,10,0.05
4352,589,293.18,8,0.2
4352,341,370.35,2,0.2
4353,863,332.39,10,0.0
4353,907,125.12,5,0.0
4353,637,250.15,7,0.1
4353,819,477.59,10,0.05
4354,931,422.05,6,0.2
4355,556,395.23,1,0.2
4355,650,495.14,2,0.15
4355,209,414.0,1,0.0
4356,349,447.98,4,0.15
4357,640,198.65,4,0.2
4358,373,491.69,5,0.2
4358,647,251.52,3,0.0
4358,865,11.46,10,0.15
4359,969,67.1,4,0.1
4360,824,492.39,1,0.1
4360,646,118.02,6,0.15
4361,950,341.81,9,0.2
4361,316,373.63,9,0.2
4362,885,401.74,10,0.15
4363,272,211.78,9,0.1
4364,365,208.22,4,0.05
4364,100,361.57,1,0.1
4364,700,447.21,8,0.1
4365,83,456.71,10,0.05
4366,204,317.12,4,0.2
4366,581,325.53,10,0.0
4366,101,349.87,7,0.15
4367,704,342.27,6,0.05
4367,28,45.53,9,0.1
4367,640,341.46,7,0.2
4367,889,438.91,1,0.1
4368,621,80.76,1,0.0
4368,267,498.34,9,0.2
4369,147,274.52,6,0.15
4369,335,261.82,4,0.2
4369,793,360.38,9,0.0
4369,934,103.95,1,0.05
4369,807,231.58,4,0.0
4370,53,483.91,9,0.15
4370,378,287.77,5,0.2
4371,211,233.89,9,0.15
4371,709,474.21,2,0.05
4371,64,135.61,1,0.2
4372,708,462.86,1,0.1
4372,670,38.07,2,0.2
4372,121,59.48,7,0.0
4373,900,484.49,9,0.1
4373,35,159.17,2,0.05
4373,3,344.19,5,0.2
4373,39,463.37,1,0.2
4374,695,165.98,4,0.2
4374,334,198.74,6,0.1
4374,170,221.37,5,0.1
4375,960,86.13,10,0.2
4376,63,38.69,4,0.05
4376,65,69.37,3,0.2
4376,934,135.32,8,0.15
4376,861,63.7,2,0.1
4377,993,354.67,10,0.15
4377,240,377.23,3,0.15
4377,162,408.55,3,0.0
4377,257,200.12,7,0.2
4377,769,156.3,2,0.0
4378,79,41.5,4,0.05
4379,126,215.69,10,0.15
4380,378,328.76,4,0.05
4380,641,118.48,4,0.15
4380,400,257.42,2,0.1
4381,315,202.61,3,0.05
4381,289,402.96,1,0.15
4382,679,37.33,4,0.2
4382,618,340.22,10,0.0
4382,659,177.94,10,0.1
4383,630,384.02,5,0.05
4384,657,204.65,6,0.15
4384,71,251.0,2,0.0
4384,447,353.07,8,0.05
4384,557,238.76,2,0.0
4384,237,418.01,6,0.2
4385,939,479.16,6,0.15
4386,522,51.2,6,0.1
4386,766,54.63,5,0.2
4386,858,185.07,6,0.05
4386,768,315.12,5,0.05
4386,897,317.19,3,0.05
4387,496,107.14,9,0.1
4388,271,267.0,3,0.2
4388,796,272.02,3,0.0
4389,633,325.34,8,0.05
4389,78,198.14,2,0.05
4390,150,316.31,8,0.2
4390,34,379.22,4,0.0
4390,320,152.59,7,0.05
4391,233,39.63,3,0.1
4391,63,426.43,4,0.0
4391,224,17.45,2,0.05
4392,289,217.9,5,0.05
4393,289,131.68,8,0.2
4394,988,425.74,6,0.2
4395,757,446.87,8,0.0
4395,137,471.79,3,0.15
4396,759,159.83,8,0.15
4397,958,370.66,9,0.15
4397,667,350.96,6,0.15
4397,485,339.21,7,0.1
4397,628,48.15,4,0.1
4397,598,17.55,8,0.15
4398,633,231.33,8,0.15
4398,638,103.1,10,0.15
4398,390,257.95,1,0.15
4399,933,61.92,5,0.15
4400,49,392.66,3,0.05
4400,674,32.29,2,0.05
4400,972,443.34,8,0.0
4401,146,352.85,10,0.05
4401,132,125.38,3,0.05
4401,980,384.34,2,0.1
4402,218,209.08,2,0.15
4402,115,492.57,10,0.15
4403,695,440.05,10,0.15
4403,315,29.44,2,0.0
4403,934,305.78,9,0.2
4404,920,63.87,6,0.15
4404,70,277.12,8,0.05
4404,811,127.54,1,0.05
4405,121,468.53,9,0.15
4405,330,15.13,7,0.1
4405,663,73.81,7,0.05
4405,378,364.71,5,0.1
4406,551,372.98,4,0.15
4406,739,43.9,5,0.15
4406,293,327.01,8,0.1
4406,729,433.51,9,0.0
4406,386,184.92,8,0.0
4407,911,487.7,8,0.2
4408,648,34.05,3,0.15
4408,315,414.4,9,0.2
4408,286,135.19,5,0.1
4409,453,414.62,7,0.15
4409,623,219.6,1,0.1
4410,552,395.05,8,0.0
4410,774,68.57,9,0.0
4410,407,209.49,9,0.05
4411,735,154.97,8,0.15
4411,452,151.23,7,0.15
4411,661,486.47,5,0.1
4411,226,353.13,8,0.05
4412,658,323.64,9,0.2
4412,650,61.23,7,0.15
4413,876,411.54,6,0.1
4413,292,317.66,6,0.1
4413,124,334.32,10,0.15
4414,742,235.54,1,0.15
4415,658,319.15,6,0.1
4415,57,484.67,1,0.0
4415,853,44.91,4,0.0
4415,317,390.35,5,0.0
4416,483,481.15,10,0.05
4416,177,63.14,3,0.2
4417,366,136.58,6,0.1
4417,392,177.55,3,0.1
4417,459,427.12,2,0.15
4417,708,239.88,9,0.1
4417,131,221.22,3,0.15
4418,935,440.79,5,0.05
4418,160,224.51,3,0.2
4418,778,374.76,3,0.0
4419,131,144.85,1,0.15
4419,53,153.36,10,0.15
4420,469,89.35,6,0.05
4421,977,416.03,2,0.1
4422,473,231.19,4,0.15
4422,430,93.42,1,0.0
4422,49,291.05,3,0.0
4422,638,370.03,6,0.15
4422,422,363.13,10,0.05
4423,61,368.91,7,0.1
4423,384,30.42,10,0.15
4424,690,363.2,6,0.2
4425,260,116.54,5,0.2
4425,280,454.41,2,0.0
4425,686,453.68,1,0.0
4425,360,399.43,3,0.0
4425,130,273.51,7,0.15
4426,765,474.35,7,0.05
4426,35,130.03,3,0.0
4426,305,419.89,2,0.15
4426,60,164.37,10,0.15
4427,605,292.52,1,0.1
4427,812,266.28,6,0.05
4427,184,49.5,5,0.05
4427,912,142.54,3,0.05
4428,508,415.14,5,0.05
4429,809,345.56,8,0.15
4430,170,285.07,5,0.2
4430,147,466.28,10,0.1
4431,581,466.88,3,0.2
4431,198,366.53,1,0.0
4431,752,248.21,7,0.15
4431,410,337.16,9,0.15
4431,499,478.16,9,0.2
4432,121,60.88,4,0.0
4433,177,294.46,4,0.2
4433,704,119.04,3,0.05
4433,957,113.08,8,0.1
4434,277,150.4,9,0.0
4435,669,139.33,9,0.2
4435,248,205.57,5,0.15
4435,645,26.98,2,0.05
4435,192,214.88,7,0.1
4436,647,238.87,4,0.05
4436,319,332.76,10,0.15
4436,133,37.29,2,0.1
4437,80,416.34,1,0.1
4437,760,242.05,7,0.0
4437,395,34.72,10,0.15
4437,628,334.38,6,0.1
4438,85,31.8,5,0.05
4438,602,249.75,1,0.05
4438,767,312.79,7,0.15
4439,339,15.2,6,0.15
4440,244,231.04,3,0.1
4440,973,204.53,5,0.1
4441,10,449.63,6,0.0
4441,302,51.66,10,0.0
4441,551,456.59,6,0.15
4441,779,368.7,3,0.05
4442,497,66.53,8,0.2
4442,620,175.02,3,0.1
4442,73,305.36,3,0.15
4442,779,97.49,10,0.0
4443,612,383.75,3,0.2
4443,299,79.6,6,0.05
4443,967,277.68,2,0.2
4443,143,227.11,8,0.15
4444,502,208.56,8,0.05
4445,686,432.79,6,0.2
4445,265,450.09,9,0.05
4446,444,284.22,4,0.1
4446,15,33.35,4,0.05
4446,512,241.23,4,0.15
4446,600,426.64,2,0.1
4447,187,208.85,9,0.0
4447,873,275.63,1,0.15
4447,399,298.53,7,0.1
4447,425,126.9,1,0.0
4447,535,101.34,3,0.15
4448,14,349.04,1,0.1
4448,631,240.47,1,0.2
4448,207,86.14,1,0.05
4449,464,52.63,3,0.0
4449,821,115.8,8,0.1
4450,844,288.68,10,0.05
4450,181,319.12,7,0.2
4450,511,314.83,10,0.1
4450,848,137.41,8,0.15
4451,626,367.18,4,0.15
4451,253,368.17,9,0.05
4452,771,24.59,8,0.05
4452,317,401.12,9,0.0
4453,849,319.01,7,0.0
4453,354,335.75,1,0.2
4453,627,401.72,1,0.2
4453,515,271.79,1,0.1
4453,108,19.51,4,0.05
4454,741,497.69,5,0.1
4454,182,416.24,3,0.15
4454,449,186.1,5,0.05
4454,151,200.96,4,0.05
4455,184,59.94,6,0.1
4455,190,126.68,6,0.0
4455,918,390.8,7,0.2
4455,152,433.89,4,0.05
4456,955,57.34,7,0.1
4456,930,409.26,2,0.15
4456,454,12.07,7,0.05
4456,260,389.71,5,0.2
4456,371,393.8,2,0.05
4457,596,218.79,1,0.1
4457,436,415.69,6,0.05
4458,416,480.21,2,0.0
4458,405,260.9,4,0.05
4458,762,332.59,8,0.05
4458,313,104.72,10,0.0
4458,929,295.65,2,0.2
4459,997,463.95,1,0.15
4459,410,469.26,7,0.2
4459,338,350.58,9,0.1
4460,994,195.33,7,0.1
4461,635,378.6,2,0.2
4461,634,195.76,7,0.2
4461,962,226.98,1,0.05
4462,203,144.62,5,0.2
4462,388,357.53,6,0.0
4463,241,12.22,5,0.05
4463,462,444.81,5,0.05
4463,683,155.41,2,0.15
4464,441,68.62,8,0.15
4464,203,384.34,5,0.05
4465,149,430.34,5,0.05
4465,102,483.86,2,0.2
4466,197,337.39,10,0.0
4466,997,459.21,5,0.15
4466,526,109.96,8,0.1
4466,95,59.46,3,0.2
4467,554,284.16,1,0.2
4467,243,370.42,4,0.05
4467,747,242.24,1,0.1
4468,213,168.09,4,0.1
4468,754,328.59,4,0.1
4468,979,498.15,2,0.15
4469,620,340.12,2,0.15
4470,953,105.84,6,0.1
4470,826,228.66,2,0.1
4471,887,469.03,9,0.05
4471,217,168.59,2,0.15
4471,249,402.4,9,0.2
4472,706,82.09,7,0.2
4472,691,75.15,10,0.1
4473,792,30.36,9,0.1
4473,565,179.82,2,0.2
4473,705,214.63,2,0.2
4474,996,190.88,5,0.2
4474,88,306.47,2,0.1
4474,438,167.9,7,0.1
4474,762,58.91,4,0.2
4474,181,483.51,2,0.05
4475,478,199.15,7,0.0
4475,709,220.38,1,0.1
4475,298,143.63,4,0.15
4475,870,344.16,8,0.05
4476,481,353.39,8,0.0
4476,81,214.63,6,0.05
4476,131,404.25,3,0.0
4476,511,232.18,9,0.2
4477,877,346.86,10,0.15
4477,1,78.81,10,0.15
4477,679,228.69,3,0.0
4478,92,93.15,4,0.0
4478,568,311.77,2,0.15
4478,441,445.55,9,0.15
4479,762,283.52,5,0.15
4479,707,482.64,1,0.0
4479,959,307.69,3,0.1
4480,253,232.0,6,0.1
4480,899,401.64,5,0.15
4480,124,420.58,7,0.0
4481,723,424.38,5,0.0
4481,240,121.08,8,0.05
4481,555,424.24,8,0.1
4482,354,411.08,1,0.2
4482,451,154.19,5,0.05
4482,429,184.33,1,0.2
4483,402,341.84,1,0.05
4483,202,259.63,6,0.05
4483,419,258.47,9,0.05
4484,119,112.96,10,0.2
4484,964,495.94,8,0.2
4485,916,431.22,4,0.1
4485,843,272.53,6,0.2
4486,111,389.86,7,0.05
4486,893,261.0,9,0.15
4486,622,354.77,10,0.05
4486,475,79.46,5,0.05
4486,904,248.99,7,0.05
4487,415,57.51,8,0.0
4487,181,482.88,7,0.1
4487,515,432.0,6,0.2
4487,510,381.12,6,0.05
4488,276,218.25,10,0.2
4488,948,311.51,9,0.05
4488,379,307.39,9,0.15
4488,827,125.38,1,0.2
4488,49,291.13,8,0.05
4489,342,69.49,10,0.05
4489,334,353.4,10,0.1
4489,712,457.06,2,0.1
4489,643,449.58,2,0.1
4489,284,87.86,2,0.1
4490,318,489.61,1,0.2
4490,740,206.68,7,0.05
4490,895,162.53,3,0.2
4491,507,161.53,6,0.05
4491,268,374.85,8,0.15
4491,34,495.99,1,0.05
4492,258,221.19,4,0.0
4492,944,482.72,8,0.2
4492,473,407.85,8,0.1
4493,684,325.93,10,0.0
4494,721,410.33,2,0.2
4494,672,426.91,1,0.15
4494,363,93.1,4,0.1
4494,785,475.8,7,0.0
4495,744,67.99,2,0.15
4495,43,34.44,3,0.2
4495,279,84.26,1,0.2
4496,843,53.14,4,0.2
4496,326,23.91,3,0.2
4497,46,370.68,5,0.15
4497,66,135.79,8,0.05
4497,802,312.28,1,0.1
4498,330,245.98,4,0.2
4498,130,23.68,10,0.15
4498,247,179.02,5,0.1
4499,951,76.84,7,0.05
4499,558,105.83,4,0.2
4499,290,276.58,5,0.15
4499,291,177.9,10,0.0
4500,731,285.11,1,0.2
4500,298,77.56,2,0.05
4501,121,216.9,1,0.15
4502,678,138.84,10,0.0
4502,879,108.66,10,0.05
4502,758,438.47,5,0.0
4503,700,316.38,4,0.05
4503,496,149.51,4,0.0
4503,758,478.99,8,0.0
4503,906,278.05,3,0.0
4504,164,18.27,7,0.05
4504,95,288.8,4,0.0
4504,821,268.76,7,0.15
4504,393,495.79,9,0.0
4504,687,340.83,1,0.2
4505,158,463.47,4,0.2
4506,247,245.03,1,0.05
4506,909,400.9,6,0.15
4506,409,307.99,6,0.05
4506,592,393.35,7,0.1
4506,697,142.51,2,0.0
4507,672,455.86,8,0.05
4507,698,266.45,4,0.2
4507,194,490.07,7,0.05
4507,358,160.02,1,0.05
4507,299,123.46,5,0.2
4508,59,44.46,6,0.2
4508,231,46.9,6,0.0
4509,46,103.71,6,0.15
4509,616,77.84,7,0.2
4509,659,128.35,6,0.05
4509,25,292.4,2,0.0
4509,671,197.64,8,0.05
4510,219,264.65,8,0.15
4510,942,485.39,6,0.05
4511,554,430.96,5,0.2
4511,686,200.71,9,0.2
4511,54,291.67,3,0.05
4512,371,372.15,1,0.0
4512,561,10.79,2,0.1
4512,354,342.49,5,0.1
4512,742,279.78,5,0.15
4512,340,301.37,1,0.15
4513,59,401.28,9,0.15
4513,376,16.82,4,0.05
4513,108,93.33,8,0.15
4514,631,75.63,5,0.2
4514,627,469.72,9,0.05
4514,56,291.34,1,0.05
4515,7,144.41,1,0.05
4515,708,323.55,3,0.2
4516,57,493.76,10,0.15
4517,610,410.6,8,0.1
4517,350,496.84,2,0.05
4518,220,37.33,10,0.15
4518,475,387.36,4,0.05
4518,58,353.95,3,0.05
4518,660,180.99,8,0.15
4519,448,309.47,2,0.05
4519,856,249.66,7,0.05
4519,546,58.34,4,0.05
4519,638,158.42,10,0.1
4520,182,481.36,6,0.15
4520,655,88.21,10,0.05
4520,638,302.98,6,0.2
4520,970,26.11,10,0.1
4520,377,438.66,2,0.1
4521,374,225.11,4,0.15
4521,941,382.81,3,0.1
4521,214,481.05,5,0.2
4521,780,183.41,7,0.1
4522,448,450.34,6,0.15
4522,428,248.19,1,0.1
4522,598,67.63,7,0.1
4522,367,471.12,1,0.15
4523,614,212.64,5,0.1
4523,748,42.64,6,0.2
4523,793,324.17,6,0.2
4523,596,77.3,6,0.15
4524,468,218.13,7,0.2
4524,3,254.76,6,0.0
4524,318,425.56,9,0.0
4524,894,394.73,5,0.15
4524,170,209.54,1,0.15
4525,520,393.28,3,0.2
4525,722,191.93,5,0.0
4526,146,10.03,3,0.0
4526,782,323.31,3,0.05
4526,476,173.97,2,0.05
4526,339,385.32,4,0.2
4527,179,294.62,5,0.1
4528,900,251.38,4,0.1
4528,863,478.6,2,0.1
4528,138,260.63,5,0.2
4528,920,427.97,2,0.1
4529,135,339.73,6,0.1
4530,772,303.16,9,0.1
4530,825,119.57,4,0.1
4530,574,255.11,5,0.2
4531,643,423.23,2,0.15
4531,857,299.29,4,0.1
4531,618,461.9,10,0.1
4531,699,80.14,9,0.15
4531,629,329.62,6,0.0
4532,8,349.57,2,0.2
4532,586,54.01,5,0.2
4533,256,48.98,10,0.15
4533,785,127.02,7,0.0
4533,65,286.62,10,0.0
4533,126,465.37,1,0.1
4534,289,339.55,6,0.2
4535,651,330.66,5,0.0
4535,870,23.72,6,0.2
4535,105,250.47,9,0.05
4535,634,138.25,5,0.1
4536,754,360.88,3,0.0
4536,280,341.19,5,0.0
4536,173,439.44,3,0.2
4536,92,317.32,7,0.1
4536,17,143.0,1,0.15
4537,454,355.99,5,0.0
4537,179,173.95,2,0.2
4537,333,33.6,4,0.15
4537,337,191.14,8,0.15
4537,36,490.88,8,0.2
4538,674,344.06,2,0.15
4538,925,297.61,2,0.05
4538,31,382.62,2,0.05
4538,879,410.4,5,0.2
4539,389,304.46,6,0.2
4539,869,416.59,9,0.05
4540,475,210.52,10,0.05
4540,755,444.24,7,0.2
4540,64,421.01,2,0.1
4540,710,200.44,5,0.2
4541,446,444.34,9,0.05
4542,435,93.16,4,0.1
4542,128,408.99,3,0.0
4542,20,462.22,5,0.1
4542,12,496.42,7,0.2
4543,343,476.23,8,0.05
4544,616,105.39,6,0.15
4544,268,108.21,8,0.1
4544,902,287.87,9,0.1
4545,710,370.38,9,0.15
4545,88,436.65,2,0.2
4545,249,262.77,2,0.0
4545,750,363.22,4,0.15
4545,554,308.95,3,0.05
4546,97,125.21,5,0.0
4546,273,318.45,8,0.0
4547,900,80.83,9,0.15
4547,777,388.22,7,0.05
4547,781,130.39,9,0.15
4547,101,382.14,10,0.0
4548,743,94.36,1,0.2
4548,71,469.73,3,0.0
4548,197,159.57,9,0.1
4548,692,332.82,4,0.1
4548,971,64.99,8,0.2
4549,101,183.1,2,0.0
4549,426,402.6,3,0.1
4549,902,495.9,10,0.0
4549,262,17.28,3,0.2
4549,601,154.38,3,0.1
4550,511,31.42,2,0.2
4551,873,394.78,4,0.15
4551,642,251.18,5,0.05
4552,36,454.67,6,0.15
4552,230,291.25,6,0.0
4552,912,254.03,4,0.05
4553,534,210.17,3,0.05
4553,118,32.97,6,0.05
4553,239,310.47,8,0.2
4554,567,96.09,2,0.15
4554,377,477.0,1,0.0
4554,295,214.36,1,0.2
4554,414,77.08,2,0.05
4555,11,389.77,7,0.15
4555,469,149.39,6,0.05
4555,860,200.55,10,0.05
4556,775,351.1,6,0.0
4557,108,127.51,5,0.2
4558,555,412.03,6,0.0
4558,942,299.05,10,0.0
4558,706,422.51,9,0.1
4558,904,259.28,10,0.2
4559,365,456.61,10,0.1
4559,279,370.29,8,0.05
4559,685,182.38,8,0.05
4560,296,249.85,5,0.05
4561,459,419.95,7,0.05
4562,264,408.52,6,0.0
4562,601,437.77,5,0.1
4562,2,159.53,6,0.15
4562,964,161.64,2,0.1
4562,270,372.23,3,0.1
4563,721,260.69,9,0.2
4563,909,336.51,7,0.1
4564,326,284.53,4,0.0
4564,886,132.5,2,0.15
4564,18,464.93,5,0.05
4564,907,47.46,10,0.0
4565,796,354.42,10,0.15
4565,448,176.71,9,0.05
4566,220,499.71,8,0.0
4566,500,499.33,5,0.05
4566,497,89.98,2,0.05
4566,496,497.81,1,0.05
4566,917,427.39,4,0.1
4567,191,151.11,3,0.05
4568,999,429.18,3,0.0
4568,886,227.83,2,0.2
4569,354,34.16,1,0.15
4569,222,125.74,4,0.2
4569,843,459.35,10,0.2
4569,489,335.38,9,0.15
4570,215,88.06,1,0.2
4570,232,177.32,9,0.05
4570,979,484.15,8,0.1
4570,382,184.63,9,0.05
4571,967,52.93,10,0.1
4571,232,402.05,6,0.0
4571,163,366.36,9,0.2
4571,971,179.87,9,0.2
4572,529,268.61,2,0.2
4572,997,313.97,3,0.2
4572,728,68.85,9,0.05
4572,685,149.8,1,0.15
4572,96,135.05,4,0.2
4573,348,161.26,4,0.1
4573,193,286.28,8,0.0
4573,831,386.64,8,0.05
4574,277,34.74,10,0.05
4575,299,145.74,4,0.0
4575,152,434.29,10,0.0
4576,231,118.56,5,0.05
4576,115,11.86,9,0.15
4576,386,384.8,3,0.1
4576,198,134.7,9,0.05
4577,755,448.84,2,0.05
4577,30,189.24,10,0.2
4577,945,471.79,7,0.2
4577,498,492.49,1,0.05
4577,122,158.61,2,0.2
4578,857,384.97,5,0.1
4578,835,329.21,6,0.05
4578,675,499.79,8,0.15
4578,184,289.56,2,0.1
4578,483,80.24,9,0.05
4579,93,467.65,10,0.15
4580,519,218.85,6,0.0
4580,591,466.3,9,0.0
4580,366,35.79,5,0.1
4580,110,487.01,3,0.15
4581,400,433.99,4,0.0
4581,61,200.59,6,0.15
4581,120,190.27,1,0.0
4581,682,19.48,7,0.15
4582,358,296.94,8,0.05
4582,483,278.86,8,0.0
4582,882,375.09,9,0.1
4582,320,402.95,6,0.2
4582,245,46.52,7,0.05
4583,949,96.42,3,0.2
4584,549,87.88,7,0.05
4585,996,65.47,3,0.2
4585,138,335.25,1,0.05
4585,339,477.96,2,0.0
4585,846,85.57,3,0.05
4586,26,393.34,5,0.2
4586,372,364.12,3,0.1
4586,38,88.43,3,0.2
4586,393,88.27,5,0.15
4587,977,354.89,5,0.15
4587,837,194.27,2,0.15
4587,774,304.94,5,0.1
4588,921,422.76,4,0.15
4588,610,175.78,6,0.1
4588,976,87.69,4,0.15
4589,262,217.83,7,0.05
4589,448,92.01,8,0.15
4590,505,159.02,8,0.2
4591,285,404.33,6,0.05
4592,302,380.84,1,0.1
4592,742,302.71,7,0.1
4593,376,306.1,9,0.0
4593,296,193.97,4,0.15
4594,633,422.56,7,0.0
4595,298,377.86,9,0.2
4595,871,248.05,4,0.0
4596,439,32.73,6,0.15
4597,241,287.41,6,0.05
4597,910,464.22,2,0.1
4597,906,147.18,3,0.1
4598,96,180.17,5,0.05
4599,626,354.84,7,0.2
4599,1000,23.11,9,0.05
4599,808,175.82,6,0.1
4599,63,493.16,4,0.15
4600,329,285.3,6,0.2
4600,270,229.99,10,0.15
4600,649,137.37,6,0.1
4601,648,327.51,1,0.1
4601,595,114.37,9,0.05
4602,335,296.74,8,0.2
4602,414,170.62,8,0.2
4602,528,432.31,7,0.15
4602,262,463.94,6,0.05
4603,778,260.68,6,0.2
4604,557,430.68,8,0.2
4605,268,448.66,4,0.05
4605,383,403.7,7,0.15
4605,111,44.8,10,0.2
4605,867,300.77,8,0.1
4605,978,93.83,8,0.0
4606,899,14.14,3,0.2
4607,890,198.97,6,0.0
4607,628,402.79,9,0.15
4607,657,181.92,1,0.1
4608,835,30.36,4,0.15
4608,186,47.39,1,0.0
4609,320,144.06,2,0.2
4609,827,479.32,3,0.2
4609,418,417.32,5,0.0
4610,217,219.41,6,0.2
4611,397,288.46,4,0.05
4612,914,480.54,8,0.0
4612,606,417.91,1,0.05
4612,273,475.31,8,0.0
4612,41,313.36,2,0.2
4612,73,139.59,8,0.2
4613,566,237.98,4,0.15
4614,995,61.73,7,0.2
4614,653,399.38,8,0.1
4615,174,33.18,1,0.0
4615,503,485.04,10,0.15
4615,317,240.62,1,0.0
4615,424,301.26,8,0.0
4615,949,40.86,4,0.05
4616,645,393.42,7,0.0
4616,692,276.65,7,0.0
4616,706,11.58,6,0.05
4617,42,416.38,2,0.0
4617,7,460.42,3,0.05
4617,512,365.2,3,0.15
4617,64,284.21,4,0.2
4618,327,56.94,1,0.0
4619,780,458.09,9,0.0
4620,580,365.88,2,0.0
4620,201,393.62,8,0.15
4620,809,311.84,8,0.0
4620,276,29.44,2,0.1
4621,313,470.67,7,0.05
4621,82,419.61,9,0.05
4621,84,374.41,6,0.0
4621,811,288.04,5,0.05
4621,823,456.93,10,0.1
4622,647,81.47,2,0.15
4622,396,19.68,3,0.1
4622,125,134.06,5,0.2
4622,444,201.33,6,0.0
4622,457,486.31,5,0.05
4623,865,263.95,3,0.1
4624,652,172.35,8,0.1
4624,538,312.67,6,0.0
4624,52,491.61,3,0.1
4625,992,328.92,3,0.15
4625,258,115.48,6,0.05
4626,119,236.84,6,0.1
4626,676,256.56,8,0.0
4627,158,85.74,7,0.0
4627,3,348.2,10,0.05
4628,241,61.87,9,0.15
4629,436,410.15,5,0.1
4629,852,263.85,3,0.05
4629,750,260.04,8,0.2
4629,805,15.33,4,0.2
4630,45,461.38,5,0.2
4631,236,458.11,7,0.15
4631,33,434.81,7,0.05
4631,715,288.15,1,0.05
4631,593,474.19,10,0.15
4632,865,44.33,1,0.1
4632,625,398.08,8,0.0
4632,613,492.15,5,0.2
4633,886,485.35,9,0.1
4633,264,369.13,7,0.1
4633,851,239.21,2,0.05
4634,114,91.98,9,0.2
4634,353,113.83,3,0.2
4634,203,455.37,8,0.05
4634,261,81.55,3,0.15
4635,437,380.53,9,0.1
4635,984,72.76,5,0.2
4635,329,387.52,5,0.15
4635,264,347.41,6,0.1
4636,194,447.19,1,0.0
4637,659,426.4,4,0.15
4637,103,213.7,10,0.1
4638,921,281.52,9,0.05
4638,938,491.79,4,0.05
4638,207,490.31,5,0.1
4639,224,199.92,9,0.05
4639,358,493.06,9,0.2
4640,836,338.71,5,0.2
4640,374,451.8,3,0.0
4640,789,486.87,4,0.2
4640,496,278.12,2,0.05
4641,829,238.7,7,0.0
4641,651,398.25,2,0.1
4642,494,457.97,2,0.0
4642,995,463.43,6,0.2
4642,9,62.9,7,0.05
4642,102,113.81,6,0.05
4643,280,185.51,8,0.15
4643,165,175.56,10,0.0
4643,562,194.42,10,0.15
4643,76,441.44,6,0.0
4643,116,190.87,8,0.2
4644,124,403.21,2,0.0
4644,893,331.21,10,0.2
4645,64,24.91,10,0.1
4646,227,78.18,8,0.05
4646,16,77.78,1,0.15
4646,37,174.59,10,0.1
4647,458,212.4,4,0.2
4647,659,14.18,9,0.05
4648,885,436.95,8,0.15
4648,203,370.93,2,0.0
4648,957,161.6,2,0.0
4648,169,234.81,4,0.2
4649,886,496.33,5,0.0
4649,874,140.41,3,0.15
4649,902,363.39,5,0.05
4649,882,300.04,1,0.15
4649,488,338.43,5,0.15
4650,289,470.84,9,0.05
4651,894,157.23,3,0.2
4651,764,365.87,6,0.1
4651,65,437.32,6,0.2
4651,423,149.35,8,0.1
4651,510,130.6,10,0.1
4652,899,259.07,10,0.15
4652,345,402.55,3,0.1
4652,137,173.53,10,0.15
4652,816,457.12,9,0.2
4653,183,176.53,5,0.0
4653,192,366.76,5,0.05
4653,948,69.84,1,0.0
4653,817,157.1,10,0.2
4653,295,205.73,2,0.15
4654,540,192.16,10,0.0
4654,330,363.44,8,0.2
4654,820,277.73,7,0.05
4654,287,488.47,7,0.2
4655,870,115.33,10,0.1
4655,804,402.59,1,0.0
4656,671,371.73,4,0.2
4656,355,173.99,3,0.1
4657,710,412.92,4,0.0
4657,212,96.1,6,0.05
4657,466,162.61,9,0.15
4657,863,405.28,2,0.05
4658,756,408.93,2,0.15
4659,125,336.85,6,0.2
4659,503,106.1,3,0.1
4659,244,417.83,3,0.0
4660,89,293.78,5,0.05
4660,348,281.07,9,0.15
4660,440,44.26,2,0.05
4661,974,308.2,6,0.2
4661,701,343.62,2,0.0
4661,906,457.85,5,0.2
4662,339,87.93,8,0.05
4662,444,309.35,5,0.05
4663,877,220.93,3,0.0
4663,128,325.62,10,0.05
4664,431,354.8,9,0.1
4664,677,85.05,8,0.15
4664,547,171.95,6,0.05
4664,678,204.54,8,0.05
4664,740,33.1,10,0.15
4665,37,194.0,10,0.0
4665,847,345.19,3,0.2
4665,394,163.73,7,0.2
4666,579,152.74,7,0.1
4666,882,412.59,4,0.05
4666,282,58.68,2,0.0
4667,391,356.68,6,0.1
4667,775,482.51,3,0.15
4667,653,376.77,3,0.0
4668,43,394.63,4,0.15
4668,403,132.41,4,0.1
4668,734,372.45,9,0.1
4668,710,434.81,3,0.2
4668,673,333.0,7,0.1
4669,96,40.3,8,0.05
4669,205,401.76,9,0.15
4669,712,48.48,5,0.2
4669,917,151.67,6,0.1
4670,946,24.53,8,0.1
4670,891,393.46,8,0.15
4670,204,239.75,5,0.0
4671,921,422.0,6,0.0
4671,431,255.7,2,0.15
4671,842,129.8,3,0.1
4672,880,476.28,4,0.15
4672,805,106.46,6,0.15
4673,475,408.68,7,0.0
4673,705,232.08,1,0.05
4673,518,415.37,6,0.0
4674,737,31.86,7,0.2
4674,391,323.96,6,0.0
4674,438,262.65,6,0.05
4674,437,219.0,1,0.15
4675,632,425.22,4,0.05
4675,420,198.89,5,0.15
4675,382,142.86,2,0.1
4675,355,41.41,5,0.0
4675,881,340.44,5,0.05
4676,447,113.07,10,0.15
4676,533,34.54,1,0.0
4676,291,280.57,3,0.0
4676,528,451.82,8,0.0
4676,865,199.86,4,0.2
4677,125,295.05,3,0.15
4677,607,49.8,2,0.2
4677,221,300.28,4,0.2
4677,728,422.09,2,0.2
4677,694,271.8,10,0.05
4678,424,172.91,2,0.2
4679,477,371.14,8,0.15
4680,106,260.59,9,0.15
4681,701,71.31,7,0.05
4681,863,160.04,2,0.1
4681,328,73.06,9,0.2
4681,768,120.17,9,0.0
4682,894,377.24,8,0.15
4682,447,108.45,4,0.0
4682,346,424.42,8,0.1
4682,813,288.99,2,0.05
4683,141,398.62,8,0.15
4683,731,402.05,6,0.1
4683,995,312.26,8,0.15
4684,65,264.15,3,0.1
4684,96,224.27,7,0.1
4684,883,64.02,4,0.2
4685,467,93.06,2,0.1
4686,548,212.57,9,0.0
4686,710,435.54,4,0.1
4686,199,69.53,6,0.0
4687,207,207.1,8,0.1
4687,291,495.95,7,0.2
4688,334,375.0,7,0.1
4688,457,159.24,5,0.2
4688,309,79.78,9,0.15
4688,662,116.66,9,0.05
4689,777,72.28,6,0.1
4690,557,146.95,1,0.1
4690,962,38.46,2,0.1
4690,502,42.48,5,0.15
4690,982,192.97,9,0.15
4690,483,168.38,7,0.2
4691,942,277.3,5,0.1
4691,440,244.87,8,0.0
4691,707,121.95,2,0.05
4691,763,176.34,4,0.2
4691,225,419.56,4,0.1
4692,27,217.73,8,0.05
4693,748,228.31,7,0.1
4693,743,216.69,3,0.0
4693,998,439.58,8,0.0
4693,636,434.83,10,0.05
4693,967,114.86,7,0.15
4694,466,56.53,9,0.1
4694,263,109.46,8,0.0
4694,319,377.18,2,0.2
4694,868,101.14,1,0.0
4695,688,458.15,1,0.2
4695,940,370.51,6,0.2
4696,489,345.25,8,0.05
4696,754,346.87,3,0.0
4697,82,15.27,7,0.15
4697,681,147.9,7,0.1
4698,863,473.63,5,0.15
4699,810,324.82,8,0.2
4699,521,279.06,5,0.1
4699,511,428.24,8,0.2
4699,734,368.91,6,0.15
4699,928,353.28,8,0.0
4700,300,438.16,2,0.15
4701,863,435.09,1,0.15
4701,301,298.56,3,0.05
4701,427,322.92,10,0.1
4701,69,57.25,9,0.05
4701,663,474.65,8,0.2
4702,402,275.58,10,0.2
4702,533,267.33,3,0.0
4702,878,20.23,3,0.15
4702,436,470.27,6,0.0
4703,51,165.26,3,0.1
4703,900,55.95,5,0.05
4704,752,227.06,7,0.1
4705,826,119.25,6,0.05
4706,290,35.99,10,0.15
4706,615,432.81,2,0.0
4706,383,274.57,10,0.05
4706,488,380.03,10,0.15
4706,448,36.33,6,0.05
4707,980,44.23,10,0.15
4707,435,211.48,7,0.05
4707,556,65.63,4,0.1
4707,455,157.01,6,0.15
4707,408,377.8,5,0.05
4708,353,373.11,9,0.05
4709,572,323.97,10,0.1
4709,843,130.06,2,0.05
4709,855,436.37,1,0.0
4710,785,162.79,1,0.05
4710,340,147.04,8,0.0
4710,591,115.31,5,0.05
4710,945,443.38,8,0.05
4710,44,116.69,4,0.1
4711,319,153.25,8,0.0
4711,65,402.92,10,0.15
4712,167,245.36,8,0.2
4712,866,428.24,5,0.05
4712,77,481.29,10,0.05
4712,778,58.29,2,0.15
4713,508,141.11,3,0.0
4713,914,357.18,2,0.15
4714,21,250.26,10,0.15
4714,750,125.61,4,0.05
4714,956,144.19,1,0.1
4715,399,215.68,6,0.0
4715,837,309.06,7,0.05
4715,83,245.9,5,0.1
4715,638,247.28,7,0.1
4715,922,463.75,9,0.15
4716,447,425.35,8,0.2
4716,167,192.3,8,0.15
4716,856,57.3,8,0.0
4716,789,97.19,10,0.2
4716,946,289.66,4,0.2
4717,505,196.05,8,0.0
4718,653,93.92,8,0.2
4718,12,432.29,3,0.1
4718,2,159.98,3,0.15
4718,131,257.83,5,0.05
4719,717,484.98,4,0.2
4720,509,215.82,5,0.15
4720,513,450.06,6,0.2
4720,653,160.68,10,0.0
4720,773,332.76,9,0.15
4720,41,275.97,5,0.2
4721,499,104.77,3,0.0
4721,714,112.66,10,0.05
4721,279,91.76,9,0.15
4721,617,255.59,1,0.05
4721,728,240.51,6,0.15
4722,377,247.21,7,0.1
4722,805,115.04,10,0.05
4722,880,137.72,7,0.1
4722,294,110.51,9,0.0
4722,336,119.02,3,0.05
4723,472,136.76,3,0.05
4723,380,216.57,5,0.05
4723,20,349.19,6,0.0
4724,288,484.17,8,0.05
4724,859,58.04,10,0.05
4724,928,333.15,7,0.15
4724,323,96.88,5,0.15
4724,379,224.81,1,0.05
4725,156,39.1,2,0.0
4725,825,33.99,5,0.1
4725,697,267.55,9,0.15
4725,990,143.69,8,0.2
4725,515,127.25,10,0.15
4726,490,380.85,4,0.2
4726,618,385.24,4,0.2
4726,251,105.89,4,0.2
4726,674,228.59,7,0.2
4726,895,261.06,9,0.15
4727,595,261.24,8,0.05
4727,810,283.07,7,0.2
4727,543,60.22,7,0.1
4727,154,98.46,3,0.05
4727,354,172.98,8,0.2
4728,242,124.09,6,0.05
4728,492,65.86,10,0.2
4728,557,22.28,9,0.1
4728,999,462.56,10,0.15
4728,503,24.94,4,0.05
4729,181,420.48,10,0.1
4729,609,38.18,7,0.15
4729,931,85.44,3,0.15
4730,190,37.72,7,0.15
4730,548,233.88,8,0.2
4730,91,428.15,8,0.05
4730,920,353.6,8,0.0
4731,70,292.35,5,0.15
4731,624,255.67,10,0.2
4731,47,121.56,1,0.1
4731,368,115.61,8,0.1
4731,668,31.02,7,0.05
4732,144,37.11,4,0.05
4732,398,84.2,9,0.15
4732,121,254.07,7,0.1
4733,541,272.91,10,0.0
4734,550,49.72,3,0.2
4734,844,157.56,7,0.05
4734,419,472.76,8,0.05
4734,773,139.56,7,0.05
4734,403,303.71,6,0.15
4735,828,333.65,9,0.1
4735,407,26.92,8,0.05
4736,952,121.04,6,0.2
4736,694,389.64,1,0.0
4736,724,293.68,10,0.2
4736,307,220.08,10,0.05
4736,864,394.22,5,0.1
4737,953,170.1,5,0.2
4738,318,256.58,8,0.05
4739,739,193.61,4,0.1
4739,622,476.14,6,0.05
4739,500,495.79,5,0.2
4740,402,254.74,10,0.2
4740,103,321.64,8,0.05
4740,733,83.25,3,0.15
4740,63,160.66,7,0.0
4740,500,380.54,6,0.05
4741,973,15.13,8,0.0
4741,35,76.55,6,0.0
4742,863,491.97,10,0.15
4742,430,384.35,7,0.2
4742,825,129.19,9,0.0
4742,895,449.59,2,0.1
4743,247,194.9,10,0.0
4743,892,67.34,7,0.2
4743,568,446.53,2,0.05
4744,510,177.6,1,0.0
4745,413,309.81,10,0.0
4746,375,464.39,10,0.05
4746,543,434.65,3,0.05
4746,906,434.65,5,0.1
4747,967,99.54,3,0.05
4747,447,57.0,9,0.2
4747,347,161.48,2,0.05
4748,821,331.42,8,0.15
4748,793,286.36,4,0.05
4748,586,469.5,4,0.2
4748,589,48.78,7,0.2
4748,383,170.3,1,0.15
4749,358,371.62,7,0.2
4750,726,421.34,4,0.15
4750,67,452.69,2,0.05
4750,14,264.26,8,0.1
4751,722,405.39,2,0.0
4752,848,194.12,10,0.05
4752,196,418.08,3,0.0
4752,26,144.94,3,0.2
4752,704,225.99,9,0.2
4753,776,76.13,10,0.05
4753,595,13.65,3,0.2
4753,911,150.58,6,0.05
4753,579,46.61,6,0.0
4753,407,167.01,1,0.2
4754,762,289.77,3,0.15
4754,110,36.15,9,0.1
4755,581,468.51,2,0.2
4755,432,486.91,5,0.0
4755,334,301.18,4,0.2
4755,270,472.44,7,0.1
4755,628,495.13,8,0.0
4756,790,423.78,1,0.1
4756,192,134.21,8,0.1
4756,927,269.45,1,0.1
4756,512,205.56,3,0.05
4756,657,23.45,1,0.1
4757,7,143.39,7,0.0
4757,599,186.75,2,0.05
4757,665,421.63,4,0.1
4757,317,35.79,7,0.1
4758,444,492.81,6,0.0
4758,857,492.41,10,0.0
4758,57,418.87,6,0.1
4758,867,351.15,7,0.1
4759,551,414.78,8,0.2
4759,913,352.78,4,0.2
4759,589,57.15,10,0.1
4759,218,248.88,4,0.15
4760,898,423.23,1,0.05
4760,581,169.55,3,0.0
4761,750,424.94,10,0.0
4761,951,23.18,8,0.15
4761,955,454.19,5,0.15
4761,397,44.91,5,0.05
4761,828,133.07,4,0.05
4762,104,46.39,10,0.0
4763,448,214.1,3,0.05
4763,664,247.63,4,0.2
4764,802,117.41,4,0.0
4765,928,191.3,3,0.05
4765,551,250.48,1,0.05
4765,250,161.26,4,0.05
4765,101,371.53,3,0.2
4765,270,227.06,3,0.1
4766,328,454.6,7,0.15
4766,414,382.6,1,0.1
4766,988,460.88,1,0.0
4766,921,34.31,6,0.2
4767,674,379.29,9,0.0
4767,359,170.54,6,0.0
4767,943,457.3,6,0.1
4767,902,118.23,9,0.1
4767,717,232.49,2,0.2
4768,985,245.63,10,0.1
4769,949,148.2,9,0.2
4769,742,436.95,2,0.1
4769,942,338.16,2,0.1
4769,110,142.84,7,0.0
4769,819,445.42,10,0.1
4770,114,27.41,7,0.1
4770,466,213.36,3,0.15
4770,96,201.54,9,0.2
4771,298,163.71,6,0.05
4771,878,390.87,7,0.05
4771,803,253.84,8,0.15
4772,370,182.58,10,0.0
4772,619,92.66,4,0.1
4772,636,147.97,3,0.05
4772,911,448.09,9,0.0
4773,186,486.52,9,0.1
4773,189,310.81,2,0.2
4773,391,327.58,2,0.1
4773,440,198.61,3,0.2
4774,240,273.37,1,0.1
4774,414,378.41,4,0.0
4774,224,332.55,2,0.05
4774,730,47.84,4,0.1
4774,344,221.18,2,0.15
4775,168,247.72,5,0.15
4776,305,233.56,10,0.05
4776,315,228.35,3,0.05
4777,911,384.19,2,0.2
4777,826,352.48,7,0.2
4777,766,88.63,3,0.1
4777,113,265.9,6,0.2
4777,495,494.69,5,0.05
4778,221,320.95,6,0.15
4779,16,160.65,5,0.0
4779,541,433.98,4,0.2
4779,459,243.57,10,0.15
4780,764,248.68,7,0.1
4781,497,425.81,7,0.0
4781,604,258.33,4,0.1
4781,586,138.65,6,0.0
4781,830,52.3,1,0.2
4782,267,48.18,3,0.1
4782,342,61.19,3,0.2
4782,321,479.51,4,0.1
4783,258,424.0,2,0.15
4783,7,33.5,7,0.1
4783,69,307.35,2,0.1
4783,986,159.91,4,0.05
4783,437,251.2,6,0.05
4784,99,411.31,7,0.2
4785,283,223.34,2,0.15
4786,79,242.28,4,0.15
4786,360,218.48,9,0.1
4786,903,13.53,10,0.0
4787,274,318.35,9,0.0
4787,74,17.64,1,0.15
4788,588,193.43,2,0.1
4789,105,185.63,5,0.2
4789,320,430.0,6,0.1
4789,597,270.79,4,0.2
4790,879,27.78,8,0.05
4790,218,301.44,7,0.0
4790,393,424.0,9,0.0
4790,563,272.2,4,0.2
4791,907,162.36,3,0.15
4791,71,359.62,4,0.0
4791,392,413.36,10,0.0
4791,848,233.28,1,0.1
4791,554,364.5,7,0.1
4792,349,20.73,1,0.15
4792,4,339.07,5,0.1
4792,242,359.47,2,0.2
4793,49,244.91,4,0.0
4793,524,23.98,8,0.15
4793,86,127.19,3,0.15
4793,859,99.84,4,0.15
4793,526,118.77,7,0.2
4794,61,111.7,7,0.0
4794,269,172.66,1,0.1
4794,852,237.52,6,0.05
4795,864,214.98,6,0.1
4795,145,298.96,1,0.1
4795,169,432.0,10,0.15
4796,788,423.3,2,0.05
4796,313,341.75,6,0.2
4797,445,320.39,1,0.0
4797,304,308.93,10,0.15
4797,149,86.6,5,0.0
4797,431,353.32,2,0.1
4797,61,330.82,4,0.0
4798,298,307.93,2,0.05
4798,94,222.76,7,0.1
4798,811,361.42,3,0.1
4798,71,462.86,3,0.15
4799,44,212.24,9,0.2
4800,172,265.12,4,0.1
4800,194,426.96,10,0.2
4801,551,302.48,10,0.1
4801,662,189.97,9,0.2
4802,160,41.26,8,0.1
4802,334,434.93,6,0.05
4803,278,205.09,6,0.0
4803,638,89.57,9,0.2
4803,456,338.93,7,0.05
4803,470,272.67,7,0.15
4803,364,209.84,6,0.15
4804,216,49.34,1,0.0
4805,131,44.98,4,0.2
4805,643,251.58,4,0.1
4806,76,150.75,9,0.05
4806,309,414.02,6,0.1
4807,773,151.38,9,0.2
4807,803,358.96,4,0.2
4807,465,218.23,9,0.05
4808,710,435.12,4,0.0
4808,131,315.4,4,0.1
4808,371,347.73,6,0.05
4808,155,482.59,6,0.0
4808,381,250.19,5,0.15
4809,969,395.28,9,0.2
4809,871,323.76,3,0.1
4809,22,240.41,6,0.15
4809,963,391.96,7,0.0
4810,559,32.75,2,0.0
4811,839,89.54,2,0.05
4811,21,112.73,6,0.1
4812,184,57.3,7,0.2
4813,230,183.99,5,0.0
4813,140,138.26,3,0.05
4813,196,210.55,4,0.05
4813,157,212.11,3,0.0
4813,569,154.54,6,0.05
4814,109,140.67,2,0.2
4814,345,202.45,9,0.15
4814,662,251.93,9,0.0
4814,38,385.23,2,0.0
4815,780,111.95,7,0.2
4815,621,156.27,4,0.05
4815,103,356.07,7,0.05
4816,364,213.12,1,0.05
4816,813,104.2,7,0.2
4816,276,355.79,2,0.0
4817,456,232.95,3,0.05
4817,85,354.57,2,0.1
4817,582,153.71,6,0.05
4818,991,239.96,3,0.15
4818,962,13.23,3,0.05
4818,573,171.57,5,0.0
4818,748,493.85,10,0.05
4819,638,309.86,10,0.2
4820,522,364.89,1,0.15
4820,622,350.97,7,0.15
4820,81,469.62,7,0.2
4820,615,290.0,10,0.05
4821,974,444.59,10,0.1
4821,111,285.36,8,0.1
4821,584,200.5,3,0.05
4821,662,481.98,2,0.2
4821,127,351.01,1,0.0
4822,297,187.52,2,0.15
4822,94,425.56,6,0.2
4823,928,461.45,4,0.1
4823,223,110.14,3,0.15
4823,921,26.79,9,0.2
4823,945,306.22,7,0.15
4824,444,190.8,9,0.1
4824,829,114.14,2,0.15
4824,909,89.17,2,0.0
4824,958,359.07,7,0.1
4824,546,432.98,2,0.1
4825,260,310.68,7,0.1
4825,863,345.36,5,0.05
4825,473,48.3,6,0.1
4825,212,225.08,2,0.0
4825,806,466.8,1,0.05
4826,339,283.04,9,0.2
4826,588,384.03,9,0.15
4826,425,308.81,10,0.05
4826,43,494.44,9,0.1
4827,262,88.94,2,0.1
4827,924,288.01,6,0.05
4828,173,179.35,9,0.15
4829,435,78.08,1,0.2
4830,111,33.4,10,0.2
4830,565,296.53,6,0.0
4830,46,401.11,5,0.0
4830,699,152.99,6,0.0
4830,280,283.59,1,0.0
4831,691,244.81,5,0.05
4831,273,485.44,7,0.05
4832,261,94.16,7,0.1
4832,74,231.6,6,0.1
4832,911,347.77,10,0.05
4832,188,149.84,4,0.2
4833,14,134.22,9,0.0
4833,868,232.24,5,0.05
4833,297,190.03,4,0.2
4833,130,352.65,7,0.2
4834,770,231.58,7,0.2
4834,641,429.51,1,0.2
4834,191,57.97,9,0.0
4835,157,393.84,7,0.15
4835,315,70.24,5,0.05
4836,41,89.08,10,0.15
4836,620,297.59,1,0.2
4836,824,223.31,4,0.1
4836,500,434.72,2,0.1
4836,2,315.15,2,0.15
4837,665,67.48,1,0.05
4837,219,338.65,6,0.05
4837,242,127.23,10,0.15
4838,545,200.75,5,0.05
4839,782,279.67,3,0.1
4839,491,107.17,2,0.15
4839,944,77.8,2,0.1
4839,354,122.9,4,0.0
4840,205,463.23,3,0.1
4841,590,143.09,5,0.0
4841,935,103.51,4,0.0
4841,828,462.26,6,0.0
4841,426,301.47,9,0.05
4842,298,157.56,3,0.15
4842,553,331.44,4,0.0
4842,769,190.3,4,0.0
4842,809,300.57,10,0.0
4842,709,498.44,5,0.2
4843,253,47.28,7,0.1
4844,880,357.65,7,0.15
4844,840,53.1,7,0.1
4845,903,171.06,5,0.1
4845,929,92.69,9,0.05
4845,723,114.15,6,0.05
4845,201,417.05,9,0.1
4846,844,301.84,10,0.2
4846,734,113.75,5,0.2
4847,364,164.49,4,0.05
4847,997,179.8,2,0.2
4847,449,253.14,7,0.1
4847,468,13.19,7,0.1
4848,148,106.18,2,0.1
4849,42,138.03,8,0.2
4849,160,110.14,8,0.1
4849,316,17.12,7,0.05
4850,510,20.26,4,0.1
4850,650,289.85,5,0.0
4851,692,179.66,7,0.2
4852,206,467.83,3,0.15
4852,841,466.96,2,0.05
4852,951,456.49,7,0.1
4852,424,345.26,5,0.05
4853,499,472.75,8,0.2
4853,429,478.56,8,0.1
4853,522,201.04,3,0.15
4853,664,301.97,7,0.05
4854,914,396.09,4,0.05
4855,136,311.37,9,0.2
4855,500,475.11,2,0.15
4856,176,324.08,7,0.15
4857,618,287.67,2,0.1
4858,290,182.4,5,0.15
4858,639,183.8,2,0.15
4858,97,372.12,4,0.2
4858,878,148.75,6,0.05
4858,554,205.18,7,0.2
4859,861,485.64,8,0.2
4859,162,163.56,7,0.0
4860,798,15.28,7,0.15
4860,87,44.27,6,0.2
4860,772,93.16,4,0.05
4861,977,268.64,1,0.2
4861,973,257.29,1,0.15
4861,463,288.54,4,0.0
4862,293,376.74,8,0.0
4862,754,48.39,1,0.05
4863,218,328.49,4,0.2
4863,26,316.41,6,0.2
4863,852,417.88,2,0.05
4863,864,300.34,3,0.0
4864,157,396.81,4,0.1
4864,151,370.63,3,0.05
4864,202,119.91,9,0.2
4864,47,341.12,2,0.0
4865,981,128.14,10,0.2
4866,782,399.71,9,0.15
4866,760,304.79,8,0.2
4866,481,495.72,7,0.15
4866,942,471.67,3,0.05
4867,8,153.59,3,0.2
4867,651,387.48,7,0.1
4867,565,60.99,5,0.1
4867,732,400.16,7,0.1
4868,278,207.44,1,0.15
4868,203,268.64,5,0.2
4868,25,321.62,10,0.2
4868,920,316.86,10,0.2
4869,145,299.18,2,0.0
4869,52,112.16,1,0.2
4869,178,143.13,4,0.2
4869,864,68.62,5,0.0
4870,723,353.37,8,0.2
4870,563,211.0,4,0.0
4870,119,316.57,1,0.15
4870,773,378.99,5,0.2
4870,78,480.14,1,0.1
4871,245,93.7,2,0.2
4871,868,91.38,9,0.0
4871,895,79.62,9,0.1
4872,781,400.13,7,0.0
4872,949,340.34,10,0.05
4872,115,489.69,7,0.05
4873,851,373.08,6,0.0
4873,60,472.78,7,0.05
4873,533,75.03,9,0.0
4874,502,489.68,6,0.15
4874,15,358.84,5,0.0
4875,249,243.16,3,0.05
4876,874,141.2,6,0.05
4876,747,186.46,9,0.05
4876,343,267.93,2,0.15
4876,616,124.79,8,0.2
4877,819,68.12,5,0.1
4878,421,404.9,2,0.05
4878,843,93.6,10,0.0
4878,513,398.23,2,0.0
4878,282,444.81,10,0.0
4879,534,462.62,6,0.0
4879,791,421.14,9,0.1
4879,880,267.57,2,0.0
4880,293,198.15,3,0.05
4881,256,320.59,10,0.15
4881,912,259.59,9,0.2
4881,346,17.23,5,0.0
4882,117,174.93,4,0.0
4882,870,205.56,7,0.15
4882,144,34.04,8,0.0
4882,710,204.55,10,0.05
4882,249,236.95,9,0.2
4883,892,388.02,8,0.0
4883,480,277.19,10,0.05
4883,525,423.44,9,0.05
4884,511,227.38,1,0.1
4884,686,487.67,1,0.1
4884,920,242.42,1,0.2
4885,190,498.95,3,0.0
4886,117,48.53,5,0.2
4886,722,94.62,2,0.1
4887,22,382.52,5,0.15
4887,281,287.87,9,0.2
4888,151,285.68,4,0.1
4888,816,294.02,1,0.0
4888,336,465.6,10,0.15
4889,539,120.78,5,0.1
4889,738,13.54,5,0.0
4889,748,313.04,2,0.0
4889,624,107.07,1,0.05
4890,454,390.27,7,0.0
4891,5,62.07,7,0.2
4891,397,369.52,7,0.1
4891,720,400.13,9,0.05
4891,953,400.0,1,0.2
4892,501,266.4,2,0.2
4892,130,61.74,7,0.2
4892,544,202.67,3,0.05
4892,317,392.56,5,0.1
4892,787,37.32,6,0.15
4893,872,161.45,8,0.05
4893,947,50.64,4,0.2
4894,874,207.83,1,0.2
4894,201,46.45,1,0.1
4894,666,296.26,5,0.0
4894,989,243.76,3,0.05
4895,916,315.8,2,0.15
4896,716,402.91,7,0.2
4897,249,58.94,9,0.1
4897,838,395.47,10,0.05
4897,449,422.73,9,0.1
4897,138,366.06,1,0.1
4898,41,189.43,8,0.0
4898,798,415.21,3,0.15
4898,886,165.64,6,0.15
4898,951,429.9,5,0.0
4899,324,234.2,6,0.15
4899,405,388.8,2,0.0
4899,400,412.87,3,0.0
4899,430,469.23,1,0.0
4900,706,316.74,10,0.05
4900,673,384.95,10,0.15
4900,19,250.36,10,0.05
4900,710,403.96,7,0.05
4900,346,187.15,6,0.05
4901,472,181.23,4,0.05
4901,432,180.14,10,0.2
4901,81,326.35,9,0.0
4902,428,382.4,9,0.05
4902,68,378.4,5,0.05
4902,517,147.33,3,0.05
4902,442,300.41,8,0.2
4902,689,193.09,3,0.0
4903,67,358.86,4,0.2
4904,579,147.48,1,0.05
4904,847,250.09,7,0.1
4904,223,281.53,10,0.0
4904,10,61.96,5,0.0
4904,15,439.06,7,0.1
4905,152,418.7,8,0.2
4906,39,402.43,1,0.2
4906,689,169.2,1,0.05
4906,758,344.28,8,0.2
4906,837,286.18,5,0.15
4907,405,430.78,10,0.2
4907,620,456.09,9,0.05
4908,431,274.98,7,0.05
4908,903,210.2,7,0.0
4908,274,212.38,4,0.15
4908,544,477.25,8,0.0
4908,773,233.15,8,0.1
4909,613,360.77,10,0.1
4909,421,467.35,3,0.15
4910,102,274.73,10,0.15
4910,367,463.32,9,0.0
4910,876,339.09,5,0.0
4910,279,348.18,5,0.1
4910,725,417.89,8,0.15
4911,371,28.7,9,0.15
4912,955,167.83,3,0.1
4912,347,154.69,9,0.0
4912,42,276.3,9,0.2
4913,453,360.66,1,0.0
4913,529,120.61,10,0.0
4913,984,460.87,4,0.2
4913,606,236.04,8,0.1
4914,306,439.08,1,0.0
4915,284,315.48,9,0.1
4915,857,113.78,3,0.2
4916,959,449.67,1,0.1
4917,182,224.36,4,0.1
4917,320,421.94,3,0.05
4917,487,211.17,3,0.15
4917,546,458.69,4,0.0
4918,677,166.07,5,0.1
4918,585,204.42,9,0.1
4918,12,403.71,4,0.05
4918,248,419.2,1,0.2
4918,314,167.72,10,0.15
4919,429,361.8,4,0.0
4919,105,393.09,8,0.2
4919,499,466.66,10,0.2
4919,472,47.23,10,0.2
4919,822,324.1,9,0.1
4920,457,19.4,10,0.1
4920,430,67.87,1,0.05
4920,70,360.23,6,0.15
4920,477,367.25,3,0.1
4921,710,37.81,10,0.0
4921,408,79.82,1,0.1
4921,137,232.28,10,0.1
4921,71,193.07,1,0.0
4922,305,178.75,7,0.05
4922,281,30.22,6,0.15
4922,76,449.03,8,0.1
4923,159,436.48,1,0.05
4923,822,65.67,6,0.2
4923,906,288.44,9,0.05
4923,927,286.58,1,0.1
4924,471,67.59,4,0.15
4924,30,357.34,1,0.15
4925,5,418.39,3,0.1
4925,688,264.51,10,0.05
4926,233,238.1,8,0.1
4926,664,216.02,8,0.2
4927,958,434.02,6,0.05
4927,385,417.07,5,0.0
4927,398,484.13,5,0.2
4928,160,488.73,10,0.2
4928,429,486.55,1,0.15
4928,666,226.24,8,0.1
4929,813,341.61,8,0.2
4929,353,192.14,5,0.1
4929,543,53.0,10,0.05
4929,347,145.75,8,0.2
4930,272,273.7,3,0.2
4930,396,337.53,6,0.0
4931,355,265.47,4,0.1
4931,148,62.85,9,0.15
4931,188,245.47,7,0.05
4931,684,137.2,2,0.1
4932,574,335.92,8,0.1
4932,924,228.02,7,0.05
4932,490,296.25,2,0.0
4933,69,273.07,3,0.15
4933,537,248.36,10,0.15
4934,896,210.81,9,0.2
4935,686,393.54,3,0.0
4935,392,171.95,1,0.1
4935,449,240.63,5,0.15
4935,684,95.97,2,0.15
4935,732,112.53,7,0.1
4936,545,363.4,6,0.0
4937,239,41.2,2,0.05
4937,88,359.02,3,0.2
4937,136,255.88,8,0.2
4938,545,376.88,7,0.2
4939,323,323.11,7,0.15
4939,807,405.81,2,0.15
4939,111,16.9,6,0.2
4939,943,126.09,7,0.15
4940,110,497.92,6,0.1
4941,189,161.04,3,0.1
4941,397,497.5,6,0.1
4942,705,468.24,10,0.1
4942,674,361.95,9,0.15
4943,942,66.22,9,0.05
4943,325,78.39,3,0.05
4944,734,329.73,9,0.0
4944,128,39.33,2,0.1
4944,85,304.37,1,0.0
4944,220,362.71,9,0.1
4945,998,428.29,6,0.15
4945,703,345.38,4,0.1
4945,323,346.46,4,0.05
4945,836,284.6,4,0.2
4946,193,72.42,2,0.2
4947,426,294.27,5,0.2
4947,400,263.59,6,0.2
4948,657,304.21,8,0.05
4948,11,77.72,8,0.1
4948,537,260.13,6,0.15
4948,279,79.42,2,0.05
4948,400,238.46,3,0.1
4949,402,267.36,6,0.2
4949,870,275.49,10,0.0
4949,625,304.93,7,0.15
4950,588,155.49,9,0.05
4951,836,214.17,7,0.1
4952,738,270.64,10,0.2
4952,340,281.16,3,0.1
4952,515,141.28,5,0.15
4952,918,454.88,4,0.0
4953,746,345.32,3,0.0
4953,543,293.82,3,0.15
4954,600,287.89,1,0.2
4954,252,262.68,2,0.05
4954,702,77.81,3,0.0
4955,672,326.26,9,0.1
4955,99,48.35,7,0.2
4955,142,146.66,6,0.1
4956,733,199.98,6,0.05
4957,501,10.6,9,0.15
4957,9,254.1,6,0.0
4958,56,87.63,7,0.0
4958,769,243.15,5,0.15
4958,48,259.64,5,0.05
4958,211,88.77,8,0.1
4958,181,441.52,5,0.15
4959,652,390.46,4,0.05
4959,225,116.95,4,0.2
4959,80,466.53,6,0.1
4960,458,222.99,8,0.05
4960,733,37.01,6,0.2
4961,551,314.28,5,0.1
4961,179,305.23,10,0.15
4961,80,277.31,3,0.1
4962,96,76.73,2,0.05
4962,934,184.3,6,0.2
4963,629,92.52,4,0.0
4963,533,243.82,2,0.1
4963,201,64.42,6,0.15
4963,754,20.16,7,0.15
4963,632,452.47,8,0.15
4964,721,329.45,3,0.1
4964,691,134.29,6,0.1
4964,749,370.7,8,0.1
4964,996,330.5,8,0.0
4964,737,60.52,2,0.1
4965,820,113.34,1,0.05
4965,540,156.26,7,0.1
4965,854,165.47,7,0.05
4965,499,290.23,5,0.15
4966,294,58.78,1,0.2
4966,381,17.14,6,0.2
4966,526,342.86,9,0.15
4966,219,76.27,4,0.05
4966,726,350.58,8,0.1
4967,859,101.78,2,0.2
4968,399,100.29,1,0.05
4968,314,125.31,8,0.05
4969,978,132.21,7,0.1
4969,862,288.86,8,0.0
4969,561,195.59,10,0.1
4969,32,293.62,10,0.0
4969,501,366.79,2,0.2
4970,679,118.11,4,0.1
4970,646,212.88,4,0.2
4970,837,173.32,1,0.05
4970,274,45.84,2,0.0
4971,483,12.02,9,0.05
4971,6,97.6,1,0.1
4971,703,125.54,3,0.0
4971,46,275.48,4,0.2
4971,984,362.07,7,0.0
4972,585,197.66,8,0.0
4972,542,419.54,1,0.0
4972,32,150.14,9,0.05
4972,299,139.14,8,0.1
4972,435,449.49,10,0.0
4973,927,248.67,10,0.0
4974,429,207.42,9,0.2
4974,332,188.88,7,0.0
4974,60,99.58,4,0.0
4974,754,218.11,4,0.1
4975,158,347.47,6,0.0
4976,843,72.06,8,0.0
4976,991,467.26,6,0.05
4976,975,423.71,5,0.0
4976,205,333.91,7,0.2
4977,797,374.16,7,0.1
4977,785,196.98,7,0.15
4977,651,238.74,5,0.15
4978,878,360.0,5,0.0
4978,961,18.5,1,0.0
4978,123,113.75,8,0.1
4978,285,103.77,9,0.1
4978,170,249.66,2,0.0
4979,247,103.33,3,0.05
4979,520,169.31,9,0.05
4979,832,119.37,7,0.05
4979,183,324.68,3,0.05
4980,276,31.76,6,0.1
4980,338,68.12,8,0.15
4981,473,499.36,7,0.0
4981,552,30.73,1,0.0
4981,432,19.31,6,0.2
4982,873,493.7,9,0.15
4983,660,141.38,10,0.05
4983,750,315.34,4,0.1
4984,681,72.91,10,0.15
4984,592,482.26,4,0.0
4984,88,479.96,6,0.1
4984,293,341.28,1,0.0
4984,58,256.65,6,0.15
4985,472,474.0,4,0.0
4985,337,259.39,4,0.2
4985,101,76.55,4,0.15
4986,682,373.58,5,0.1
4987,398,322.72,1,0.0
4987,549,337.14,9,0.0
4987,956,129.83,6,0.1
4988,563,471.09,3,0.2
4989,165,207.44,5,0.1
4989,974,232.25,2,0.15
4990,256,248.71,1,0.0
4990,235,33.14,6,0.05
4990,862,206.8,6,0.1
4990,892,397.07,10,0.15
4991,189,241.76,4,0.0
4992,547,86.34,7,0.05
4993,480,389.55,10,0.2
4993,322,354.77,1,0.15
4993,429,350.64,5,0.0
4993,870,257.66,10,0.15
4994,626,485.12,7,0.15
4995,87,411.73,9,0.05
4996,592,18.53,8,0.1
4996,133,256.3,5,0.05
4996,885,186.91,4,0.0
4996,90,296.73,6,0.05
4996,724,494.43,7,0.05
4997,981,138.31,3,0.2
4998,418,208.1,8,0.1
4998,593,326.93,9,0.15
4998,97,116.79,6,0.1
4998,529,401.31,7,0.1
4998,703,337.08,3,0.05
4999,427,406.52,10,0.2
5000,347,178.13,4,0.0
5000,793,15.31,6,0.2
5001,680,354.39,9,0.15
5002,416,130.35,5,0.2
5002,642,57.47,1,0.2
5002,977,263.69,4,0.1
5003,937,447.89,3,0.15
5003,560,365.13,3,0.15
5003,246,424.38,8,0.2
5003,944,393.87,5,0.0
5003,88,253.38,4,0.05
5004,81,334.45,2,0.15
5004,962,231.44,2,0.0
5004,571,13.32,5,0.0
5004,92,95.51,8,0.05
5004,396,224.01,8,0.1
5005,466,61.69,10,0.0
5005,776,255.97,9,0.0
5005,268,18.81,1,0.0
5006,898,414.82,4,0.05
5007,854,420.71,3,0.0
5008,845,19.03,1,0.0
5008,561,55.89,4,0.2
5008,603,89.22,6,0.2
5009,595,83.5,8,0.05
5010,296,229.66,7,0.1
5010,256,167.93,2,0.2
5010,661,368.4,5,0.15
5011,588,347.26,9,0.05
5011,911,111.12,7,0.1
5011,102,314.31,8,0.1
5011,383,248.82,1,0.2
5011,926,61.09,9,0.15
5012,618,100.71,10,0.0
5013,808,445.12,7,0.1
5013,230,216.81,10,0.15
5013,229,272.0,10,0.15
5013,966,276.29,2,0.05
5013,535,194.73,7,0.2
5014,122,423.52,3,0.15
5014,395,435.95,1,0.2
5014,748,407.79,7,0.15
5014,867,183.99,5,0.2
5014,588,369.33,6,0.2
5015,453,304.23,8,0.15
5015,680,222.51,4,0.2
5015,977,17.68,8,0.1
5015,328,26.66,7,0.2
5016,197,368.19,8,0.05
5016,672,420.55,4,0.2
5017,286,388.44,2,0.05
5017,479,222.66,9,0.2
5018,836,228.91,9,0.1
5018,346,138.14,7,0.0
5018,460,374.5,6,0.05
5018,54,49.87,8,0.05
5019,69,116.75,6,0.2
5019,255,401.1,9,0.2
5020,819,258.88,1,0.05
5020,644,491.76,3,0.2
5021,342,436.61,8,0.15
5021,796,313.06,4,0.0
5021,770,260.91,9,0.05
5022,834,303.24,10,0.0
5022,701,417.94,10,0.0
5022,33,214.54,4,0.0
5022,450,179.44,5,0.05
5023,301,285.85,8,0.1
5023,640,447.53,8,0.0
5023,81,322.7,5,0.2
5024,500,225.52,3,0.1
5024,128,308.73,6,0.2
5024,115,194.79,5,0.05
5024,721,217.02,1,0.2
5025,107,79.23,7,0.15
5025,428,97.46,1,0.2
5025,956,307.36,3,0.2
5026,59,130.83,2,0.1
5026,86,438.53,7,0.15
5026,912,229.92,2,0.2
5026,731,47.55,8,0.0
5027,114,173.47,10,0.2
5027,8,403.03,3,0.0
5027,275,243.4,2,0.2
5027,805,434.54,9,0.0
5028,177,128.72,9,0.2
5028,81,327.45,1,0.1
5029,196,460.23,7,0.0
5030,486,126.58,2,0.15
5031,934,209.78,6,0.1
5031,91,157.02,2,0.05
5031,286,479.58,4,0.1
5032,602,398.97,5,0.2
5032,77,52.69,7,0.15
5032,425,104.76,4,0.15
5033,239,211.91,5,0.2
5033,525,205.81,1,0.0
5034,960,169.53,6,0.0
5034,302,41.51,10,0.0
5034,269,212.48,4,0.15
5034,214,137.23,1,0.15
5035,629,316.41,8,0.15
5035,438,258.56,2,0.05
5035,865,139.72,5,0.1
5035,828,83.35,5,0.2
5036,282,345.69,6,0.05
5036,790,179.59,1,0.2
5036,598,18.48,5,0.05
5036,67,482.1,2,0.2
5037,41,195.52,4,0.2
5037,971,85.17,5,0.15
5037,909,188.36,4,0.05
5038,88,312.93,10,0.0
5038,51,434.16,7,0.1
5038,36,489.83,4,0.2
5038,307,139.99,8,0.0
5039,575,327.08,6,0.0
5039,101,465.61,2,0.15
5039,590,430.82,4,0.2
5039,821,341.31,3,0.05
5039,163,410.94,7,0.05
5040,597,436.88,7,0.1
5040,226,249.9,2,0.0
5040,138,491.35,10,0.05
5041,588,78.6,4,0.0
5041,762,443.06,7,0.05
5041,111,436.77,9,0.0
5042,217,93.28,6,0.0
5042,934,213.07,10,0.0
5042,946,251.84,7,0.0
5042,672,344.17,10,0.15
5042,638,13.86,10,0.0
5043,484,78.92,3,0.05
5044,969,169.87,2,0.05
5044,721,368.51,6,0.05
5045,928,192.94,6,0.15
5046,729,276.27,8,0.05
5046,773,362.0,6,0.0
5047,736,349.11,10,0.1
5047,952,60.73,8,0.15
5047,933,54.13,7,0.2
5048,545,308.85,3,0.0
5048,683,272.72,3,0.1
5049,396,408.25,2,0.15
5049,561,105.35,3,0.2
5049,165,249.22,4,0.2
5050,874,434.63,8,0.05
5050,658,79.34,3,0.05
5050,292,454.04,3,0.1
5050,660,87.77,7,0.05
5051,892,202.44,2,0.05
5051,570,176.8,2,0.1
5051,743,177.75,3,0.2
5051,220,391.15,9,0.1
5052,356,136.5,5,0.0
5052,626,226.96,5,0.05
5052,8,143.81,2,0.0
5052,285,178.65,10,0.1
5053,396,348.79,3,0.1
5054,181,130.89,3,0.1
5054,593,156.46,5,0.2
5055,285,193.36,10,0.2
5055,745,190.83,1,0.2
5056,461,139.28,3,0.2
5056,495,394.25,6,0.15
5056,326,23.52,7,0.15
5056,945,97.18,1,0.0
5056,829,355.9,3,0.05
5057,308,105.64,8,0.15
5058,266,310.19,5,0.2
5059,169,296.39,3,0.15
5059,289,67.4,3,0.2
5059,531,437.04,4,0.0
5059,257,168.13,7,0.2
5060,746,431.43,9,0.0
5060,53,259.27,1,0.15
5061,875,449.84,3,0.0
5061,5,294.33,3,0.1
5061,609,96.7,2,0.0
5061,514,326.9,10,0.1
5061,527,385.98,4,0.1
5062,503,113.67,3,0.15
5062,579,434.01,10,0.05
5062,84,297.87,10,0.0
5063,323,21.15,3,0.05
5063,89,244.8,9,0.05
5064,858,488.14,10,0.2
5064,475,451.13,4,0.1
5064,586,396.52,5,0.05
5065,442,26.63,3,0.05
5065,809,156.83,9,0.0
5066,485,124.16,9,0.0
5066,658,250.45,6,0.0
5066,33,449.15,9,0.1
5066,13,82.73,7,0.0
5067,523,190.9,10,0.05
5067,913,478.15,1,0.2
5067,576,170.02,6,0.0
5067,816,392.56,3,0.2
5067,600,214.16,7,0.0
5068,987,290.54,10,0.15
5069,592,63.7,8,0.0
5069,288,192.91,10,0.0
5069,941,125.01,5,0.2
5070,255,178.52,1,0.0
5070,483,81.54,10,0.2
5070,129,218.78,5,0.2
5070,714,347.89,5,0.05
5071,578,345.7,8,0.2
5071,954,461.34,7,0.15
5072,344,163.0,3,0.2
5073,690,444.9,6,0.15
5073,636,50.04,10,0.1
5073,946,225.27,8,0.0
5074,479,492.59,10,0.0
5075,238,189.59,4,0.15
5076,925,315.8,2,0.15
5076,358,97.97,5,0.0
5077,772,192.7,9,0.2
5077,647,326.4,7,0.15
5077,89,131.33,2,0.1
5078,555,37.67,2,0.0
5078,478,178.0,3,0.0
5079,865,450.97,9,0.2
5080,826,357.64,2,0.2
5080,347,82.49,7,0.1
5080,627,338.99,6,0.0
5080,263,243.17,4,0.15
5080,612,330.55,7,0.1
5081,123,396.62,5,0.0
5081,286,495.7,1,0.0
5081,229,287.74,1,0.0
5081,91,414.63,1,0.15
5081,224,131.53,3,0.05
5082,858,87.87,6,0.1
5082,278,483.01,10,0.1
5082,241,49.34,9,0.2
5083,124,330.42,6,0.1
5083,658,41.88,8,0.2
5083,594,65.27,5,0.05
5083,499,206.35,9,0.0
5083,513,447.33,4,0.1
5084,617,271.58,10,0.05
5084,731,24.02,5,0.2
5084,263,143.67,9,0.0
5085,900,214.04,6,0.15
5085,72,310.48,2,0.2
5085,35,272.53,4,0.05
5085,979,467.87,4,0.0
5085,6,204.81,10,0.05
5086,819,383.5,4,0.0
5086,395,229.01,1,0.1
5086,295,286.32,10,0.2
5086,18,23.27,7,0.1
5087,529,66.51,7,0.15
5088,59,291.86,8,0.2
5089,379,404.18,6,0.2
5089,101,89.49,1,0.2
5089,19,197.42,4,0.15
5089,824,151.76,5,0.1
5090,730,301.04,2,0.2
5090,546,188.52,7,0.15
5090,201,369.13,6,0.1
5091,988,478.17,2,0.05
5091,252,386.79,7,0.2
5091,262,278.67,2,0.0
5091,941,239.79,9,0.15
5091,474,496.7,4,0.05
5092,83,303.13,1,0.05
5093,503,317.47,9,0.0
5094,757,482.76,3,0.1
5094,434,174.35,9,0.2
5094,132,65.85,10,0.0
5094,256,91.05,8,0.15
5095,101,56.73,1,0.15
5095,904,498.77,5,0.1
5095,372,72.14,7,0.15
5095,872,223.02,1,0.0
5096,891,78.08,6,0.2
5096,675,227.44,7,0.1
5096,966,253.51,3,0.1
5097,306,277.08,8,0.2
5097,896,335.64,6,0.0
5097,359,301.59,2,0.1
5098,875,424.08,5,0.0
5098,924,349.43,10,0.0
5098,631,174.02,5,0.1
5098,19,429.44,7,0.05
5098,994,328.09,6,0.05
5099,432,181.19,9,0.2
5100,837,372.79,10,0.0
5100,795,234.17,7,0.15
5100,974,374.09,8,0.1
5100,832,353.77,5,0.1
5101,15,423.17,2,0.1
5101,991,245.6,10,0.15
5102,415,461.32,6,0.2
5103,105,499.0,5,0.1
5104,815,241.67,9,0.05
5105,230,400.74,7,0.2
5105,336,33.92,2,0.2
5105,44,78.14,3,0.15
5105,692,68.68,7,0.15
5106,212,454.82,4,0.1
5106,878,98.3,7,0.0
5107,473,498.72,8,0.05
5108,352,420.56,4,0.05
5108,344,398.55,7,0.0
5108,518,103.06,5,0.05
5108,69,414.29,1,0.0
5109,132,425.43,1,0.0
5109,219,91.37,4,0.0
5109,208,144.95,7,0.15
5109,662,369.77,1,0.15
5109,794,56.01,6,0.05
5110,116,47.98,7,0.1
5110,779,351.57,4,0.1
5111,182,371.82,8,0.1
5111,974,104.73,2,0.2
5111,861,136.73,4,0.05
5111,961,195.56,10,0.05
5112,353,83.55,10,0.15
5113,373,238.74,2,0.15
5113,975,198.16,10,0.05
5113,534,362.14,4,0.05
5114,99,381.5,9,0.2
5114,445,32.71,1,0.0
5115,160,413.58,6,0.1
5115,891,249.79,2,0.05
5115,86,474.48,6,0.0
5115,852,97.41,9,0.2
5115,718,103.31,4,0.1
5116,876,329.19,8,0.2
5117,608,451.75,5,0.1
5118,904,224.12,7,0.2
5118,485,380.05,7,0.05
5118,917,178.47,7,0.15
5119,105,247.9,3,0.0
5120,313,189.73,8,0.1
5120,999,69.85,8,0.1
5121,353,363.35,3,0.05
5121,884,497.28,1,0.05
5121,830,100.61,3,0.05
5121,634,123.18,8,0.0
5122,395,334.41,4,0.1
5122,319,458.89,10,0.2
5122,234,313.9,3,0.0
5122,223,42.37,6,0.05
5123,166,420.83,10,0.2
5123,453,114.04,1,0.15
5123,771,407.8,7,0.1
5123,865,71.58,2,0.0
5123,9,254.35,4,0.0
5124,80,29.66,2,0.0
5125,402,412.15,3,0.0
5125,37,162.56,6,0.15
5125,50,450.26,9,0.15
5126,92,278.67,10,0.1
5126,22,113.17,3,0.05
5126,206,235.09,9,0.05
5127,928,91.6,4,0.05
5127,188,160.68,9,0.2
5127,756,276.75,1,0.15
5127,615,388.75,7,0.2
5127,9,410.38,7,0.1
5128,485,162.82,10,0.1
5128,814,481.67,3,0.2
5128,409,287.74,5,0.15
5128,323,125.66,2,0.05
5129,351,136.99,5,0.2
5129,701,354.66,2,0.0
5129,243,209.04,9,0.1
5130,558,283.43,3,0.05
5130,698,114.61,5,0.1
5130,972,320.83,5,0.1
5130,124,232.51,5,0.2
5131,538,335.78,10,0.1
5131,364,157.59,6,0.0
5131,805,352.83,3,0.0
5132,475,374.04,2,0.1
5132,144,74.93,1,0.15
5132,636,41.47,4,0.2
5133,277,124.81,9,0.05
5134,413,204.31,3,0.05
5134,805,369.35,6,0.1
5134,289,139.33,3,0.1
5134,680,364.95,2,0.05
5135,177,413.81,8,0.15
5135,859,322.89,4,0.0
5135,987,472.47,8,0.2
5135,11,22.93,10,0.2
5136,262,284.06,3,0.0
5136,410,360.07,6,0.05
5137,119,333.06,10,0.05
5137,837,279.01,3,0.2
5137,614,468.08,10,0.0
5137,90,259.94,4,0.1
5137,780,16.45,4,0.2
5138,311,176.47,6,0.0
5138,545,201.69,2,0.1
5138,654,56.02,2,0.1
5138,962,213.11,8,0.2
5138,330,173.5,7,0.05
5139,481,468.02,7,0.05
5140,897,122.72,9,0.0
5140,733,479.6,5,0.1
5140,182,437.16,7,0.1
5140,318,50.81,5,0.2
5141,464,44.15,5,0.15
5141,352,377.3,4,0.2
5141,209,138.19,6,0.1
5141,666,173.49,1,0.0
5141,36,71.31,3,0.05
5142,930,312.36,9,0.2
5143,574,48.66,1,0.1
5143,103,439.24,4,0.0
5143,210,281.3,9,0.2
5144,25,353.69,3,0.05
5144,580,359.0,3,0.1
5145,829,254.91,7,0.2
5146,47,410.53,7,0.2
5146,840,108.65,9,0.05
5146,818,280.82,7,0.15
5146,938,229.7,1,0.0
5147,613,473.07,8,0.15
5148,336,427.65,10,0.15
5148,708,100.79,10,0.1
5149,19,116.52,6,0.05
5149,749,35.38,3,0.1
5149,119,118.66,4,0.15
5149,145,367.14,7,0.15
5149,93,294.93,8,0.0
5150,487,222.99,5,0.0
5150,650,113.16,2,0.1
5150,337,262.36,3,0.0
5150,938,46.28,5,0.1
5151,185,180.03,6,0.05
5151,20,89.74,7,0.2
5151,912,421.51,6,0.1
5151,882,10.39,7,0.2
5152,818,182.79,9,0.05
5152,377,366.36,1,0.15
5152,15,87.9,9,0.2
5153,801,107.66,10,0.05
5153,593,398.73,9,0.2
5153,591,368.12,7,0.15
5154,593,205.96,6,0.05
5154,542,269.82,5,0.1
5154,15,369.79,1,0.1
5154,101,95.59,4,0.15
5154,32,60.58,5,0.0
5155,849,124.44,8,0.0
5155,807,235.65,3,0.15
5155,956,456.98,3,0.0
5155,994,32.09,6,0.0
5156,666,153.96,1,0.15
5156,636,289.36,4,0.2
5157,486,423.95,1,0.1
5157,752,258.83,10,0.0
5157,575,469.79,10,0.0
5157,525,373.17,5,0.05
5158,570,266.13,1,0.1
5158,776,61.33,5,0.15
5158,458,484.24,5,0.0
5159,881,236.84,10,0.1
5159,776,425.08,2,0.1
5159,930,352.08,7,0.2
5159,803,298.5,3,0.05
5159,531,299.85,4,0.15
5160,35,266.51,1,0.1
5160,644,352.4,7,0.05
5160,65,122.58,10,0.2
5160,408,161.83,10,0.0
5160,568,159.34,6,0.2
5161,786,446.15,5,0.05
5161,978,238.96,7,0.15
5162,285,128.59,8,0.1
5162,105,459.64,7,0.15
5162,444,282.35,7,0.05
5162,345,345.1,2,0.15
5163,243,330.0,2,0.0
5163,407,479.11,9,0.1
5163,70,297.95,6,0.05
5164,73,67.66,9,0.15
5164,928,157.39,9,0.05
5164,507,164.11,4,0.1
5165,178,53.02,2,0.0
5165,333,23.26,9,0.2
5166,711,394.62,10,0.0
5166,121,142.23,1,0.0
5167,760,73.33,2,0.15
5168,479,284.45,6,0.15
5168,265,288.65,2,0.2
5168,718,436.22,5,0.05
5169,798,37.68,2,0.05
5169,513,136.2,9,0.05
5170,877,377.27,9,0.0
5170,799,377.22,1,0.2
5170,490,98.42,9,0.1
5171,276,350.02,3,0.1
5171,750,144.51,5,0.15
5171,198,39.77,3,0.15
5171,420,316.02,2,0.1
5172,409,307.21,3,0.0
5172,416,247.06,3,0.2
5172,447,234.97,3,0.05
5173,738,466.7,8,0.0
5174,901,111.96,5,0.1
5174,421,181.7,10,0.15
5174,965,473.53,1,0.2
5174,709,94.47,1,0.05
5174,247,477.66,6,0.15
5175,514,158.55,1,0.05
5175,48,230.86,4,0.15
5175,980,349.19,7,0.2
5175,142,485.08,5,0.2
5175,571,449.44,2,0.1
5176,614,233.29,2,0.1
5176,57,124.87,8,0.2
5176,271,91.7,1,0.15
5176,294,20.32,9,0.05
5177,700,81.81,1,0.0
5177,530,344.15,3,0.2
5178,550,246.04,9,0.05
5178,9,316.67,7,0.1
5178,432,319.45,4,0.0
5178,654,308.71,3,0.05
5179,124,261.87,2,0.15
5179,131,315.48,4,0.1
5180,839,95.52,3,0.05
5180,223,91.55,3,0.05
5180,793,159.44,3,0.1
5180,995,44.99,7,0.0
5180,927,262.72,9,0.2
5181,261,381.15,10,0.2
5182,555,91.71,3,0.05
5182,961,346.02,4,0.05
5182,686,96.46,5,0.15
5183,123,227.91,1,0.2
5183,617,356.53,9,0.15
5183,598,106.44,2,0.05
5183,581,325.15,8,0.1
5184,83,137.38,6,0.1
5184,798,136.1,3,0.05
5185,29,139.42,9,0.2
5185,732,460.01,10,0.15
5185,53,403.05,5,0.05
5185,895,455.2,6,0.2
5186,206,134.0,6,0.0
5186,33,267.08,8,0.1
5186,224,424.84,3,0.0
5186,504,378.36,1,0.15
5187,851,327.58,9,0.05
5188,655,475.95,8,0.05
5189,765,382.62,9,0.1
5189,681,294.96,8,0.15
5189,391,477.94,6,0.15
5189,495,421.84,4,0.05
5190,228,254.42,10,0.0
5190,514,100.33,9,0.2
5190,217,458.12,5,0.0
5191,448,151.83,8,0.15
5191,609,383.41,10,0.05
5191,749,237.03,9,0.0
5192,761,451.73,8,0.2
5192,693,319.67,3,0.1
5193,37,183.06,3,0.1
5193,901,331.94,8,0.1
5193,589,219.08,8,0.05
5193,817,450.0,8,0.05
5193,629,36.64,8,0.0
5194,116,228.64,6,0.1
5195,466,245.16,6,0.0
5195,471,31.14,7,0.15
5195,894,360.58,5,0.1
5195,302,348.91,10,0.2
5196,44,70.99,7,0.15
5196,805,317.66,9,0.2
5196,727,35.63,1,0.05
5196,503,488.77,10,0.05
5196,972,117.36,1,0.0
5197,220,271.39,2,0.1
5197,230,356.36,1,0.05
5197,310,312.34,4,0.0
5197,124,390.88,4,0.2
5197,920,472.17,1,0.05
5198,276,415.17,4,0.15
5198,211,370.47,2,0.05
5198,108,466.53,10,0.1
5199,814,389.71,9,0.2
5200,111,353.87,10,0.2
5200,790,236.61,3,0.05
5200,632,324.65,3,0.15
5200,555,267.34,10,0.2
5200,511,80.19,9,0.05
5201,865,293.2,1,0.15
5201,553,97.47,5,0.15
5201,406,416.94,9,0.15
5201,216,456.22,1,0.05
5201,896,275.99,7,0.2
5202,936,290.0,5,0.2
5203,492,196.11,10,0.2
5203,41,377.39,5,0.1
5203,479,414.43,10,0.0
5203,665,68.8,6,0.0
5204,109,178.09,3,0.15
5205,331,445.05,4,0.0
5205,343,370.91,9,0.0
5206,507,95.95,4,0.0
5206,139,74.3,8,0.05
5206,346,247.55,6,0.05
5206,516,66.17,6,0.05
5206,309,248.7,3,0.05
5207,887,69.08,5,0.05
5208,70,198.02,4,0.2
5208,746,87.76,8,0.15
5208,396,380.98,10,0.15
5209,477,238.42,10,0.2
5209,452,353.2,7,0.0
5210,194,157.59,7,0.1
5210,720,322.82,8,0.1
5210,948,449.33,1,0.2
5211,812,348.43,9,0.15
5211,552,392.83,10,0.2
5211,238,249.97,7,0.1
5211,266,380.75,7,0.05
5212,129,245.34,4,0.15
5212,579,386.58,6,0.05
5212,96,380.51,10,0.0
5212,782,457.9,9,0.0
5212,510,51.84,1,0.0
5213,494,426.33,8,0.2
5214,997,67.29,9,0.05
5214,899,368.9,4,0.15
5215,73,247.49,1,0.05
5215,601,456.66,3,0.1
5215,553,37.71,9,0.0
5216,204,88.84,5,0.1
5216,237,438.08,5,0.1
5216,640,365.97,5,0.1
5216,691,456.97,3,0.15
5216,154,264.16,8,0.2
5217,298,400.56,8,0.0
5217,290,233.25,1,0.15
5218,572,387.65,5,0.05
5218,397,434.98,7,0.0
5218,461,117.16,7,0.2
5218,583,487.09,3,0.05
5219,385,74.15,10,0.05
5219,88,456.87,9,0.15
5219,842,263.72,8,0.2
5219,575,24.25,2,0.05
5220,79,89.06,7,0.05
5220,181,164.87,9,0.0
5220,970,189.02,8,0.0
5220,85,26.47,7,0.05
5220,966,93.53,6,0.0
5221,205,400.52,9,0.1
5221,197,152.4,8,0.05
5221,325,400.8,3,0.2
5221,430,134.53,2,0.05
5221,134,183.87,3,0.0
5222,272,130.33,1,0.2
5223,554,86.76,2,0.05
5224,494,204.7,7,0.15
5224,937,456.73,8,0.2
5224,633,111.05,4,0.0
5225,174,34.6,10,0.05
5225,612,439.02,8,0.1
5225,764,49.38,8,0.15
5225,273,444.4,9,0.1
5226,116,359.36,7,0.15
5226,311,286.05,2,0.2
5226,755,152.38,6,0.0
5226,669,315.59,1,0.2
5226,105,363.65,5,0.2
5227,359,174.63,10,0.1
5227,256,29.21,7,0.2
5227,809,152.11,6,0.2
5227,526,425.26,5,0.0
5228,49,419.47,6,0.05
5229,464,312.43,3,0.05
5229,725,433.23,6,0.15
5229,834,394.84,6,0.0
5229,998,73.09,3,0.1
5229,623,312.33,2,0.05
5230,982,92.68,5,0.1
5230,487,341.95,10,0.1
5231,641,343.67,8,0.2
5231,13,165.43,3,0.1
5231,254,133.17,7,0.15
5232,153,226.45,8,0.2
5232,244,103.72,1,0.15
5232,634,166.48,2,0.15
5232,385,108.77,1,0.15
5233,186,314.54,5,0.0
5233,415,308.35,10,0.0
5233,773,234.9,8,0.05
5233,495,93.22,2,0.15
5234,281,205.98,5,0.1
5234,546,158.82,1,0.05
5234,16,301.6,10,0.1
5234,223,197.34,1,0.1
5235,288,142.93,3,0.05
5235,574,273.49,6,0.15
5235,308,26.63,3,0.05
5235,73,420.33,4,0.1
5235,655,452.3,2,0.15
5236,900,321.02,4,0.15
5236,962,314.61,9,0.0
5236,524,181.56,5,0.15
5237,486,12.93,5,0.05
5238,687,248.6,10,0.05
5238,715,49.39,3,0.15
5238,108,465.34,2,0.0
5239,690,108.48,2,0.1
5239,844,228.96,10,0.15
5239,270,60.95,3,0.15
5239,335,174.52,9,0.2
5239,407,358.62,10,0.15
5240,344,166.81,8,0.2
5240,518,304.53,8,0.2
5240,834,467.24,2,0.15
5241,528,208.28,2,0.0
5241,651,291.44,9,0.2
5241,45,228.24,5,0.15
5241,639,105.13,3,0.0
5242,656,168.24,6,0.15
5242,464,149.74,8,0.15
5242,522,21.44,1,0.2
5242,784,387.25,6,0.1
5243,739,274.74,6,0.15
5243,520,148.95,4,0.05
5243,686,428.24,6,0.1
5243,196,50.33,2,0.1
5243,320,218.64,3,0.15
5244,53,324.79,7,0.05
5244,936,200.97,10,0.2
5244,87,273.51,9,0.0
5244,953,412.89,3,0.15
5245,154,134.87,4,0.0
5245,28,216.96,5,0.15
5245,47,29.14,7,0.1
5245,572,286.42,4,0.05
5245,334,126.99,6,0.1
5246,216,403.0,4,0.0
5246,528,139.08,4,0.05
5246,534,185.25,5,0.2
5246,207,169.1,10,0.05
5246,744,255.83,3,0.0
5247,440,136.76,10,0.15
5247,446,458.9,2,0.0
5247,330,288.02,1,0.05
5247,213,423.68,2,0.0
5248,21,110.56,3,0.15
5249,420,284.76,9,0.2
5249,870,414.25,5,0.1
5249,93,350.1,10,0.0
5249,478,201.83,3,0.15
5250,797,82.38,10,0.1
5250,424,467.58,3,0.1
5250,354,40.59,2,0.05
5250,4,75.22,10,0.0
5251,980,109.35,6,0.2
5251,207,490.3,3,0.15
5251,378,45.79,10,0.15
5252,764,194.22,5,0.05
5252,404,306.96,4,0.05
5252,930,269.96,2,0.0
5252,120,384.28,8,0.0
5253,450,235.87,5,0.1
5254,21,495.4,7,0.1
5254,553,291.51,8,0.1
5254,227,14.67,9,0.05
5254,304,56.63,3,0.05
5255,119,166.24,4,0.1
5255,878,303.29,7,0.05
5256,858,250.11,2,0.0
5257,464,61.25,2,0.15
5257,357,147.3,7,0.15
5258,702,476.22,10,0.15
5258,592,340.24,4,0.05
5258,574,228.17,7,0.0
5258,192,88.09,9,0.1
5258,941,350.94,7,0.05
5259,376,331.21,1,0.0
5259,944,79.17,10,0.2
5259,365,406.42,5,0.2
5260,357,451.42,10,0.1
5260,133,125.95,1,0.0
5260,330,389.13,7,0.1
5260,196,143.07,8,0.0
5260,907,175.0,10,0.1
5261,370,297.83,2,0.1
5261,695,163.39,2,0.0
5261,679,77.04,4,0.2
5262,683,45.69,7,0.0
5262,488,425.35,3,0.0
5262,2,79.18,2,0.0
5262,647,26.61,7,0.2
5262,463,247.72,8,0.1
5263,83,449.97,9,0.1
5263,42,280.1,6,0.1
5264,356,471.42,7,0.2
5264,694,198.05,3,0.05
5265,633,476.84,6,0.1
5265,57,148.77,2,0.15
5266,19,180.12,7,0.15
5267,615,80.35,4,0.15
5267,750,379.49,1,0.15
5268,854,196.15,9,0.15
5269,733,173.87,9,0.05
5269,247,474.02,10,0.1
5270,474,439.49,3,0.0
5271,476,29.51,9,0.05
5271,495,351.86,8,0.15
5271,24,73.58,4,0.05
5272,352,87.23,5,0.05
5272,219,283.67,3,0.15
5272,560,383.67,3,0.05
5273,60,394.33,5,0.2
5273,436,113.35,4,0.05
5273,893,448.74,4,0.0
5274,267,448.93,7,0.1
5275,495,475.04,4,0.2
5275,373,37.54,10,0.1
5275,950,372.43,2,0.2
5275,798,164.53,3,0.0
5276,599,61.51,1,0.0
5276,507,349.15,1,0.1
5277,222,188.15,1,0.2
5277,224,274.31,10,0.2
5277,37,448.54,4,0.1
5278,680,294.15,7,0.0
5279,747,269.22,8,0.15
5280,299,170.4,5,0.05
5280,683,89.75,3,0.15
5280,540,225.52,9,0.1
5280,402,239.1,6,0.15
5280,383,422.32,5,0.1
5281,596,252.19,6,0.0
5281,180,52.35,4,0.05
5282,134,414.12,5,0.2
5282,725,146.87,3,0.05
5282,418,54.18,7,0.0
5283,984,259.51,2,0.1
5283,913,308.45,8,0.0
5283,364,347.63,3,0.0
5283,179,368.27,4,0.1
5283,196,233.71,8,0.15
5284,226,152.05,4,0.2
5284,124,197.79,4,0.15
5284,182,81.81,4,0.0
5284,260,460.74,6,0.1
5284,52,110.0,8,0.05
5285,935,328.59,4,0.0
5285,495,437.91,7,0.1
5285,480,488.48,6,0.2
5286,465,403.89,6,0.1
5286,904,462.66,7,0.2
5287,70,281.57,8,0.05
5287,354,321.33,4,0.15
5287,693,379.07,6,0.2
5287,653,466.16,5,0.1
5287,902,322.4,3,0.2
5288,875,239.06,2,0.2
5288,728,20.34,6,0.0
5288,205,165.25,2,0.0
5288,419,465.55,6,0.1
5288,545,188.27,2,0.0
5289,954,316.54,2,0.2
5289,307,265.38,10,0.15
5289,826,443.93,2,0.1
5289,610,281.86,10,0.0
5290,500,45.24,9,0.15
5291,607,452.9,2,0.05
5291,468,442.28,9,0.05
5292,365,381.58,3,0.1
5293,62,33.8,2,0.0
5293,400,207.85,8,0.15
5294,11,384.28,7,0.2
5294,352,395.75,2,0.2
5294,273,411.65,5,0.15
5294,253,50.95,1,0.05
5294,342,336.41,3,0.15
5295,33,470.95,8,0.05
5296,349,231.31,10,0.05
5296,973,69.01,3,0.05
5297,827,491.05,5,0.2
5298,578,169.07,5,0.05
5298,782,497.05,2,0.15
5298,844,77.46,2,0.0
5298,652,326.56,5,0.15
5298,63,112.67,2,0.0
5299,709,232.9,1,0.0
5299,396,287.51,8,0.2
5299,781,470.39,4,0.1
5299,910,19.8,6,0.1
5299,748,461.81,6,0.2
5300,112,62.24,2,0.05
5300,561,185.92,8,0.0
5301,595,60.63,6,0.0
5301,512,466.88,5,0.0
5301,198,230.29,7,0.1
5301,263,378.09,8,0.0
5301,843,328.38,7,0.05
5302,277,64.22,2,0.1
5302,197,440.07,4,0.2
5302,419,147.91,1,0.15
5302,562,417.02,1,0.15
5302,707,384.6,5,0.1
5303,284,96.63,3,0.15
5303,338,362.69,7,0.0
5303,549,73.52,9,0.0
5303,309,217.54,7,0.15
5303,56,71.98,3,0.15
5304,197,149.03,5,0.1
5304,770,445.53,2,0.2
5304,745,28.74,8,0.15
5304,748,155.59,3,0.0
5304,838,368.96,1,0.2
5305,16,112.21,5,0.1
5305,426,107.95,8,0.0
5306,700,338.42,5,0.05
5307,456,498.68,5,0.05
5307,897,407.52,8,0.05
5307,745,175.43,5,0.2
5308,129,264.9,9,0.05
5308,319,91.28,6,0.05
5308,535,174.96,3,0.05
5308,430,229.17,8,0.1
5309,656,122.73,5,0.15
5309,594,438.42,4,0.15
5309,8,444.56,6,0.2
5309,198,442.05,8,0.1
5310,167,396.41,3,0.0
5310,187,26.44,5,0.0
5311,220,485.63,3,0.0
5311,678,101.99,9,0.15
5312,567,192.74,4,0.1
5312,309,419.46,1,0.05
5313,322,335.02,7,0.05
5314,204,147.11,4,0.15
5314,413,437.0,9,0.15
5314,387,368.06,5,0.2
5314,426,44.74,10,0.15
5314,580,275.58,6,0.0
5315,727,449.12,5,0.1
5315,659,365.62,4,0.05
5316,400,164.47,5,0.05
5316,510,275.4,2,0.2
5316,195,327.19,9,0.15
5316,504,63.31,7,0.15
5316,874,122.49,5,0.05
5317,830,176.19,2,0.15
5317,36,260.22,5,0.2
5317,618,398.89,8,0.0
5317,84,380.53,5,0.2
5317,100,65.77,5,0.0
5318,381,204.4,2,0.05
5318,659,464.83,7,0.15
5318,277,345.3,5,0.2
5318,506,446.71,8,0.1
5319,357,108.15,4,0.1
5319,104,468.65,7,0.05
5320,222,169.35,6,0.0
5320,227,173.98,9,0.05
5320,310,85.88,4,0.0
5320,683,301.02,5,0.15
5320,616,206.55,6,0.2
5321,459,188.38,7,0.0
5321,419,92.21,10,0.2
5321,758,344.87,4,0.1
5321,839,136.54,5,0.15
5322,818,294.91,4,0.2
5322,594,297.67,6,0.05
5322,864,425.38,2,0.1
5322,394,324.88,4,0.15
5323,772,323.2,3,0.2
5323,347,33.37,4,0.0
5324,719,201.49,9,0.15
5325,707,139.16,8,0.2
5325,271,493.58,9,0.15
5325,908,107.71,1,0.15
5325,846,41.02,2,0.0
5326,632,66.17,9,0.05
5326,260,203.01,10,0.15
5326,258,471.61,2,0.2
5326,858,360.32,8,0.0
5327,352,121.86,10,0.2
5328,275,181.86,5,0.0
5328,976,293.06,10,0.2
5328,839,295.7,10,0.2
5328,22,320.11,2,0.0
5329,296,162.64,3,0.15
5329,173,162.04,5,0.1
5329,400,50.12,3,0.05
5329,82,266.69,6,0.2
5330,659,235.5,9,0.0
5330,796,34.23,4,0.1
5330,931,231.92,5,0.05
5330,224,455.25,9,0.2
5330,666,490.66,1,0.0
5331,662,465.14,5,0.15
5331,890,27.89,2,0.05
5331,597,275.62,6,0.1
5332,589,234.21,3,0.15
5332,744,389.59,4,0.0
5332,817,329.65,1,0.2
5332,979,44.93,9,0.15
5332,656,224.35,1,0.1
5333,756,185.93,8,0.2
5333,593,19.04,4,0.1
5334,687,418.9,5,0.05
5334,48,375.35,9,0.05
5334,851,118.89,6,0.2
5335,287,247.76,10,0.0
5335,828,273.48,7,0.1
5335,546,483.36,9,0.1
5335,515,47.17,3,0.0
5335,933,82.82,5,0.2
5336,36,325.16,8,0.0
5336,359,355.97,3,0.15
5336,617,80.17,6,0.05
5336,917,201.76,4,0.15
5337,114,130.43,9,0.2
5338,60,60.29,7,0.05
5338,725,420.34,9,0.1
5338,329,253.77,6,0.1
5338,481,256.85,1,0.0
5339,441,193.92,10,0.1
5339,262,262.09,9,0.1
5339,422,208.41,1,0.0
5339,121,222.97,7,0.2
5339,274,175.9,7,0.15
5340,540,369.32,5,0.2
5340,618,230.75,6,0.05
5340,341,310.45,1,0.05
5340,237,324.3,2,0.2
5341,577,20.58,9,0.15
5341,214,492.32,6,0.15
5341,129,440.69,5,0.05
5341,388,435.03,4,0.15
5341,750,272.18,8,0.2
5342,691,117.11,2,0.15
5343,564,222.32,9,0.2
5344,468,149.6,7,0.0
5345,41,420.0,6,0.1
5345,258,170.02,6,0.15
5346,227,379.14,7,0.05
5346,707,487.92,9,0.0
5346,395,112.34,10,0.05
5346,768,400.18,3,0.05
5347,882,453.6,3,0.0
5347,60,37.76,8,0.2
5348,563,158.1,9,0.15
5348,835,285.78,4,0.15
5348,191,364.29,2,0.05
5348,926,123.56,6,0.15
5348,32,418.42,10,0.05
5349,645,180.04,1,0.0
5349,483,97.58,3,0.2
5349,726,418.12,10,0.05
5349,755,313.35,1,0.0
5350,215,17.1,5,0.1
5350,455,442.86,5,0.0
5351,911,469.08,5,0.2
5351,330,322.87,2,0.05
5351,51,305.95,9,0.05
5351,947,106.19,7,0.2
5351,742,217.04,5,0.2
5352,560,82.41,7,0.2
5352,861,119.89,4,0.2
5353,705,19.44,4,0.05
5354,203,377.28,4,0.15
5354,851,44.38,1,0.1
5354,241,254.48,7,0.0
5354,940,306.86,6,0.15
5354,445,52.74,6,0.2
5355,518,64.49,2,0.0
5356,717,151.34,3,0.2
5356,979,100.35,4,0.0
5356,625,373.81,8,0.2
5356,617,293.92,6,0.2
5357,216,41.48,1,0.2
5357,660,303.6,9,0.0
5357,666,460.09,8,0.05
5357,151,122.54,3,0.15
5357,43,157.0,8,0.2
5358,821,54.42,5,0.1
5358,36,70.58,9,0.2
5359,315,470.73,5,0.05
5359,780,176.25,8,0.1
5360,274,381.46,2,0.15
5360,613,255.57,9,0.1
5361,767,115.42,3,0.2
5361,512,338.47,4,0.0
5361,45,37.09,2,0.1
5361,160,225.19,2,0.2
5362,11,153.16,4,0.2
5363,788,95.73,4,0.1
5363,592,451.13,1,0.05
5363,721,491.71,5,0.05
5363,830,180.62,6,0.2
5364,209,194.51,3,0.15
5364,109,421.38,5,0.1
5364,58,448.87,9,0.15
5364,939,398.71,8,0.15
5365,626,463.87,9,0.15
5365,425,353.94,10,0.15
5365,90,71.42,1,0.1
5365,707,93.37,10,0.15
5365,481,189.81,9,0.0
5366,972,55.81,5,0.0
5367,740,24.24,3,0.1
5368,651,178.82,2,0.15
5368,184,212.65,3,0.1
5368,217,449.09,6,0.05
5368,49,447.2,9,0.2
5368,397,22.81,1,0.1
5369,932,188.7,7,0.2
5369,427,21.79,1,0.2
5369,965,157.28,10,0.1
5369,26,332.51,2,0.15
5369,844,376.59,1,0.1
5370,827,382.25,8,0.05
5370,51,421.45,9,0.15
5371,557,72.17,4,0.05
5371,842,91.05,9,0.1
5371,452,154.82,4,0.05
5371,340,342.58,6,0.2
5371,951,329.54,3,0.0
5372,221,245.36,8,0.0
5373,146,126.97,4,0.1
5374,143,431.49,7,0.05
5374,204,239.54,2,0.1
5374,339,241.95,1,0.2
5374,824,470.0,9,0.05
5374,880,92.0,7,0.0
5375,99,162.69,6,0.1
5375,390,117.72,5,0.2
5375,103,455.89,9,0.2
5376,861,414.09,6,0.15
5376,315,367.3,7,0.1
5377,201,37.66,1,0.05
5377,237,451.2,1,0.1
5378,797,334.69,6,0.05
5378,84,178.16,7,0.05
5378,513,305.14,6,0.2
5378,122,335.15,10,0.2
5378,369,145.24,2,0.2
5379,793,468.04,4,0.05
5379,246,42.93,10,0.05
5379,454,351.62,7,0.1
5380,413,177.1,1,0.05
5380,795,446.81,1,0.2
5380,565,18.84,4,0.2
5381,774,410.24,10,0.05
5381,508,230.46,6,0.0
5381,977,114.05,3,0.1
5382,334,344.8,10,0.0
5382,78,134.96,2,0.05
5382,560,31.85,5,0.0
5382,194,367.19,10,0.2
5383,282,12.71,8,0.0
5383,19,402.77,7,0.0
5384,754,25.28,4,0.0
5385,825,307.37,10,0.15
5385,248,109.43,2,0.1
5385,317,186.11,4,0.2
5385,853,395.21,6,0.05
5386,507,491.21,3,0.2
5387,103,333.82,5,0.0
5387,815,449.84,1,0.0
5387,190,76.01,10,0.05
5387,958,252.07,6,0.2
5388,546,121.7,1,0.0
5389,149,241.74,5,0.0
5389,575,488.33,9,0.2
5390,381,263.23,5,0.05
5390,661,458.49,6,0.0
5390,500,317.85,1,0.05
5390,721,404.24,5,0.05
5391,652,157.77,3,0.2
5392,305,470.61,5,0.1
5392,75,250.69,10,0.05
5392,397,247.61,10,0.15
5392,740,309.94,4,0.2
5392,239,339.15,3,0.0
5393,378,419.53,6,0.15
5393,849,12.73,5,0.1
5393,83,435.06,4,0.05
5394,297,117.37,10,0.1
5395,115,459.72,3,0.15
5395,371,263.08,5,0.1
5395,926,118.04,8,0.05
5395,581,64.58,5,0.0
5395,576,79.96,1,0.05
5396,52,277.03,1,0.05
5397,93,16.11,6,0.1
5397,72,487.43,8,0.2
5397,119,398.4,3,0.0
5397,659,427.42,4,0.1
5397,307,257.92,5,0.05
5398,342,114.5,5,0.15
5399,914,398.46,3,0.05
5399,364,281.76,9,0.2
5399,22,283.58,7,0.0
5400,971,329.94,10,0.1
5400,469,345.22,9,0.0
5401,232,80.33,8,0.0
5401,811,160.71,4,0.1
5401,851,178.18,3,0.2
5401,839,159.68,9,0.15
5402,780,319.57,9,0.15
5402,934,96.83,4,0.05
5403,538,384.52,3,0.15
5403,229,39.67,10,0.1
5404,898,78.9,5,0.0
5404,903,88.39,6,0.1
5405,332,284.26,1,0.05
5405,632,125.46,4,0.0
5405,185,24.27,2,0.2
5405,269,183.59,5,0.2
5405,376,367.59,6,0.0
5406,242,265.76,3,0.15
5406,676,120.46,5,0.2
5406,529,32.61,10,0.1
5407,510,435.07,2,0.05
5407,94,415.12,3,0.1
5407,547,382.22,7,0.05
5408,740,149.66,7,0.0
5409,222,137.71,4,0.05
5409,360,241.32,3,0.1
5410,356,377.56,7,0.05
5410,774,152.49,9,0.0
5410,842,451.67,2,0.1
5411,466,37.69,8,0.1
5411,681,286.63,3,0.05
5411,114,313.32,7,0.15
5411,572,186.71,9,0.1
5412,655,136.91,10,0.0
5413,776,489.9,5,0.1
5413,864,332.27,5,0.1
5413,943,211.63,10,0.2
5413,185,83.58,6,0.0
5413,786,249.04,4,0.05
5414,852,213.58,4,0.1
5414,707,380.3,4,0.15
5414,818,65.0,2,0.1
5414,237,203.13,1,0.15
5415,665,433.35,10,0.1
5416,212,388.03,9,0.15
5416,826,116.31,4,0.0
5416,22,34.35,7,0.1
5416,264,347.12,8,0.1
5416,176,243.76,5,0.2
5417,406,250.35,6,0.05
5417,403,58.69,1,0.2
5418,306,91.82,9,0.2
5418,48,233.49,5,0.0
5419,217,109.73,10,0.15
5419,784,147.02,10,0.05
5419,859,188.28,10,0.1
5419,703,435.25,3,0.0
5419,600,373.52,5,0.05
5420,137,424.16,9,0.2
5420,852,305.54,3,0.15
5420,424,369.96,1,0.0
5420,466,112.18,2,0.2
5421,423,199.84,4,0.05
5422,124,370.84,8,0.15
5422,719,494.12,10,0.1
5423,306,140.02,8,0.05
5424,787,147.24,4,0.05
5425,749,394.53,8,0.2
5425,805,59.6,7,0.05
5425,397,235.49,3,0.1
5425,603,129.9,7,0.0
5426,227,270.02,3,0.05
5426,40,357.25,9,0.2
5426,477,438.92,8,0.2
5426,604,250.41,4,0.1
5427,227,63.14,8,0.2
5427,638,449.92,2,0.15
5427,190,79.57,10,0.2
5427,77,243.9,4,0.1
5428,951,33.46,10,0.15
5429,307,392.58,7,0.2
5429,308,178.16,1,0.0
5430,302,233.75,10,0.05
5430,460,296.85,7,0.0
5430,632,200.1,7,0.05
5430,693,454.78,10,0.0
5430,268,276.87,10,0.05
5431,404,327.23,7,0.15
5431,553,231.94,7,0.05
5431,903,315.52,7,0.05
5431,393,433.16,3,0.15
5431,238,126.95,1,0.0
5432,370,14.43,9,0.1
5432,377,65.98,4,0.2
5432,12,123.4,9,0.2
5432,263,34.93,2,0.15
5433,939,276.58,3,0.0
5433,153,407.17,8,0.2
5433,813,15.89,8,0.15
5434,673,206.98,9,0.05
5434,515,193.1,2,0.15
5434,744,218.93,1,0.05
5434,550,280.61,1,0.05
5434,697,446.23,9,0.0
5435,175,482.37,5,0.1
5435,928,422.07,7,0.0
5436,334,415.52,9,0.15
5436,95,205.02,3,0.15
5436,485,183.88,8,0.0
5436,716,156.37,4,0.2
5437,206,106.88,9,0.1
5437,202,22.39,10,0.0
5437,773,101.75,7,0.2
5437,585,48.07,7,0.1
5437,180,292.24,6,0.15
5438,999,227.68,6,0.2
5438,903,280.9,5,0.0
5438,304,342.75,8,0.0
5438,172,364.1,6,0.1
5439,159,75.37,5,0.15
5439,50,347.05,3,0.2
5439,771,475.72,8,0.2
5439,636,413.0,8,0.0
5440,619,220.41,9,0.0
5440,862,250.16,2,0.0
5440,960,24.08,2,0.15
5440,80,288.85,8,0.15
5440,719,197.72,1,0.0
5441,164,22.2,4,0.15
5441,15,160.9,3,0.05
5442,171,98.53,1,0.2
5442,140,162.29,3,0.1
5442,255,486.18,7,0.05
5442,352,320.35,2,0.05
5442,328,373.0,1,0.05
5443,265,411.99,10,0.1
5443,833,61.9,4,0.2
5443,663,395.65,6,0.1
5444,164,163.44,8,0.15
5444,338,166.55,10,0.2
5444,712,117.94,5,0.2
5445,27,330.79,3,0.15
5445,849,82.28,10,0.15
5445,614,191.66,8,0.05
5446,992,367.37,4,0.0
5447,710,14.91,2,0.1
5447,202,125.8,3,0.2
5447,876,255.2,6,0.2
5448,637,332.88,1,0.15
5448,297,302.87,9,0.0
5448,464,280.48,3,0.05
5448,41,396.2,8,0.0
5448,615,39.34,5,0.2
5449,507,57.12,2,0.05
5450,260,311.05,7,0.2
5450,435,450.7,8,0.2
5450,554,163.92,1,0.05
5450,980,303.41,3,0.15
5451,633,103.64,9,0.15
5451,807,173.11,9,0.2
5451,39,177.03,5,0.05
5451,345,495.04,10,0.15
5452,236,288.5,8,0.15
5453,238,261.76,1,0.1
5453,966,453.34,5,0.05
5454,669,451.44,7,0.2
5454,930,444.54,5,0.0
5455,843,139.37,3,0.05
5456,955,26.44,9,0.15
5456,15,188.49,7,0.05
5457,962,137.17,8,0.2
5457,229,42.81,4,0.1
5458,919,41.17,5,0.15
5458,96,325.93,7,0.15
5459,879,117.53,6,0.0
5459,920,357.06,5,0.0
5459,499,173.35,7,0.0
5460,952,96.99,4,0.05
5460,195,66.74,10,0.15
5460,886,290.49,3,0.1
5460,89,490.79,7,0.0
5461,281,321.96,4,0.0
5461,50,29.15,6,0.15
5461,234,265.15,5,0.0
5461,336,429.36,3,0.15
5462,278,201.59,8,0.1
5462,58,138.73,4,0.05
5463,199,457.23,2,0.1
5463,736,464.87,9,0.2
5463,727,74.6,10,0.2
5463,6,109.05,10,0.05
5464,78,120.0,8,0.0
5464,784,133.99,6,0.0
5465,664,210.73,1,0.15
5465,527,90.54,5,0.05
5466,421,78.36,8,0.05
5467,344,291.0,2,0.2
5467,127,226.4,3,0.2
5467,142,368.44,6,0.2
5468,512,68.54,1,0.05
5468,640,241.69,7,0.05
5468,738,485.1,5,0.2
5468,248,463.91,7,0.1
5469,937,269.65,1,0.15
5469,764,307.01,6,0.1
5469,98,394.32,3,0.0
5469,137,61.65,10,0.1
5470,81,429.75,6,0.15
5470,408,406.56,8,0.2
5471,629,61.23,5,0.0
5471,455,65.59,3,0.2
5471,773,82.23,9,0.2
5472,9,142.31,4,0.2
5473,642,230.97,7,0.1
5473,186,347.56,6,0.1
5473,260,482.85,1,0.2
5474,331,263.65,6,0.2
5474,268,261.99,1,0.15
5474,554,291.13,5,0.05
5475,804,274.54,10,0.2
5475,562,293.22,10,0.2
5475,487,434.49,5,0.1
5475,528,423.98,7,0.0
5475,541,81.57,7,0.2
5476,585,321.51,10,0.1
5477,354,342.99,3,0.0
5478,540,458.23,8,0.15
5478,588,254.4,1,0.2
5478,633,478.25,9,0.0
5478,19,171.56,1,0.05
5478,192,485.16,4,0.05
5479,977,400.79,8,0.15
5479,397,39.7,3,0.2
5480,593,274.97,2,0.05
5480,140,468.94,8,0.2
5480,362,319.73,4,0.05
5480,240,193.14,4,0.05
5481,533,259.54,5,0.0
5481,776,158.88,2,0.15
5481,575,94.67,5,0.05
5482,100,339.15,2,0.0
5482,132,374.76,6,0.1
5483,318,261.99,6,0.0
5483,663,81.4,5,0.15
5483,943,352.09,1,0.0
5484,852,11.73,2,0.05
5484,547,446.11,8,0.2
5484,96,424.54,8,0.05
5484,902,17.24,10,0.1
5485,723,158.73,7,0.0
5486,195,37.94,1,0.05
5486,887,321.06,5,0.0
5486,506,149.05,1,0.0
5486,177,87.52,8,0.2
5487,978,356.78,4,0.1
5487,435,107.99,2,0.1
5487,986,175.19,1,0.0
5488,615,133.12,2,0.05
5488,17,269.16,7,0.2
5489,439,197.87,7,0.2
5489,469,483.85,9,0.05
5489,450,197.57,4,0.05
5489,354,27.04,5,0.2
5490,417,258.63,6,0.05
5491,906,295.34,10,0.2
5492,705,267.32,1,0.0
5493,390,262.43,1,0.05
5493,116,243.42,4,0.2
5493,951,73.41,7,0.15
5494,800,348.01,7,0.1
5494,237,87.27,1,0.2
5494,92,406.71,3,0.05
5494,313,79.27,5,0.05
5494,993,315.87,10,0.15
5495,998,229.42,8,0.05
5495,736,475.09,4,0.15
5495,688,86.92,10,0.05
5496,170,77.74,1,0.15
5496,665,45.24,7,0.2
5496,89,326.38,7,0.0
5496,253,185.21,10,0.05
5496,237,456.61,5,0.1
5497,947,189.54,7,0.2
5498,683,197.35,7,0.2
5498,537,56.44,5,0.05
5498,172,318.03,9,0.0
5499,784,284.59,1,0.05
5499,348,166.82,7,0.05
5500,614,226.8,8,0.15
5501,307,368.99,1,0.1
5502,273,151.42,7,0.1
5502,112,193.85,7,0.0
5503,57,130.68,1,0.15
5503,263,88.5,8,0.15
5503,414,447.65,1,0.1
5503,305,389.94,4,0.0
5504,632,245.52,9,0.05
5504,721,236.48,8,0.15
5505,813,119.89,8,0.15
5505,740,456.39,3,0.1
5505,618,388.21,3,0.1
5505,801,92.75,9,0.1
5506,181,424.81,8,0.15
5507,137,379.49,9,0.05
5508,999,418.92,10,0.2
5508,109,434.65,9,0.15
5508,164,229.66,10,0.2
5508,287,423.49,9,0.0
5509,320,356.34,2,0.05
5509,710,424.98,6,0.15
5509,875,482.24,1,0.1
5509,39,457.35,9,0.15
5509,417,241.38,4,0.05
5510,811,202.45,5,0.2
5510,534,45.14,7,0.05
5510,960,145.19,2,0.15
5511,938,105.17,9,0.15
5511,402,447.36,2,0.05
5511,631,22.55,5,0.0
5512,811,22.9,8,0.2
5512,132,216.33,5,0.15
5512,515,385.47,1,0.0
5513,969,460.49,3,0.05
5513,596,104.62,3,0.15
5513,385,496.22,7,0.1
5513,142,386.46,9,0.0
5514,832,274.63,6,0.15
5514,484,347.88,4,0.1
5515,884,328.39,2,0.05
5515,232,298.31,1,0.1
5515,375,186.1,10,0.15
5516,725,183.47,10,0.1
5516,565,77.59,1,0.1
5517,59,146.0,6,0.0
5518,751,205.59,7,0.15
5519,383,282.52,1,0.2
5520,583,137.91,10,0.2
5520,161,51.76,9,0.2
5520,657,130.62,3,0.1
5521,58,211.74,7,0.15
5521,173,485.73,1,0.05
5521,114,410.84,10,0.05
5521,110,267.08,2,0.1
5522,519,445.41,10,0.0
5522,621,415.04,8,0.2
5522,404,64.09,6,0.1
5522,934,341.12,9,0.05
5522,359,483.45,2,0.0
5523,248,119.05,7,0.15
5523,572,383.3,5,0.1
5523,226,299.25,5,0.15
5524,235,154.28,3,0.15
5524,54,471.88,8,0.2
5524,239,376.11,5,0.1
5525,445,41.62,6,0.1
5525,750,205.48,2,0.15
5525,992,460.81,10,0.15
5525,888,160.61,1,0.1
5526,524,214.58,2,0.15
5526,506,466.97,3,0.2
5526,870,196.62,2,0.1
5526,439,377.01,8,0.05
5527,464,153.26,9,0.0
5528,468,254.03,3,0.15
5528,613,109.13,2,0.2
5529,438,159.34,6,0.05
5529,640,61.79,5,0.1
5529,809,329.67,6,0.2
5529,890,295.19,9,0.2
5529,599,140.54,9,0.15
5530,303,347.42,1,0.15
5530,847,442.55,5,0.0
5530,311,414.39,6,0.15
5530,863,446.51,6,0.1
5530,232,474.19,8,0.05
5531,886,361.37,10,0.2
5531,68,495.06,3,0.2
5531,351,49.4,7,0.0
5531,649,102.17,1,0.05
5531,435,494.63,4,0.05
5532,894,301.47,2,0.15
5532,988,358.5,10,0.1
5532,413,391.51,8,0.05
5532,221,486.28,10,0.15
5533,536,197.86,10,0.15
5533,475,154.79,8,0.0
5533,697,271.28,2,0.15
5533,712,184.64,4,0.1
5534,595,221.81,10,0.2
5535,791,65.6,8,0.1
5535,646,215.39,4,0.1
5535,859,412.31,1,0.15
5535,353,34.43,2,0.0
5536,104,434.45,7,0.2
5536,908,213.5,7,0.15
5536,393,89.65,8,0.2
5536,833,351.39,4,0.05
5536,807,95.8,3,0.15
5537,999,107.73,10,0.15
5537,504,400.37,3,0.1
5538,431,255.06,2,0.05
5538,596,444.91,1,0.15
5539,570,87.4,8,0.0
5539,705,495.68,7,0.2
5539,630,52.28,5,0.15
5539,460,404.82,1,0.0
5540,634,474.0,4,0.2
5540,847,376.63,5,0.1
5541,81,197.11,7,0.0
5541,900,248.86,2,0.1
5541,802,30.66,7,0.15
5542,936,172.5,4,0.0
5542,170,25.46,6,0.1
5542,562,240.03,9,0.15
5543,884,83.52,3,0.0
5543,820,19.03,7,0.1
5543,344,363.31,10,0.15
5543,634,326.89,5,0.0
5543,187,155.48,3,0.0
5544,520,332.56,1,0.05
5545,969,361.53,9,0.15
5545,148,425.51,3,0.0
5545,2,462.96,1,0.1
5546,428,397.69,9,0.0
5546,538,401.72,10,0.15
5546,484,79.41,2,0.15
5546,658,246.87,3,0.05
5547,272,200.89,6,0.2
5548,904,405.21,10,0.2
5548,407,274.3,2,0.15
5549,367,59.87,4,0.15
5549,559,401.28,3,0.05
5549,836,383.12,3,0.0
5549,701,276.15,2,0.0
5550,103,430.31,6,0.0
5550,244,438.02,7,0.05
5551,588,447.54,9,0.2
5551,267,45.19,5,0.15
5551,497,13.09,9,0.05
5551,564,137.43,8,0.1
5551,199,17.6,8,0.2
5552,948,162.71,2,0.15
5552,213,413.12,7,0.15
5552,319,425.42,2,0.2
5553,191,494.05,4,0.2
5553,90,468.63,10,0.1
5553,228,14.85,10,0.15
5553,175,406.88,2,0.0
5554,138,60.15,6,0.2
5554,823,356.14,9,0.15
5555,388,243.23,1,0.1
5555,685,332.8,2,0.2
5556,866,272.23,1,0.2
5556,537,19.08,6,0.2
5557,405,336.05,8,0.05
5558,881,14.81,3,0.0
5558,85,52.89,9,0.1
5558,616,297.0,6,0.05
5558,965,244.28,2,0.0
5558,249,384.84,8,0.15
5559,890,462.11,3,0.1
5559,421,62.66,9,0.15
5559,504,462.69,1,0.05
5560,320,341.6,6,0.2
5560,128,495.24,3,0.05
5560,56,98.84,10,0.05
5560,99,348.38,5,0.1
5560,962,397.86,5,0.0
5561,443,427.51,10,0.05
5561,949,349.78,3,0.0
5561,927,439.09,8,0.15
5561,88,353.48,5,0.2
5562,68,469.62,3,0.1
5562,565,403.79,6,0.2
5562,193,68.22,4,0.05
5562,767,404.5,2,0.15
5563,287,194.95,1,0.1
5563,359,47.76,3,0.0
5564,654,405.83,8,0.2
5564,40,11.03,8,0.0
5564,566,107.87,4,0.2
5564,424,362.05,8,0.05
5564,117,83.28,5,0.05
5565,911,446.6,6,0.15
5566,765,119.4,6,0.2
5567,595,244.31,8,0.05
5567,192,396.85,8,0.2
5567,324,86.99,1,0.1
5568,764,311.51,2,0.0
5568,590,366.96,3,0.0
5568,976,328.22,4,0.15
5568,763,35.09,7,0.0
5569,501,348.26,3,0.15
5569,95,36.21,3,0.1
5569,396,48.84,3,0.15
5569,934,89.39,1,0.2
5570,14,111.19,3,0.0
5570,563,384.47,10,0.0
5571,727,69.83,10,0.05
5571,232,272.6,5,0.0
5571,653,393.2,4,0.0
5572,724,441.79,10,0.05
5573,55,412.8,2,0.05
5573,494,298.18,3,0.2
5574,532,230.71,8,0.0
5574,484,113.09,1,0.1
5574,837,78.95,4,0.2
5574,184,239.83,7,0.2
5574,542,449.31,10,0.0
5575,760,469.86,8,0.2
5576,289,439.35,1,0.2
5576,162,443.25,9,0.1
5576,736,83.1,4,0.2
5576,472,312.69,2,0.05
5577,331,120.63,8,0.1
5577,873,132.63,6,0.0
5577,316,399.62,6,0.1
5577,972,147.79,3,0.05
5577,70,110.54,5,0.0
5578,382,282.64,9,0.1
5578,735,398.5,2,0.0
5579,538,60.68,2,0.0
5579,621,447.11,8,0.1
5579,156,272.36,4,0.0
5579,649,176.38,10,0.15
5579,836,150.83,7,0.0
5580,764,411.77,5,0.15
5580,460,433.43,8,0.1
5580,697,125.73,9,0.2
5580,138,67.98,8,0.15
5580,845,273.08,6,0.05
5581,282,266.78,2,0.0
5581,483,425.1,2,0.15
5582,117,307.7,10,0.15
5582,998,135.17,5,0.15
5583,787,349.28,6,0.0
5583,207,200.28,10,0.0
5583,93,359.52,1,0.15
5583,430,33.11,5,0.1
5583,574,177.18,10,0.15
5584,852,98.6,1,0.15
5584,590,350.41,7,0.0
5584,894,426.57,10,0.0
5585,491,330.08,9,0.1
5586,994,89.09,7,0.15
5586,328,68.48,4,0.0
5587,732,402.58,8,0.05
5587,936,346.89,1,0.2
5587,995,244.86,4,0.1
5587,667,271.4,10,0.2
5588,166,143.89,4,0.1
5588,744,336.77,6,0.0
5589,196,43.9,7,0.2
5589,232,192.63,5,0.05
5590,251,145.17,10,0.05
5590,188,181.86,2,0.15
5591,509,331.9,8,0.15
5591,565,246.14,3,0.0
5591,529,160.93,10,0.15
5591,812,429.51,9,0.2
5591,200,278.9,5,0.05
5592,867,364.93,7,0.1
5592,114,213.97,6,0.1
5592,756,369.56,10,0.05
5592,385,265.27,1,0.05
5593,499,302.91,5,0.1
5593,443,349.93,5,0.0
5593,958,214.73,9,0.2
5594,746,89.15,4,0.15
5594,308,295.12,1,0.2
5594,154,24.75,2,0.2
5594,349,249.78,2,0.05
5594,222,288.18,4,0.0
5595,37,24.3,6,0.15
5595,712,317.29,6,0.15
5596,682,273.09,2,0.15
5596,208,369.49,2,0.2
5597,72,427.66,7,0.1
5597,596,488.27,7,0.2
5597,111,172.99,9,0.0
5597,906,393.17,6,0.0
5598,839,252.06,8,0.05
5598,318,183.55,4,0.0
5598,48,261.17,9,0.1
5598,304,297.72,5,0.0
5598,660,200.03,3,0.05
5599,321,456.55,4,0.15
5599,364,209.74,1,0.05
5599,417,119.3,3,0.0
5599,878,253.93,10,0.05
5599,946,499.87,2,0.0
5600,179,131.46,6,0.0
5600,981,19.94,8,0.0
5600,548,309.11,6,0.2
5600,588,52.9,8,0.2
5600,72,215.63,1,0.1
5601,144,27.25,5,0.15
5601,250,292.58,8,0.15
5601,925,475.1,9,0.1
5601,223,365.8,4,0.1
5602,818,169.18,3,0.2
5602,881,168.86,7,0.05
5602,849,483.39,8,0.05
5602,281,131.66,1,0.0
5603,747,143.48,2,0.15
5603,8,337.13,3,0.05
5604,668,131.25,1,0.0
5604,181,455.33,9,0.0
5604,375,300.56,1,0.0
5605,92,76.67,6,0.05
5606,500,335.25,9,0.0
5607,507,158.64,6,0.15
5607,752,414.83,4,0.15
5607,673,31.77,1,0.1
5607,300,385.92,4,0.15
5607,101,105.62,8,0.1
5608,262,125.64,4,0.1
5609,760,372.83,3,0.05
5609,270,343.71,5,0.15
5609,439,383.85,7,0.15
5610,58,309.55,5,0.2
5611,590,475.39,2,0.05
5612,111,281.89,6,0.0
5612,622,155.79,9,0.1
5612,232,314.87,5,0.0
5612,383,38.27,9,0.2
5613,344,132.51,10,0.1
5613,446,142.71,5,0.2
5613,8,430.73,7,0.2
5613,566,414.01,8,0.1
5614,439,383.89,3,0.05
5614,936,152.95,1,0.0
5614,899,379.85,6,0.05
5615,628,442.34,1,0.0
5615,27,185.08,8,0.15
5616,608,407.07,3,0.0
5616,736,58.14,2,0.15
5617,796,30.64,5,0.05
5617,190,135.32,3,0.0
5618,947,498.45,10,0.2
5618,141,330.5,8,0.15
5618,305,366.46,8,0.05
5618,989,151.52,4,0.15
5618,886,83.03,1,0.15
5619,323,58.78,4,0.15
5619,505,370.4,9,0.15
5620,261,455.85,10,0.1
5620,592,112.34,6,0.05
5620,510,167.26,6,0.05
5620,527,406.25,6,0.2
5621,349,485.02,4,0.15
5621,123,465.49,5,0.05
5621,323,278.33,3,0.1
5621,277,125.29,9,0.2
5621,108,154.14,7,0.0
5622,872,464.95,5,0.1
5622,270,371.68,6,0.0
5622,666,288.21,7,0.2
5622,122,104.13,8,0.1
5623,588,169.94,6,0.0
5623,700,269.3,1,0.15
5623,50,109.02,6,0.2
5623,104,151.26,5,0.1
5624,643,167.1,3,0.2
5625,353,424.7,5,0.15
5625,245,211.35,9,0.0
5625,495,308.04,6,0.15
5625,48,278.71,6,0.0
5626,101,126.22,5,0.0
5626,844,99.31,6,0.1
5626,539,138.3,8,0.0
5627,934,145.21,10,0.1
5628,247,318.55,7,0.2
5629,390,120.21,1,0.05
5629,557,439.4,2,0.0
5630,355,289.59,1,0.1
5630,306,200.59,7,0.1
5630,771,101.91,5,0.2
5631,22,217.26,7,0.05
5631,636,161.85,2,0.15
5632,887,168.39,8,0.05
5632,56,426.39,10,0.0
5632,383,137.86,6,0.1
5632,761,104.11,3,0.05
5633,83,493.88,4,0.0
5633,615,352.05,2,0.0
5634,128,116.28,8,0.15
5634,121,103.67,9,0.0
5634,699,445.21,8,0.15
5634,988,393.43,9,0.2
5634,42,394.31,9,0.0
5635,708,231.91,1,0.15
5635,413,432.48,7,0.2
5635,566,333.79,5,0.05
5635,794,413.19,2,0.15
5635,946,167.02,10,0.2
5636,231,270.88,3,0.15
5636,921,78.73,5,0.2
5637,111,423.92,5,0.0
5638,313,122.8,7,0.2
5638,205,263.17,9,0.1
5638,611,244.44,4,0.2
5639,255,409.75,8,0.05
5639,607,490.01,9,0.0
5639,325,54.28,6,0.05
5640,534,212.47,1,0.0
5640,289,110.19,4,0.0
5640,585,89.57,2,0.2
5641,389,272.6,7,0.0
5641,673,424.13,8,0.05
5642,364,34.17,2,0.2
5642,332,55.07,8,0.15
5642,707,468.46,2,0.1
5642,373,88.02,7,0.05
5642,363,154.97,4,0.15
5643,489,415.35,2,0.0
5643,781,17.78,1,0.0
5643,724,319.52,3,0.15
5643,4,447.83,10,0.0
5644,950,331.62,8,0.1
5644,330,423.94,9,0.2
5645,967,78.43,3,0.15
5645,415,176.0,4,0.0
5645,273,227.14,10,0.0
5646,372,390.29,8,0.05
5647,420,119.76,4,0.15
5647,353,106.98,5,0.05
5647,395,425.59,9,0.2
5648,76,417.24,1,0.0
5648,633,92.56,3,0.0
5648,62,457.72,2,0.05
5648,26,230.13,7,0.0
5648,779,200.67,7,0.05
5649,686,488.46,8,0.2
5649,597,241.45,5,0.0
5649,380,57.6,9,0.1
5650,294,370.01,8,0.1
5650,179,387.0,3,0.0
5650,96,490.96,10,0.1
5650,496,36.93,5,0.15
5650,997,282.94,10,0.0
5651,443,64.25,2,0.15
5651,492,267.23,5,0.2
5652,644,325.25,3,0.15
5652,768,437.79,9,0.05
5652,923,231.2,10,0.1
5652,581,52.44,6,0.1
5652,614,11.56,8,0.05
5653,201,32.52,9,0.15
5653,914,32.76,9,0.05
5654,862,300.3,6,0.05
5654,175,253.15,5,0.2
5654,933,228.44,4,0.1
5655,932,414.87,4,0.1
5655,314,197.64,8,0.1
5655,967,288.94,6,0.2
5656,256,58.31,1,0.0
5657,131,362.45,9,0.0
5657,858,182.05,10,0.1
5657,170,469.46,9,0.0
5658,201,400.94,9,0.2
5658,436,211.77,1,0.2
5659,178,192.0,2,0.05
5659,238,331.73,6,0.05
5659,152,94.6,5,0.2
5659,243,344.35,5,0.1
5659,962,230.3,4,0.0
5660,412,37.4,2,0.05
5660,559,417.02,5,0.15
5660,675,36.39,8,0.05
5660,106,37.76,2,0.1
5661,285,98.44,4,0.15
5662,449,357.21,5,0.1
5662,973,433.01,2,0.15
5662,283,382.24,4,0.05
5663,69,209.17,5,0.2
5664,402,54.28,6,0.2
5664,378,46.04,7,0.1
5664,460,174.52,2,0.15
5664,544,81.07,9,0.15
5665,158,116.17,1,0.0
5665,79,245.28,2,0.1
5665,787,469.77,3,0.05
5666,622,492.59,5,0.1
5666,986,108.21,2,0.2
5667,724,198.37,5,0.0
5667,826,278.15,1,0.1
5667,325,141.36,1,0.0
5667,84,264.32,4,0.2
5668,681,334.92,5,0.05
5669,800,491.66,8,0.2
5670,710,299.69,10,0.15
5670,110,299.61,10,0.15
5670,713,171.28,10,0.0
5670,629,120.82,2,0.2
5671,23,462.38,8,0.2
5671,1000,373.14,6,0.15
5671,867,455.06,10,0.0
5671,680,216.91,8,0.0
5672,903,34.07,10,0.2
5672,329,450.7,7,0.15
5672,444,407.91,9,0.2
5672,484,171.63,7,0.2
5673,24,483.01,6,0.05
5673,207,330.83,6,0.15
5674,307,432.04,5,0.0
5674,828,336.57,1,0.15
5674,62,261.96,10,0.2
5674,68,176.57,2,0.2
5674,891,281.02,2,0.0
5675,695,250.19,9,0.15
5675,803,107.86,9,0.0
5675,788,284.15,6,0.0
5675,868,351.87,10,0.15
5676,464,59.06,7,0.2
5676,384,165.07,1,0.05
5676,470,104.09,4,0.1
5676,675,482.45,7,0.2
5677,628,391.77,7,0.2
5677,670,313.13,8,0.0
5678,833,321.19,10,0.1
5678,919,237.35,1,0.0
5679,561,316.57,3,0.1
5679,300,443.42,1,0.05
5679,356,118.38,8,0.2
5679,68,310.94,4,0.0
5680,551,452.08,8,0.15
5680,119,474.24,1,0.1
5681,588,204.1,3,0.15
5682,927,481.04,3,0.1
5682,577,392.53,10,0.1
5683,453,92.39,1,0.2
5683,437,279.38,6,0.05
5684,733,73.41,3,0.0
5684,456,221.92,8,0.1
5685,902,17.3,10,0.15
5685,596,114.81,1,0.05
5685,664,233.84,4,0.15
5686,384,347.61,1,0.2
5686,808,386.31,9,0.05
5686,846,11.95,7,0.2
5687,578,262.99,8,0.0
5687,267,146.35,10,0.15
5688,153,228.51,10,0.0
5688,598,455.95,2,0.15
5688,306,454.77,4,0.15
5688,139,349.95,9,0.0
5689,276,380.01,8,0.05
5690,171,349.48,9,0.2
5691,728,285.63,8,0.0
5691,173,385.87,8,0.15
5691,219,29.12,2,0.1
5691,593,337.11,5,0.05
5691,454,492.43,5,0.05
5692,46,462.5,3,0.2
5693,223,448.71,7,0.15
5693,831,330.03,5,0.0
5693,147,27.41,3,0.1
5693,97,413.25,5,0.05
5693,23,253.49,10,0.2
5694,111,432.69,2,0.2
5694,709,39.71,5,0.05
5695,937,233.89,5,0.2
5696,658,171.96,5,0.1
5696,223,22.21,9,0.05
5696,903,462.98,6,0.2
5696,43,276.86,7,0.2
5696,955,190.7,9,0.0
5697,983,343.11,5,0.15
5697,506,331.19,5,0.2
5697,287,441.23,3,0.05
5697,519,93.78,9,0.15
5697,565,485.53,5,0.05
5698,9,146.54,8,0.0
5698,311,466.52,8,0.1
5698,418,77.96,6,0.2
5699,920,484.16,7,0.15
5699,821,398.89,3,0.1
5699,306,179.03,2,0.0
5699,937,222.15,1,0.0
5699,55,86.91,5,0.0
5700,108,233.59,3,0.0
5700,104,21.26,7,0.2
5700,708,328.16,3,0.15
5700,420,369.57,2,0.15
5700,55,284.89,8,0.05
5701,161,33.11,4,0.0
5702,70,459.81,3,0.1
5702,825,135.86,3,0.2
5702,36,185.08,5,0.0
5703,817,270.24,7,0.1
5703,447,82.55,10,0.15
5703,880,375.09,8,0.05
5704,811,454.65,3,0.15
5704,778,340.73,2,0.2
5704,469,432.11,10,0.15
5705,445,458.08,5,0.1
5706,146,148.01,5,0.1
5706,18,243.01,10,0.2
5706,216,47.32,7,0.15
5706,454,107.98,3,0.0
5707,149,58.64,1,0.15
5707,976,331.5,2,0.05
5707,94,483.16,7,0.1
5708,136,38.08,9,0.05
5708,846,425.89,5,0.05
5708,608,236.52,4,0.1
5708,11,80.06,8,0.0
5708,507,213.88,5,0.2
5709,132,72.63,8,0.0
5709,851,216.37,5,0.0
5710,287,426.63,10,0.1
5711,270,140.39,5,0.1
5711,121,220.17,7,0.15
5712,619,48.95,9,0.0
5712,493,421.94,3,0.0
5713,213,474.85,6,0.2
5713,247,310.09,8,0.2
5713,363,143.86,8,0.1
5713,957,448.37,8,0.1
5714,288,253.06,7,0.15
5714,388,404.16,10,0.0
5714,676,117.67,9,0.0
5714,433,202.57,10,0.1
5715,218,91.36,3,0.05
5716,434,496.91,5,0.1
5717,719,437.4,5,0.1
5717,140,348.68,3,0.0
5718,409,18.0,10,0.2
5718,98,103.91,10,0.0
5718,14,419.95,6,0.2
5719,783,312.89,9,0.05
5720,375,206.16,1,0.1
5720,78,301.73,2,0.2
5720,782,454.27,8,0.15
5720,300,183.18,10,0.15
5721,770,495.34,4,0.1
5721,34,54.71,9,0.0
5721,38,253.99,1,0.2
5721,329,172.63,4,0.1
5721,470,143.47,6,0.0
5722,933,488.79,1,0.05
5722,441,365.38,10,0.1
5723,992,83.14,1,0.2
5723,746,172.98,6,0.0
5724,811,81.0,2,0.1
5724,103,175.08,10,0.1
5725,629,289.55,3,0.1
5725,866,44.35,8,0.0
5725,936,222.35,6,0.1
5725,759,455.54,4,0.15
5725,378,406.96,2,0.2
5726,112,326.49,1,0.05
5727,562,338.58,3,0.1
5727,46,108.54,4,0.15
5728,898,150.6,10,0.0
5729,594,330.62,6,0.0
5729,160,162.66,9,0.0
5729,843,438.6,2,0.1
5729,73,449.78,7,0.2
5730,974,67.93,4,0.15
5730,183,17.1,2,0.1
5730,389,112.4,5,0.1
5730,119,30.37,4,0.1
5731,643,204.66,8,0.05
5731,599,53.12,2,0.05
5731,614,67.44,2,0.05
5732,203,336.52,7,0.15
5732,262,72.79,10,0.0
5732,726,480.41,7,0.05
5733,343,121.23,5,0.1
5734,782,198.17,2,0.1
5735,746,14.58,9,0.1
5735,116,302.02,5,0.1
5735,713,467.66,6,0.05
5735,135,313.35,7,0.0
5736,492,155.15,2,0.05
5737,379,113.45,4,0.15
5737,242,455.17,5,0.0
5738,359,340.08,8,0.1
5738,114,199.4,9,0.05
5738,514,174.69,6,0.1
5738,31,260.22,4,0.2
5739,572,454.7,7,0.0
5739,764,79.04,6,0.2
5739,994,248.38,1,0.1
5739,931,12.22,4,0.0
5740,64,132.56,9,0.1
5740,493,199.32,4,0.15
5740,887,218.78,8,0.05
5740,131,57.93,4,0.2
5740,580,372.8,3,0.2
5741,253,234.85,5,0.15
5741,210,21.32,2,0.05
5741,558,50.92,4,0.1
5741,592,307.87,4,0.2
5742,584,88.98,8,0.05
5742,266,260.75,3,0.2
5743,124,190.3,10,0.15
5743,787,16.73,1,0.05
5743,360,282.08,8,0.1
5743,906,159.46,8,0.0
5743,427,198.45,9,0.0
5744,246,254.79,3,0.2
5744,346,424.86,3,0.1
5745,952,446.27,1,0.15
5745,134,277.69,5,0.05
5745,238,381.28,4,0.2
5746,683,410.02,10,0.15
5746,849,22.99,3,0.15
5747,556,82.33,10,0.0
5747,721,303.79,10,0.1
5748,945,346.85,8,0.1
5748,716,183.89,5,0.1
5748,763,215.62,1,0.05
5748,515,335.24,9,0.15
5749,919,99.66,10,0.2
5749,846,439.75,9,0.0
5749,395,411.67,3,0.2
5749,370,323.96,5,0.1
5749,597,485.81,5,0.2
5750,472,71.22,6,0.2
5750,508,49.52,2,0.2
5751,270,205.64,5,0.15
5751,114,240.66,10,0.0
5751,849,68.49,9,0.1
5751,741,432.79,1,0.0
5751,233,400.7,8,0.0
5752,182,299.85,7,0.0
5752,992,241.17,3,0.1
5752,204,260.88,9,0.05
5752,91,344.52,9,0.1
5752,701,346.92,3,0.15
5753,655,405.24,1,0.1
5754,334,54.84,3,0.2
5754,627,434.85,10,0.2
5754,958,192.56,3,0.0
5755,925,322.82,5,0.15
5755,314,465.57,7,0.05
5755,770,201.85,2,0.2
5755,935,116.67,8,0.0
5756,470,90.38,8,0.0
5756,44,331.4,3,0.1
5756,727,21.08,9,0.05
5757,751,478.66,1,0.05
5758,527,127.72,10,0.15
5758,123,493.39,10,0.1
5758,800,50.65,7,0.05
5759,384,25.34,6,0.2
5759,154,287.53,3,0.05
5759,271,412.08,6,0.2
5760,810,462.09,10,0.2
5761,991,86.71,3,0.2
5761,322,86.37,8,0.15
5761,795,395.49,3,0.1
5761,954,319.04,9,0.1
5761,367,184.02,6,0.1
5762,140,28.64,5,0.2
5762,162,365.3,8,0.05
5762,862,421.66,10,0.0
5763,615,331.86,10,0.15
5763,517,229.49,4,0.1
5764,467,423.48,7,0.05
5764,30,81.6,1,0.0
5765,452,51.9,6,0.1
5766,814,301.75,6,0.0
5766,441,202.56,7,0.05
5766,194,44.58,6,0.15
5766,136,321.3,8,0.1
5767,757,410.12,1,0.05
5767,386,325.04,4,0.15
5767,211,202.65,9,0.15
5767,509,337.23,1,0.05
5767,290,199.13,9,0.15
5768,698,233.63,9,0.1
5769,342,120.93,2,0.2
5770,417,101.33,9,0.15
5770,340,201.23,2,0.15
5770,560,86.88,5,0.15
5770,334,38.4,4,0.1
5770,187,54.04,6,0.2
5771,177,421.8,6,0.0
5771,824,243.63,10,0.2
5771,541,141.93,10,0.15
5771,462,136.42,1,0.0
5771,29,305.87,1,0.15
5772,972,34.67,8,0.0
5772,677,323.67,6,0.05
5772,265,401.91,7,0.0
5773,333,424.42,6,0.1
5774,855,137.51,1,0.05
5774,901,474.33,9,0.05
5775,117,187.33,2,0.0
5776,947,447.96,4,0.2
5776,31,181.87,2,0.0
5777,653,346.81,2,0.1
5777,636,403.87,3,0.05
5777,332,138.82,1,0.2
5777,651,286.73,1,0.15
5778,926,373.46,4,0.15
5779,393,332.07,9,0.0
5779,828,198.18,1,0.15
5779,479,35.97,6,0.0
5779,13,358.65,5,0.0
5780,98,122.26,9,0.1
5780,91,20.78,2,0.1
5780,554,365.32,1,0.15
5781,21,496.4,4,0.1
5781,280,120.31,8,0.05
5781,207,371.95,5,0.15
5781,935,63.48,6,0.05
5781,529,85.99,2,0.0
5782,954,48.67,9,0.0
5782,267,77.78,9,0.2
5783,895,198.49,9,0.05
5783,842,170.69,3,0.15
5784,550,426.28,10,0.15
5784,210,396.05,9,0.1
5785,28,484.94,10,0.1
5785,734,169.27,7,0.2
5785,949,318.38,5,0.15
5785,420,35.3,10,0.05
5786,635,193.65,10,0.2
5787,339,483.2,4,0.2
5787,579,376.23,5,0.2
5787,107,134.95,4,0.0
5787,185,236.82,9,0.1
5788,466,256.09,5,0.2
5788,879,329.0,1,0.05
5788,851,406.45,4,0.0
5789,837,440.44,5,0.15
5789,897,413.85,1,0.05
5789,486,282.52,1,0.0
5789,118,499.28,9,0.05
5790,419,25.47,2,0.2
5790,856,358.8,9,0.0
5790,631,350.59,4,0.15
5790,69,268.74,2,0.0
5791,292,234.93,9,0.1
5792,715,135.08,4,0.05
5792,807,181.07,8,0.05
5792,260,53.8,2,0.2
5793,78,52.39,10,0.1
5793,982,187.51,3,0.15
5793,903,183.26,9,0.05
5794,417,177.3,2,0.1
5795,177,15.36,1,0.0
5795,697,271.23,9,0.2
5795,900,376.85,8,0.15
5795,888,156.2,2,0.1
5796,469,228.2,3,0.05
5796,919,258.47,6,0.15
5797,988,421.87,5,0.2
5797,743,123.51,5,0.2
5797,702,283.69,1,0.15
5797,195,108.4,8,0.15
5797,81,432.22,2,0.2
5798,740,241.09,4,0.0
5798,42,57.73,3,0.1
5798,243,348.27,4,0.15
5798,459,492.04,6,0.2
5798,981,117.45,6,0.2
5799,118,336.92,5,0.2
5799,712,144.3,1,0.15
5799,356,139.75,7,0.15
5800,233,234.47,10,0.2
5800,602,272.84,2,0.0
5801,992,466.62,1,0.15
5801,517,195.11,1,0.1
5801,148,336.4,10,0.1
5801,99,447.09,9,0.15
5801,775,497.11,1,0.1
5802,378,349.22,8,0.15
5802,229,300.68,7,0.15
5803,135,192.89,5,0.2
5803,861,202.25,1,0.15
5804,181,278.44,8,0.05
5805,860,23.94,8,0.0
5805,131,488.16,2,0.15
5805,215,427.67,7,0.05
5805,564,305.47,7,0.2
5806,490,139.9,9,0.2
5806,235,435.89,5,0.05
5807,556,152.7,7,0.0
5807,333,318.94,7,0.2
5807,757,268.28,6,0.2
5807,703,486.11,10,0.05
5808,73,47.79,4,0.05
5808,639,369.54,5,0.1
5809,98,306.45,4,0.1
5809,490,479.2,9,0.1
5810,258,16.93,5,0.15
5810,891,92.5,1,0.1
5810,359,345.65,5,0.0
5810,767,208.32,4,0.0
5811,743,378.16,5,0.0
5811,676,248.59,1,0.0
5811,734,118.17,8,0.2
5811,738,17.78,8,0.1
5812,120,376.79,1,0.15
5812,136,403.75,7,0.0
5813,894,255.3,9,0.1
5813,691,215.2,1,0.05
5813,776,364.96,10,0.0
5814,54,256.01,8,0.05
5814,513,145.0,1,0.15
5814,902,171.46,1,0.2
5814,520,470.83,8,0.15
5815,156,418.95,7,0.15
5815,389,466.05,4,0.1
5816,323,480.67,7,0.0
5816,912,53.77,6,0.0
5816,882,31.96,6,0.2
5816,535,168.08,5,0.2
5816,714,43.03,5,0.15
5817,70,253.21,10,0.05
5817,448,479.98,3,0.15
5817,919,41.93,10,0.1
5818,416,246.73,9,0.15
5818,95,240.46,10,0.15
5819,247,402.07,3,0.0
5819,879,499.1,7,0.1
5819,716,275.23,6,0.1
5819,731,236.68,4,0.05
5819,765,75.7,6,0.2
5820,718,296.66,7,0.05
5821,568,121.78,1,0.1
5821,903,343.32,4,0.15
5821,93,440.5,6,0.15
5822,118,376.27,10,0.05
5822,685,13.75,9,0.0
5822,342,468.46,8,0.15
5822,252,90.99,5,0.0
5822,976,147.57,7,0.15
5823,29,421.27,1,0.15
5824,587,180.3,9,0.0
5825,94,360.67,10,0.2
5825,542,221.19,4,0.15
5825,628,495.54,2,0.1
5825,208,184.75,2,0.2
5826,575,244.99,6,0.0
5827,835,157.4,4,0.15
5827,476,326.61,3,0.1
5828,292,91.37,7,0.0
5829,988,162.66,6,0.05
5829,618,42.71,2,0.2
5829,693,127.67,4,0.2
5829,82,232.78,1,0.0
5829,134,344.61,1,0.05
5830,837,401.6,10,0.15
5830,954,305.02,6,0.15
5831,480,484.98,6,0.15
5831,761,475.49,5,0.0
5832,564,299.25,5,0.1
5833,33,71.93,6,0.2
5833,491,495.31,1,0.05
5834,395,350.13,4,0.05
5834,269,471.01,10,0.2
5834,599,433.6,5,0.1
5834,307,186.9,3,0.1
5835,298,314.61,5,0.05
5835,982,92.84,6,0.0
5835,887,137.04,4,0.15
5836,152,441.68,9,0.15
5836,360,429.81,4,0.05
5837,950,114.64,6,0.15
5837,669,58.77,4,0.0
5838,127,338.84,4,0.15
5839,965,351.29,7,0.15
5839,212,361.32,10,0.0
5840,185,113.54,6,0.05
5840,761,372.62,3,0.0
5840,975,408.67,2,0.0
5840,128,263.11,1,0.2
5840,968,279.14,1,0.2
5841,599,117.28,1,0.2
5841,584,329.76,2,0.05
5841,219,262.97,10,0.0
5841,907,318.83,10,0.2
5842,842,18.76,9,0.05
5842,951,285.33,7,0.2
5842,22,321.56,9,0.0
5842,166,140.32,4,0.1
5843,432,471.88,9,0.2
5843,184,14.1,9,0.2
5843,556,495.59,8,0.15
5843,255,332.91,10,0.15
5843,905,255.12,8,0.15
5844,507,149.02,5,0.1
5844,583,87.67,4,0.1
5844,53,468.16,9,0.15
5844,183,143.18,5,0.0
5844,287,348.38,10,0.05
5845,30,29.8,8,0.1
5845,902,135.27,3,0.05
5845,149,464.0,5,0.2
5845,591,295.59,1,0.0
5846,475,292.52,4,0.15
5846,397,103.21,10,0.0
5846,554,174.58,10,0.15
5847,783,214.12,9,0.0
5847,522,143.85,4,0.1
5847,385,274.0,5,0.1
5848,333,232.79,4,0.05
5848,248,454.48,4,0.05
5848,432,137.68,8,0.0
5849,686,186.09,10,0.15
5849,73,209.91,2,0.1
5849,74,159.89,7,0.15
5849,944,192.85,5,0.2
5849,486,38.74,10,0.1
5850,126,198.23,2,0.1
5850,51,435.73,3,0.05
5850,495,332.77,6,0.2
5850,45,214.72,7,0.1
5851,343,445.25,10,0.1
5851,875,21.22,5,0.1
5851,361,115.09,1,0.1
5851,178,271.7,5,0.2
5851,183,332.3,7,0.0
5852,112,376.5,8,0.15
5852,508,266.4,3,0.15
5852,292,329.18,7,0.2
5852,331,352.06,1,0.0
5852,451,456.55,10,0.15
5853,664,33.17,7,0.1
5853,806,483.42,1,0.15
5854,282,475.56,4,0.05
5854,434,155.75,1,0.2
5854,449,356.36,8,0.0
5854,829,167.03,6,0.0
5855,712,487.53,4,0.05
5856,836,472.73,5,0.05
5856,998,375.71,8,0.05
5857,717,216.96,4,0.0
5857,296,255.48,9,0.1
5857,638,124.85,5,0.0
5857,965,383.96,7,0.0
5858,126,172.53,9,0.1
5859,391,452.39,4,0.0
5859,213,32.53,9,0.1
5860,486,147.85,3,0.0
5860,527,192.17,5,0.05
5860,705,19.07,2,0.0
5860,562,264.05,7,0.2
5861,482,205.65,5,0.0
5861,169,48.99,9,0.2
5862,290,286.96,8,0.1
5863,563,456.36,9,0.05
5864,82,451.8,2,0.05
5864,663,377.54,10,0.1
5864,365,267.6,9,0.2
5864,978,384.46,8,0.15
5865,277,399.74,5,0.15
5865,215,124.18,8,0.0
5866,818,322.03,4,0.1
5866,710,495.49,8,0.05
5866,826,420.53,5,0.1
5866,542,235.82,5,0.15
5866,412,100.68,5,0.15
5867,946,328.76,10,0.2
5867,207,22.67,2,0.05
5867,127,131.41,7,0.15
5867,897,261.25,3,0.0
5867,705,172.46,5,0.05
5868,450,298.66,10,0.15
5868,252,231.52,1,0.1
5869,257,417.73,6,0.2
5870,926,142.31,3,0.05
5870,424,190.26,1,0.15
5870,86,128.73,9,0.15
5870,222,231.36,6,0.1
5870,405,362.64,9,0.1
5871,864,17.63,3,0.0
5872,1000,475.87,10,0.2
5873,605,173.56,7,0.0
5873,713,43.85,10,0.15
5873,533,361.09,7,0.15
5873,531,290.43,10,0.2
5874,506,273.37,4,0.15
5874,946,322.75,1,0.15
5875,532,287.83,9,0.2
5875,612,318.17,1,0.15
5875,43,332.86,10,0.2
5875,732,494.12,4,0.2
5875,871,44.46,1,0.0
5876,414,73.85,1,0.2
5876,901,374.19,2,0.2
5877,810,360.58,7,0.1
5877,697,389.93,8,0.1
5877,154,438.67,6,0.15
5878,745,421.43,3,0.1
5878,742,21.01,5,0.15
5879,755,416.62,5,0.2
5879,535,437.62,1,0.1
5879,886,293.28,5,0.15
5879,534,150.55,1,0.0
5880,546,370.46,4,0.1
5880,584,401.02,4,0.15
5881,992,155.13,3,0.1
5882,693,333.12,1,0.0
5882,516,130.5,8,0.05
5883,623,280.56,5,0.0
5883,161,393.4,10,0.15
5883,549,307.39,7,0.1
5884,229,174.95,8,0.1
5884,542,422.36,2,0.05
5884,704,468.32,1,0.15
5884,911,77.2,6,0.2
5885,649,12.69,3,0.05
5885,954,141.85,1,0.05
5885,49,92.69,2,0.05
5885,338,393.04,4,0.15
5885,394,271.89,1,0.0
5886,551,346.82,5,0.05
5886,317,290.45,4,0.2
5886,11,477.91,6,0.1
5886,631,189.45,8,0.2
5887,180,499.28,1,0.0
5887,799,347.52,9,0.05
5888,821,156.9,10,0.0
5888,905,117.77,7,0.0
5889,525,191.79,8,0.0
5890,125,209.7,1,0.15
5890,593,144.33,2,0.1
5890,193,421.62,2,0.2
5891,187,150.86,4,0.05
5891,175,375.02,10,0.1
5892,80,22.5,4,0.05
5893,900,87.46,2,0.05
5893,758,288.85,3,0.2
5894,949,258.57,2,0.1
5894,909,490.71,8,0.05
5894,858,165.3,3,0.05
5895,731,141.7,10,0.0
5896,869,382.5,10,0.2
5896,96,176.34,3,0.0
5896,54,10.03,10,0.15
5896,707,256.18,5,0.05
5897,91,433.83,6,0.0
5897,818,358.73,10,0.1
5897,301,346.96,2,0.2
5897,955,430.56,8,0.2
5897,669,396.2,2,0.15
5898,248,301.35,2,0.0
5898,23,180.42,4,0.0
5898,681,408.79,8,0.0
5898,109,48.39,5,0.0
5899,962,463.21,5,0.2
5900,141,335.61,7,0.05
5900,835,327.35,1,0.0
5900,29,311.92,4,0.05
5900,417,355.71,4,0.15
5900,269,385.68,3,0.2
5901,625,74.1,3,0.0
5901,467,374.21,6,0.15
5902,422,237.52,2,0.15
5902,705,227.89,2,0.05
5902,749,237.32,10,0.1
5903,723,121.86,6,0.2
5903,20,230.76,6,0.05
5903,100,131.55,3,0.1
5904,466,106.84,7,0.2
5904,826,218.41,9,0.2
5904,45,241.58,9,0.15
5904,470,415.46,10,0.05
5904,684,471.54,1,0.05
5905,557,178.87,1,0.1
5905,719,16.86,7,0.0
5906,885,331.73,6,0.0
5906,400,59.14,7,0.05
5906,805,91.32,9,0.1
5906,533,264.0,10,0.0
5907,14,325.99,10,0.2
5907,298,101.06,8,0.2
5907,341,41.84,8,0.0
5907,849,177.34,7,0.1
5908,795,247.03,10,0.0
5908,473,93.42,10,0.2
5908,694,56.66,4,0.05
5908,99,142.6,6,0.05
5908,864,104.04,5,0.05
5909,627,322.06,7,0.2
5910,518,112.59,1,0.05
5910,523,455.71,1,0.2
5910,668,177.01,3,0.0
5910,202,324.91,7,0.1
5911,630,491.27,5,0.1
5911,537,35.38,9,0.1
5911,10,224.19,10,0.1
5912,598,409.53,5,0.05
5913,790,494.34,5,0.1
5913,354,434.76,10,0.05
5913,966,379.92,1,0.2
5913,36,192.29,6,0.1
5913,258,142.48,10,0.0
5914,773,113.27,2,0.15
5914,539,445.5,10,0.1
5915,301,100.03,9,0.05
5915,926,78.92,10,0.1
5915,277,336.93,8,0.1
5915,932,86.09,10,0.15
5915,135,373.3,1,0.1
5916,879,21.39,5,0.15
5916,329,270.42,7,0.1
5916,844,42.9,7,0.05
5916,663,277.7,3,0.2
5916,350,338.46,2,0.0
5917,738,381.91,6,0.0
5917,857,90.43,2,0.2
5917,578,299.62,5,0.15
5918,251,481.2,7,0.15
5918,108,190.9,6,0.15
5919,913,218.73,4,0.0
5919,645,33.7,5,0.05
5920,328,427.93,1,0.0
5920,595,180.72,5,0.0
5921,683,420.13,6,0.15
5921,918,287.8,2,0.1
5921,645,466.54,8,0.05
5921,374,176.7,3,0.2
5922,740,418.67,7,0.05
5922,696,190.59,8,0.15
5923,717,202.58,7,0.1
5923,104,213.92,7,0.1
5923,673,451.97,7,0.1
5924,407,114.19,7,0.1
5925,521,229.33,2,0.0
5925,402,216.99,7,0.15
5925,118,289.69,10,0.05
5926,907,296.47,7,0.05
5926,993,121.03,5,0.05
5926,189,217.32,3,0.2
5926,288,455.19,2,0.1
5926,913,213.63,9,0.05
5927,613,229.2,5,0.0
5927,789,254.88,4,0.05
5927,292,352.74,7,0.0
5927,455,66.73,8,0.2
5928,490,32.11,4,0.1
5928,393,375.79,6,0.0
5928,792,110.4,9,0.0
5928,700,219.82,6,0.1
5929,739,322.38,7,0.0
5929,908,260.51,5,0.15
5929,554,157.74,8,0.15
5929,643,13.05,9,0.1
5929,933,429.33,7,0.1
5930,819,427.46,4,0.05
5930,857,441.89,3,0.2
5930,27,392.24,7,0.05
5930,209,80.39,2,0.2
5931,90,119.62,7,0.1
5931,468,490.14,7,0.15
5932,622,195.15,1,0.15
5932,58,452.57,8,0.15
5933,950,336.47,7,0.1
5933,807,359.12,7,0.0
5934,471,211.51,8,0.0
5934,716,214.17,1,0.05
5934,443,87.32,2,0.05
5935,262,458.33,5,0.1
5935,882,366.23,3,0.1
5936,609,220.94,9,0.05
5936,90,217.12,5,0.2
5936,467,321.8,1,0.2
5937,927,244.38,2,0.2
5937,943,129.69,9,0.0
5937,349,250.64,1,0.05
5937,941,319.68,2,0.1
5937,661,202.94,7,0.15
5938,349,104.7,4,0.0
5939,800,107.63,7,0.0
5939,337,204.68,7,0.05
5939,89,160.72,10,0.2
5939,614,475.61,6,0.15
5939,549,373.2,2,0.0
5940,863,105.21,9,0.2
5941,896,114.33,1,0.1
5941,368,36.95,5,0.1
5941,541,57.86,7,0.0
5941,395,204.05,2,0.05
5942,407,108.47,5,0.2
5943,199,215.49,1,0.1
5943,588,394.69,1,0.2
5943,959,285.33,1,0.1
5944,917,295.51,8,0.1
5944,269,269.67,5,0.0
5944,891,92.94,10,0.05
5944,697,255.83,2,0.05
5945,615,288.36,4,0.1
5945,613,338.01,5,0.1
5945,777,174.96,9,0.2
5945,146,21.4,8,0.05
5945,470,329.48,2,0.2
5946,331,145.85,6,0.15
5946,136,323.64,3,0.1
5946,406,190.2,7,0.15
5946,77,121.87,4,0.0
5946,785,185.77,3,0.2
5947,422,105.75,8,0.2
5948,446,235.72,4,0.05
5948,235,497.0,9,0.1
5948,901,204.04,4,0.15
5948,92,289.84,6,0.15
5948,997,29.43,1,0.0
5949,693,355.7,5,0.05
5949,35,68.54,7,0.05
5949,862,308.61,4,0.1
5950,189,138.32,4,0.05
5950,127,191.12,8,0.0
5950,874,389.46,3,0.0
5950,245,445.87,6,0.15
5951,632,43.74,9,0.15
5951,132,11.28,9,0.05
5951,840,270.07,8,0.05
5952,460,206.68,6,0.05
5952,35,446.42,1,0.15
5952,146,205.17,10,0.0
5952,259,244.04,1,0.2
5952,379,198.96,9,0.2
5953,477,325.74,6,0.2
5953,314,386.56,5,0.1
5953,271,477.01,8,0.0
5953,234,209.18,2,0.1
5954,212,209.82,2,0.0
5954,252,377.67,2,0.05
5954,399,345.74,4,0.0
5954,20,98.11,1,0.05
5955,509,148.73,4,0.0
5955,164,275.82,7,0.2
5955,438,489.52,4,0.1
5955,516,24.04,5,0.05
5956,410,81.44,10,0.1
5957,764,447.41,9,0.1
5957,10,408.73,2,0.0
5957,282,333.02,9,0.2
5957,140,369.96,10,0.05
5957,299,45.75,2,0.1
5958,649,252.83,6,0.2
5958,387,231.28,4,0.1
5959,388,246.41,7,0.2
5959,960,73.07,4,0.0
5959,948,496.4,8,0.05
5959,995,241.2,4,0.2
5960,815,221.94,5,0.05
5960,506,258.71,6,0.0
5960,298,267.16,3,0.1
5960,868,339.46,1,0.1
5961,922,175.16,6,0.1
5961,753,90.25,4,0.1
5961,775,320.5,9,0.15
5962,177,294.89,4,0.2
5962,100,31.95,5,0.15
5962,49,422.56,10,0.1
5963,605,68.78,7,0.0
5963,524,456.06,1,0.15
5963,238,190.13,4,0.2
5963,7,122.38,10,0.2
5963,899,436.67,7,0.15
5964,803,432.25,5,0.05
5964,10,244.75,10,0.2
5964,980,127.44,7,0.1
5964,30,152.93,9,0.2
5965,648,378.03,9,0.0
5965,202,458.32,6,0.05
5965,699,465.62,7,0.05
5966,455,318.95,7,0.15
5966,810,256.37,5,0.15
5966,938,329.44,9,0.0
5967,646,354.27,5,0.1
5967,702,395.73,10,0.05
5967,822,191.61,3,0.1
5968,111,229.59,6,0.2
5968,294,94.72,9,0.2
5968,560,109.2,1,0.1
5968,7,265.42,8,0.15
5968,572,385.41,7,0.2
5969,823,279.39,5,0.0
5969,390,198.24,8,0.0
5969,68,137.45,8,0.2
5970,782,387.84,2,0.0
5970,320,170.18,7,0.05
5970,989,441.06,7,0.05
5970,964,423.5,7,0.05
5971,185,470.06,6,0.15
5972,755,174.26,9,0.15
5972,425,215.35,8,0.05
5972,346,219.0,1,0.05
5972,868,461.25,2,0.0
5972,239,322.81,3,0.1
5973,576,185.39,5,0.15
5973,440,309.52,9,0.1
5973,85,450.49,2,0.2
5974,68,211.43,4,0.05
5974,613,245.62,7,0.05
5974,609,396.9,9,0.2
5975,524,80.46,4,0.15
5976,29,193.12,7,0.0
5977,203,348.2,9,0.0
5977,232,145.45,4,0.05
5978,806,143.61,8,0.1
5978,984,480.43,2,0.0
5978,188,218.75,6,0.2
5978,132,201.37,10,0.15
5979,516,190.47,2,0.1
5980,453,198.08,2,0.1
5980,477,311.58,4,0.2
5980,855,34.72,7,0.05
5980,123,328.84,8,0.2
5981,902,264.05,10,0.0
5981,800,287.34,9,0.05
5981,114,346.28,5,0.1
5981,96,27.97,3,0.15
5982,685,261.29,4,0.1
5983,920,237.63,4,0.1
5983,751,326.33,1,0.2
5983,556,399.15,9,0.1
5983,765,87.98,1,0.1
5983,581,309.38,6,0.1
5984,184,239.14,6,0.15
5984,516,231.11,4,0.2
5984,508,210.57,9,0.2
5984,398,47.33,6,0.05
5984,949,379.94,3,0.1
5985,883,498.11,4,0.05
5986,209,482.2,5,0.0
5986,193,265.02,10,0.1
5986,823,161.97,9,0.2
5986,178,481.32,3,0.0
5987,304,184.7,10,0.0
5987,144,290.14,3,0.0
5987,816,164.68,9,0.15
5987,479,410.39,5,0.1
5987,240,358.65,3,0.2
5988,82,396.93,6,0.05
5988,826,340.75,9,0.15
5988,172,23.41,2,0.2
5988,13,33.36,3,0.1
5989,771,495.95,3,0.05
5989,382,182.85,3,0.1
5989,156,152.31,8,0.15
5989,927,402.0,10,0.05
5990,435,215.14,6,0.1
5991,940,324.95,7,0.15
5991,425,36.4,4,0.15
5991,903,485.91,8,0.0
5992,845,35.03,6,0.1
5993,796,455.16,9,0.05
5993,995,491.84,8,0.2
5993,362,134.9,4,0.15
5993,240,55.57,2,0.15
5994,863,341.38,9,0.1
5995,633,361.74,8,0.2
5995,110,49.63,9,0.15
5995,705,402.84,9,0.0
5995,65,186.12,10,0.0
5996,646,304.99,8,0.2
5996,925,140.99,9,0.15
5996,440,43.16,6,0.15
5996,143,48.73,7,0.05
5996,242,383.17,1,0.0
5997,265,452.84,2,0.2
5998,46,170.97,7,0.2
5998,445,176.21,10,0.0
5998,672,406.89,4,0.15
5999,911,275.55,7,0.0
6000,434,298.64,1,0.05
6000,868,397.24,8,0.1
6000,211,94.94,8,0.2
6001,457,217.54,4,0.0
6001,665,364.61,5,0.15
6002,96,486.07,7,0.0
6003,905,355.56,3,0.2
6003,417,73.12,7,0.2
6003,926,89.56,4,0.15
6004,54,495.98,4,0.1
6004,97,79.32,2,0.1
6005,839,82.14,10,0.2
6005,512,203.05,3,0.2
6005,448,63.69,9,0.0
6005,235,109.04,10,0.15
6005,32,346.92,9,0.1
6006,374,43.81,6,0.2
6006,605,101.48,7,0.05
6007,931,228.84,9,0.2
6007,908,451.62,5,0.1
6007,752,345.91,2,0.2
6007,289,265.15,9,0.0
6008,219,69.02,8,0.05
6008,582,106.87,3,0.2
6009,162,99.71,8,0.1
6009,659,160.03,4,0.2
6009,781,241.41,6,0.1
6009,231,149.95,5,0.0
6009,634,400.59,6,0.1
6010,331,154.53,2,0.05
6010,361,216.3,10,0.0
6010,197,408.1,1,0.05
6010,188,365.15,5,0.2
6011,972,16.17,8,0.0
6011,121,241.27,9,0.15
6011,285,261.96,7,0.15
6011,691,377.92,4,0.15
6011,108,458.46,1,0.1
6012,769,254.07,5,0.05
6012,312,253.16,6,0.05
6012,351,238.36,8,0.05
6013,925,426.0,10,0.1
6013,407,108.55,3,0.1
6014,281,243.39,2,0.05
6014,584,459.54,7,0.2
6014,973,164.09,2,0.1
6015,427,89.47,1,0.0
6015,612,294.1,3,0.1
6016,383,468.15,3,0.2
6016,242,247.39,1,0.2
6016,885,462.16,6,0.05
6016,320,258.72,10,0.15
6016,763,20.81,7,0.1
6017,79,110.61,8,0.1
6018,589,407.07,7,0.05
6018,402,453.52,7,0.2
6018,854,71.92,7,0.0
6018,512,13.08,10,0.2
6018,571,326.75,2,0.2
6019,302,336.94,8,0.2
6020,27,400.69,6,0.0
6020,336,173.39,5,0.2
6020,39,16.25,1,0.05
6021,430,498.2,8,0.0
6021,649,446.59,2,0.0
6021,803,331.83,1,0.0
6022,102,468.88,6,0.05
6022,498,226.01,9,0.0
6022,826,236.0,5,0.0
6022,108,283.42,9,0.2
6022,997,162.62,10,0.15
6023,673,393.96,2,0.1
6023,218,371.39,5,0.1
6023,77,472.79,2,0.15
6024,220,347.95,10,0.2
6024,764,73.9,9,0.05
6024,250,199.01,8,0.0
6025,608,233.01,2,0.2
6026,426,280.58,8,0.1
6026,565,249.88,2,0.2
6026,804,340.3,9,0.2
6026,141,235.32,3,0.05
6026,788,35.47,8,0.1
6027,850,279.13,2,0.15
6027,485,165.16,9,0.1
6027,849,59.14,4,0.0
6028,750,425.01,4,0.05
6029,23,153.23,3,0.0
6029,418,215.82,7,0.15
6030,631,255.6,7,0.0
6030,997,300.18,5,0.0
6031,186,430.05,3,0.2
6032,207,346.71,3,0.15
6032,740,162.89,10,0.05
6032,769,418.32,9,0.0
6032,524,123.15,6,0.0
6033,174,221.11,9,0.0
6033,762,353.08,8,0.15
6034,596,326.22,3,0.1
6034,981,239.43,4,0.15
6035,426,62.47,4,0.0
6035,544,169.44,4,0.05
6036,142,29.98,2,0.2
6036,436,322.96,3,0.05
6036,50,459.5,8,0.05
6037,539,332.14,2,0.05
6037,961,91.56,3,0.1
6037,845,316.52,7,0.1
6037,956,472.67,2,0.0
6037,575,47.94,8,0.1
6038,183,33.08,6,0.0
6038,930,26.87,10,0.0
6038,885,42.75,8,0.0
6039,517,403.71,2,0.0
6039,29,486.11,2,0.1
6039,523,21.39,5,0.0
6040,847,365.45,6,0.0
6040,166,421.19,2,0.05
6041,467,39.39,9,0.05
6041,797,203.69,1,0.05
6041,784,287.4,10,0.15
6041,956,130.68,1,0.15
6041,340,312.07,2,0.1
6042,978,486.37,10,0.0
6042,247,25.44,6,0.0
6042,505,158.47,5,0.15
6042,934,355.09,9,0.0
6042,915,395.95,6,0.15
6043,44,287.35,9,0.05
6044,553,176.26,10,0.0
6044,741,410.11,8,0.1
6044,246,439.19,7,0.05
6045,946,310.91,10,0.0
6045,889,183.44,4,0.05
6045,485,471.24,5,0.15
6046,14,381.76,10,0.0
6046,825,447.92,9,0.05
6046,793,184.46,7,0.05
6047,953,27.2,6,0.2
6047,862,470.44,9,0.2
6047,277,45.8,9,0.1
6047,864,181.61,8,0.0
6048,24,186.81,7,0.15
6048,454,455.6,8,0.0
6048,864,38.59,7,0.0
6048,463,473.3,5,0.05
6049,256,20.27,4,0.1
6050,576,269.18,9,0.0
6050,400,167.72,8,0.2
6051,10,363.36,9,0.15
6052,942,443.23,10,0.0
6053,842,265.15,4,0.1
6054,336,225.0,9,0.0
6054,323,136.67,5,0.05
6054,63,383.73,5,0.1
6054,765,211.25,10,0.05
6055,409,116.17,6,0.0
6055,179,296.71,9,0.0
6055,425,360.14,4,0.2
6055,790,441.29,4,0.05
6056,937,311.69,5,0.0
6056,718,166.24,6,0.05
6056,895,291.18,10,0.05
6057,473,53.62,6,0.2
6057,483,312.55,7,0.0
6057,695,459.49,7,0.0
6057,465,38.64,4,0.0
6058,249,412.79,8,0.2
6059,70,241.06,10,0.15
6059,821,336.31,9,0.2
6059,966,91.17,4,0.0
6059,554,291.39,8,0.15
6060,839,281.57,1,0.0
6060,328,306.99,1,0.15
6061,649,22.72,5,0.15
6061,340,355.35,7,0.0
6062,905,10.91,9,0.2
6062,937,22.89,3,0.1
6062,887,373.07,3,0.2
6063,787,235.43,9,0.1
6063,769,22.52,1,0.1
6063,612,442.94,10,0.0
6063,467,94.95,5,0.0
6063,203,211.05,2,0.15
6064,140,289.34,8,0.05
6064,196,25.76,1,0.1
6064,968,451.31,4,0.0
6064,511,66.79,10,0.05
6065,128,268.16,7,0.1
6065,869,229.57,5,0.2
6065,866,192.63,6,0.0
6066,210,131.74,8,0.1
6066,85,357.61,8,0.0
6067,935,35.37,8,0.0
6067,388,168.5,1,0.0
6067,367,247.26,9,0.2
6068,913,82.99,9,0.05
6068,523,415.0,2,0.05
6069,148,361.56,2,0.1
6070,415,429.52,1,0.15
6070,959,333.08,7,0.15
6071,374,342.85,2,0.2
6071,730,222.3,10,0.15
6071,831,78.94,1,0.0
6071,505,223.75,10,0.15
6071,321,129.9,6,0.2
6072,822,295.57,10,0.05
6072,735,427.29,4,0.0
6072,659,319.98,2,0.0
6072,726,13.91,9,0.0
6073,525,171.68,8,0.0
6073,203,454.14,1,0.2
6073,81,347.46,7,0.15
6073,234,362.41,8,0.15
6074,520,393.46,4,0.15
6074,88,418.69,1,0.15
6074,539,43.17,8,0.0
6075,975,177.24,1,0.15
6075,364,178.66,5,0.2
6076,625,403.37,8,0.2
6076,120,88.19,7,0.1
6077,803,277.98,4,0.1
6078,315,40.1,9,0.2
6078,213,174.09,6,0.2
6078,282,301.24,2,0.0
6079,468,416.36,7,0.05
6079,464,163.59,10,0.0
6079,111,422.94,9,0.0
6079,501,274.09,9,0.05
6079,322,89.15,1,0.15
6080,567,345.61,6,0.1
6080,752,124.33,1,0.0
6081,136,482.46,10,0.2
6082,538,234.92,3,0.05
6082,624,138.47,8,0.15
6083,977,309.3,4,0.1
6084,507,31.38,4,0.0
6084,486,20.91,10,0.2
6084,660,462.12,3,0.1
6084,698,188.15,2,0.0
6084,391,457.85,8,0.0
6085,968,75.88,8,0.0
6085,143,349.0,7,0.2
6085,791,137.35,7,0.15
6085,400,185.1,7,0.1
6085,344,275.45,1,0.1
6086,652,417.25,10,0.0
6086,732,325.82,4,0.15
6087,598,104.85,5,0.1
6087,964,213.35,2,0.05
6087,463,413.47,3,0.1
6088,566,323.57,5,0.0
6088,747,167.54,8,0.05
6088,871,69.39,4,0.0
6088,457,350.78,10,0.0
6088,443,131.3,7,0.2
6089,822,436.88,1,0.05
6089,606,395.87,9,0.05
6090,463,97.57,1,0.15
6090,444,406.85,2,0.0
6090,498,115.53,6,0.0
6090,743,408.62,4,0.05
6090,181,209.33,9,0.2
6091,839,306.34,8,0.2
6091,623,110.73,8,0.15
6091,295,146.78,8,0.05
6092,981,172.56,2,0.2
6092,297,454.85,6,0.1
6093,779,243.05,8,0.15
6093,962,30.81,2,0.05
6093,446,450.85,2,0.15
6093,554,254.96,8,0.0
6093,260,198.76,10,0.2
6094,279,326.64,9,0.05
6094,318,295.46,4,0.05
6094,190,143.32,1,0.0
6095,172,332.4,6,0.1
6095,599,470.39,5,0.15
6095,698,475.48,3,0.0
6096,452,123.66,2,0.15
6097,44,284.72,5,0.05
6097,550,130.17,10,0.15
6097,45,322.89,7,0.15
6097,390,484.15,4,0.05
6097,811,470.72,10,0.2
6098,228,353.62,6,0.2
6098,592,291.09,6,0.2
6098,104,269.42,2,0.2
6098,565,383.17,5,0.2
6098,492,99.87,7,0.1
6099,69,435.02,9,0.0
6100,743,206.66,1,0.0
6100,277,217.1,7,0.2
6101,553,140.0,4,0.2
6101,813,45.74,7,0.05
6102,870,225.22,2,0.2
6102,5,192.33,9,0.05
6102,953,77.07,2,0.15
6102,702,131.6,1,0.1
6103,400,258.6,6,0.2
6103,293,19.94,2,0.15
6103,627,180.14,3,0.1
6104,716,491.95,2,0.15
6105,371,300.11,4,0.1
6105,26,230.45,2,0.1
6105,300,55.87,8,0.15
6106,78,421.28,6,0.05
6107,983,265.22,10,0.05
6107,900,334.32,4,0.2
6108,609,455.09,4,0.2
6108,128,339.33,2,0.2
6109,285,32.19,8,0.1
6109,913,119.49,3,0.15
6109,669,90.62,5,0.05
6109,815,91.92,4,0.15
6110,43,426.72,6,0.15
6110,981,242.21,3,0.2
6110,745,146.83,3,0.1
6110,647,411.29,3,0.05
6111,925,150.41,8,0.05
6111,434,255.75,4,0.05
6112,313,125.67,7,0.0
6112,765,388.89,4,0.05
6113,154,228.3,7,0.0
6113,675,254.46,6,0.2
6114,313,143.33,2,0.15
6114,699,117.29,10,0.2
6115,749,398.5,2,0.2
6116,296,455.95,3,0.1
6116,750,63.62,3,0.2
6117,232,251.22,3,0.05
6117,365,261.25,9,0.05
6117,831,82.99,10,0.05
6117,617,298.45,5,0.2
6118,37,307.01,10,0.05
6118,838,209.68,8,0.2
6118,28,190.2,2,0.1
6118,842,470.32,6,0.1
6118,808,387.34,10,0.1
6119,280,79.04,10,0.15
6119,751,461.49,8,0.05
6119,314,219.9,4,0.05
6120,210,402.51,9,0.05
6120,999,109.38,6,0.1
6121,654,434.35,8,0.2
6121,648,176.73,4,0.2
6121,870,105.99,2,0.0
6121,842,433.85,7,0.1
6122,117,431.41,7,0.1
6122,149,179.71,7,0.2
6123,456,227.17,6,0.15
6123,933,62.47,8,0.0
6123,361,187.23,2,0.2
6123,860,119.32,4,0.05
6124,375,91.78,6,0.1
6124,405,18.39,4,0.1
6125,313,356.43,4,0.1
6125,116,50.75,4,0.15
6125,780,104.36,3,0.0
6125,794,468.05,3,0.05
6125,57,25.72,8,0.05
6126,180,389.58,1,0.15
6126,871,274.08,9,0.15
6126,130,216.39,1,0.15
6126,646,18.08,10,0.15
6126,441,405.27,9,0.2
6127,822,377.05,9,0.15
6127,234,163.24,7,0.2
6127,945,473.94,10,0.05
6127,610,316.24,6,0.2
6128,89,485.38,3,0.2
6129,313,431.58,6,0.0
6129,596,409.61,4,0.05
6129,666,467.49,6,0.05
6129,213,72.97,7,0.2
6129,539,152.04,9,0.15
6130,894,333.6,1,0.0
6130,704,423.45,1,0.15
6131,800,94.12,10,0.15
6131,202,457.64,10,0.0
6131,207,414.53,9,0.15
6132,317,64.32,2,0.1
6132,906,55.64,7,0.1
6132,699,416.16,5,0.15
6132,783,400.52,10,0.05
6133,637,390.72,10,0.15
6133,426,285.11,7,0.2
6134,54,268.25,1,0.1
6135,4,213.94,1,0.2
6135,204,256.94,9,0.1
6135,192,430.83,4,0.2
6135,165,49.63,5,0.2
6136,252,414.99,6,0.05
6136,121,285.47,9,0.2
6136,903,118.61,3,0.2
6136,907,354.68,5,0.1
6137,515,418.19,3,0.05
6137,899,371.44,2,0.15
6138,783,51.87,10,0.15
6139,765,283.76,4,0.2
6139,862,93.99,3,0.0
6140,100,483.76,2,0.0
6141,996,303.76,9,0.1
6141,49,286.05,1,0.1
6141,872,469.73,3,0.0
6141,764,294.99,8,0.15
6142,687,486.14,1,0.2
6142,844,477.95,6,0.05
6142,247,47.59,5,0.05
6142,106,75.89,4,0.15
6143,762,90.57,2,0.1
6143,828,445.46,8,0.05
6143,245,325.4,6,0.0
6144,967,106.06,3,0.15
6144,388,455.97,6,0.0
6144,831,294.97,5,0.1
6144,157,410.76,5,0.2
6145,86,467.65,5,0.2
6145,508,439.71,4,0.15
6146,818,494.88,7,0.0
6147,732,375.32,7,0.05
6147,525,370.6,8,0.05
6147,486,237.92,3,0.1
6147,969,245.71,9,0.1
6148,247,227.52,1,0.0
6148,413,412.96,9,0.2
6148,214,283.11,2,0.0
6148,615,80.36,6,0.15
6148,122,282.04,3,0.05
6149,955,342.01,6,0.2
6149,238,220.39,4,0.1
6150,673,121.57,5,0.05
6150,135,80.64,5,0.0
6151,125,136.69,5,0.05
6152,916,188.01,7,0.1
6152,6,379.91,8,0.15
6153,746,384.81,2,0.05
6154,128,126.67,3,0.0
6154,498,23.74,5,0.05
6154,265,497.5,9,0.2
6155,905,23.08,2,0.15
6155,205,306.29,5,0.15
6155,715,221.65,9,0.0
6155,984,385.16,3,0.15
6155,581,335.8,9,0.15
6156,761,64.36,2,0.15
6156,573,415.18,7,0.15
6156,354,66.12,5,0.15
6157,944,394.89,10,0.15
6157,658,195.24,5,0.15
6157,565,286.16,7,0.1
6157,334,303.04,1,0.05
6158,977,232.92,5,0.15
6158,164,311.11,5,0.2
6158,485,99.81,5,0.1
6158,862,239.23,4,0.1
6158,964,154.51,8,0.2
6159,42,63.45,8,0.15
6159,49,260.74,6,0.05
6160,80,139.34,1,0.1
6160,241,215.57,6,0.05
6160,497,477.85,6,0.05
6160,133,42.59,8,0.0
6160,692,490.46,8,0.05
6161,815,279.8,1,0.0
6161,507,81.06,1,0.05
6161,466,28.87,4,0.05
6161,587,33.89,8,0.15
6162,861,55.11,2,0.1
6162,19,441.97,3,0.05
6162,740,256.28,5,0.0
6162,29,429.35,10,0.1
6162,653,191.54,1,0.15
6163,498,283.01,1,0.15
6163,126,107.94,10,0.2
6164,292,276.2,7,0.15
6164,283,230.48,7,0.1
6164,764,355.96,7,0.05
6165,815,436.28,7,0.1
6165,701,40.77,6,0.0
6165,987,74.84,7,0.1
6165,34,436.34,5,0.15
6165,682,422.21,8,0.0
6166,169,41.67,5,0.0
6166,804,188.03,4,0.2
6166,666,230.43,9,0.15
6167,786,23.17,10,0.2
6168,278,37.44,10,0.05
6168,935,404.78,8,0.15
6168,355,127.7,4,0.2
6169,191,105.14,6,0.1
6170,993,329.83,7,0.0
6170,964,482.25,3,0.0
6171,506,37.49,1,0.15
6171,423,25.71,4,0.15
6172,922,215.44,9,0.0
6172,406,128.55,7,0.2
6173,446,307.06,5,0.15
6173,17,325.56,1,0.0
6173,460,174.96,10,0.05
6173,732,372.32,10,0.2
6174,588,141.46,10,0.0
6174,193,329.97,7,0.0
6174,281,188.36,1,0.05
6175,450,84.54,3,0.05
6175,625,472.76,6,0.1
6175,716,228.28,5,0.0
6175,575,313.79,5,0.1
6175,903,498.64,1,0.2
6176,40,213.64,5,0.0
6176,445,295.23,2,0.15
6176,394,439.81,2,0.15
6176,26,287.22,2,0.05
6176,238,465.18,4,0.05
6177,206,400.15,9,0.0
6177,299,141.7,4,0.05
6177,331,97.18,7,0.1
6177,813,145.91,6,0.2
6178,415,157.97,5,0.15
6179,810,170.87,3,0.2
6180,565,467.48,2,0.1
6180,117,212.21,5,0.0
6180,336,318.75,10,0.1
6180,1000,289.86,8,0.2
6181,434,18.04,9,0.0
6182,353,429.33,7,0.0
6182,451,86.1,10,0.2
6183,974,140.12,9,0.2
6183,152,447.18,8,0.0
6184,488,249.22,10,0.15
6184,53,409.76,1,0.0
6184,420,389.88,1,0.05
6185,696,288.91,8,0.2
6186,941,216.5,8,0.0
6186,791,329.2,9,0.15
6186,773,334.76,2,0.15
6186,711,177.23,2,0.05
6187,447,172.8,10,0.1
6187,422,41.48,6,0.0
6187,138,216.77,3,0.2
6188,180,197.18,2,0.1
6189,941,408.38,5,0.15
6189,156,150.63,10,0.15
6190,353,480.65,2,0.2
6190,908,144.31,9,0.0
6190,126,324.27,5,0.15
6190,216,123.66,6,0.2
6190,433,480.97,1,0.05
6191,978,55.85,2,0.1
6191,833,70.95,3,0.0
6191,141,485.55,10,0.0
6191,626,489.22,6,0.2
6192,959,295.91,4,0.15
6192,747,320.28,3,0.15
6192,516,318.78,4,0.0
6192,299,389.2,5,0.2
6192,70,135.07,1,0.15
6193,71,175.43,3,0.0
6193,737,479.17,4,0.2
6193,524,477.95,3,0.05
6193,164,91.4,10,0.05
6193,639,69.6,2,0.1
6194,869,48.87,6,0.1
6194,231,246.73,10,0.15
6195,264,436.94,10,0.2
6196,964,432.35,3,0.0
6196,673,195.59,1,0.1
6196,234,414.58,10,0.1
6196,81,437.3,5,0.05
6196,810,381.14,3,0.2
6197,356,47.51,3,0.2
6197,862,335.64,10,0.05
6197,660,272.52,9,0.2
6198,207,224.72,10,0.0
6198,79,138.75,9,0.15
6198,4,213.13,5,0.05
6199,223,296.63,1,0.0
6199,5,271.24,8,0.0
6199,899,442.26,7,0.2
6199,7,375.42,9,0.05
6200,769,82.41,5,0.0
6200,585,49.02,7,0.05
6201,954,274.93,1,0.15
6201,21,128.53,3,0.2
6201,90,61.3,10,0.15
6201,795,442.69,1,0.15
6201,426,250.48,2,0.2
6202,636,449.79,1,0.1
6202,19,218.59,6,0.05
6202,442,146.98,1,0.0
6202,430,401.04,7,0.15
6202,929,50.48,2,0.15
6203,821,228.04,4,0.2
6203,469,429.16,6,0.1
6204,696,352.31,7,0.0
6204,96,419.77,9,0.15
6205,530,360.12,3,0.0
6205,114,258.45,10,0.05
6205,905,287.63,4,0.0
6205,286,468.08,5,0.1
6205,796,307.07,3,0.2
6206,423,280.24,8,0.15
6206,817,318.3,7,0.15
6206,890,390.22,2,0.2
6207,475,34.23,1,0.2
6207,38,86.87,8,0.05
6207,764,227.12,7,0.15
6208,368,403.23,2,0.2
6208,685,174.62,6,0.15
6208,922,90.91,1,0.05
6209,71,277.74,6,0.0
6209,669,237.34,8,0.05
6209,236,327.85,3,0.15
6210,353,298.8,1,0.15
6210,857,471.77,6,0.2
6211,124,388.19,6,0.0
6211,161,334.7,1,0.0
6212,613,316.1,10,0.2
6212,995,99.05,5,0.2
6212,619,464.07,7,0.0
6212,111,116.82,2,0.0
6212,179,10.05,6,0.2
6213,466,237.95,2,0.0
6214,95,134.34,6,0.2
6214,171,122.49,8,0.2
6214,60,186.39,7,0.05
6214,960,265.63,5,0.1
6214,703,132.43,5,0.15
6215,951,94.77,4,0.0
6215,117,14.44,8,0.05
6215,635,201.57,8,0.1
6215,428,244.42,1,0.2
6215,394,44.18,2,0.2
6216,964,368.06,8,0.15
6217,232,100.69,2,0.1
6217,220,349.44,5,0.15
6217,790,139.49,6,0.1
6217,438,229.63,4,0.0
6217,540,40.19,1,0.05
6218,887,308.45,8,0.1
6218,439,425.65,3,0.15
6218,978,166.36,2,0.1
6218,573,266.46,2,0.05
6219,359,57.88,7,0.1
6219,135,109.34,10,0.15
6219,635,288.07,5,0.15
6220,10,460.84,6,0.2
6220,68,326.85,7,0.2
6220,683,432.32,5,0.2
6221,456,88.26,5,0.1
6221,822,425.4,3,0.2
6222,860,364.68,3,0.1
6222,832,24.31,3,0.05
6223,1000,265.51,10,0.0
6224,166,484.77,10,0.1
6224,903,105.34,8,0.0
6225,38,82.79,4,0.2
6225,110,156.26,5,0.05
6225,49,339.66,10,0.0
6226,898,288.55,1,0.0
6227,847,137.51,2,0.2
6227,495,95.72,9,0.05
6227,846,78.84,10,0.1
6227,745,410.91,2,0.0
6228,733,358.28,1,0.05
6228,437,444.68,10,0.0
6228,908,45.9,7,0.2
6228,717,432.81,4,0.1
6228,858,363.54,9,0.15
6229,425,241.33,7,0.15
6229,147,307.33,1,0.15
6229,623,81.98,8,0.2
6229,979,96.04,10,0.05
6230,619,403.82,7,0.2
6230,805,328.77,7,0.1
6230,29,97.07,8,0.05
6230,732,157.51,8,0.15
6231,693,261.33,8,0.05
6231,375,57.6,2,0.05
6232,296,98.37,9,0.15
6232,746,240.19,6,0.15
6232,627,398.74,5,0.1
6233,123,90.35,9,0.0
6233,211,437.92,6,0.15
6234,208,215.77,3,0.05
6235,678,81.19,1,0.1
6235,743,490.58,1,0.2
6236,396,338.99,5,0.0
6236,700,240.39,5,0.2
6236,946,465.57,1,0.0
6237,490,60.15,8,0.2
6237,640,460.25,9,0.1
6237,637,282.91,6,0.05
6237,620,250.21,2,0.0
6237,495,185.88,3,0.15
6238,720,320.78,4,0.15
6238,15,50.58,4,0.05
6238,477,27.4,1,0.15
6239,794,421.42,4,0.15
6239,167,94.23,9,0.0
6240,826,468.71,2,0.0
6240,837,396.76,4,0.0
6240,468,242.68,7,0.15
6240,577,54.13,10,0.15
6240,638,234.21,2,0.2
6241,604,395.62,10,0.15
6241,979,266.9,7,0.05
6241,985,206.57,8,0.0
6241,442,381.27,2,0.15
6242,178,294.48,1,0.0
6242,417,228.14,3,0.0
6242,680,499.3,3,0.15
6242,707,45.86,3,0.0
6242,373,407.68,2,0.2
6243,911,307.3,7,0.05
6243,667,234.76,2,0.15
6243,981,242.68,5,0.2
6243,20,314.31,9,0.1
6244,442,264.6,2,0.15
6244,500,255.11,5,0.0
6245,308,463.2,2,0.05
6245,555,18.46,2,0.05
6245,357,370.82,9,0.15
6246,482,62.13,5,0.2
6246,13,341.84,9,0.15
6247,104,189.84,10,0.05
6247,930,382.08,8,0.2
6247,718,401.05,3,0.1
6247,708,302.0,4,0.05
6248,702,444.85,10,0.05
6248,577,215.68,7,0.1
6248,79,87.8,6,0.0
6248,606,49.54,3,0.15
6248,504,42.61,1,0.2
6249,742,76.16,3,0.15
6250,323,182.19,10,0.2
6250,387,400.6,4,0.15
6250,675,219.65,8,0.05
6250,934,469.53,3,0.15
6251,166,213.4,8,0.15
6251,447,113.74,2,0.1
6251,677,462.96,4,0.1
6252,498,310.59,5,0.05
6252,692,148.49,8,0.0
6253,146,206.42,5,0.15
6253,786,268.97,5,0.2
6253,744,222.78,6,0.15
6253,497,132.96,2,0.05
6254,726,21.43,7,0.15
6255,742,85.2,8,0.05
6256,311,183.81,7,0.0
6256,342,304.49,1,0.0
6256,121,332.04,9,0.0
6256,208,207.1,2,0.0
6256,745,443.18,6,0.2
6257,704,109.96,7,0.05
6257,2,344.27,3,0.15
6257,985,94.1,4,0.15
6258,23,421.14,5,0.05
6258,344,85.47,3,0.15
6258,756,14.93,3,0.15
6259,281,461.69,5,0.0
6259,920,194.01,9,0.05
6259,399,476.22,6,0.2
6259,967,377.09,5,0.1
6259,719,267.41,1,0.05
6260,770,240.82,2,0.0
6260,19,377.35,7,0.1
6261,759,20.97,8,0.1
6262,382,267.13,8,0.2
6263,690,365.47,9,0.15
6263,135,353.9,2,0.1
6263,294,380.36,6,0.0
6264,340,136.76,10,0.15
6264,504,316.78,10,0.05
6264,996,56.97,9,0.0
6264,425,289.35,5,0.05
6265,734,430.21,4,0.15
6265,913,189.26,6,0.0
6265,64,299.5,2,0.15
6266,52,323.88,3,0.05
6267,698,358.84,8,0.2
6267,997,313.14,7,0.15
6267,339,75.86,4,0.1
6267,931,451.21,2,0.15
6268,674,341.89,1,0.2
6268,67,309.07,7,0.1
6268,870,481.26,9,0.15
6268,310,60.64,7,0.2
6268,536,84.49,2,0.0
6269,228,237.52,6,0.15
6269,838,144.88,2,0.05
6269,697,454.37,9,0.15
6269,391,220.04,1,0.1
6269,552,140.84,8,0.0
6270,397,121.46,10,0.0
6270,579,134.44,9,0.0
6270,304,258.68,7,0.05
6270,676,359.4,9,0.05
6270,66,165.53,6,0.15
6271,289,100.18,1,0.2
6272,947,301.84,3,0.0
6272,86,83.8,10,0.1
6273,973,115.07,3,0.1
6273,344,68.45,7,0.15
6274,714,32.2,9,0.1
6274,183,202.09,1,0.2
6274,979,11.73,3,0.2
6274,673,278.54,5,0.0
6275,854,47.8,2,0.05
6276,93,185.79,3,0.15
6277,883,428.08,6,0.1
6278,475,348.64,2,0.1
6278,950,41.66,1,0.1
6279,140,272.7,7,0.1
6279,895,368.25,9,0.2
6279,534,20.48,10,0.0
6280,951,166.95,7,0.0
6280,640,174.36,2,0.2
6280,711,479.72,5,0.15
6281,97,248.27,9,0.0
6281,888,61.69,3,0.05
6281,207,48.07,5,0.2
6282,416,257.06,3,0.2
6282,969,165.64,5,0.2
6282,235,178.28,10,0.2
6282,426,229.14,3,0.15
6282,434,179.87,8,0.0
6283,355,211.15,9,0.1
6284,883,440.89,3,0.2
6284,982,324.34,9,0.0
6284,198,356.03,7,0.0
6285,992,130.62,6,0.15
6285,421,54.81,7,0.0
6285,183,168.89,2,0.0
6285,630,452.32,1,0.05
6285,703,252.88,10,0.05
6286,818,83.57,1,0.2
6287,951,391.51,1,0.0
6287,630,349.87,8,0.15
6287,948,423.58,6,0.15
6287,525,463.55,6,0.1
6288,395,102.32,5,0.15
6288,142,213.86,7,0.2
6288,707,40.85,5,0.1
6289,523,416.51,1,0.2
6289,815,174.78,10,0.2
6289,384,462.47,1,0.2
6289,635,163.3,10,0.0
6290,386,115.45,3,0.15
6290,19,421.51,7,0.05
6290,874,366.6,6,0.0
6291,239,57.53,4,0.0
6292,480,10.38,3,0.1
6292,832,211.04,8,0.15
6292,35,335.61,7,0.2
6292,245,329.78,8,0.0
6292,233,218.21,5,0.0
6293,521,36.19,10,0.0
6294,482,331.32,10,0.2
6295,508,387.25,9,0.1
6295,176,182.13,6,0.15
6295,181,27.59,4,0.1
6295,291,109.48,5,0.2
6296,450,405.46,2,0.0
6297,239,329.86,6,0.15
6298,343,442.43,4,0.05
6299,858,129.72,8,0.1
6299,607,250.43,1,0.15
6299,288,111.98,9,0.1
6300,578,431.1,3,0.2
6300,639,205.5,4,0.15
6301,668,133.37,2,0.0
6301,702,405.64,3,0.1
6301,938,215.09,2,0.15
6301,948,183.34,1,0.15
6301,239,475.19,5,0.05
6302,852,22.63,5,0.0
6302,984,378.09,7,0.2
6303,379,79.0,9,0.05
6303,103,233.48,6,0.15
6303,283,383.62,4,0.2
6303,524,131.38,1,0.2
6304,913,86.01,2,0.0
6304,699,242.33,2,0.1
6305,721,470.29,4,0.0
6305,197,356.77,5,0.05
6305,440,394.94,2,0.1
6306,105,350.41,10,0.05
6306,785,411.45,10,0.05
6307,8,29.32,4,0.2
6307,592,313.84,6,0.0
6307,602,123.98,1,0.05
6307,508,318.76,10,0.2
6308,789,387.14,4,0.1
6308,555,301.59,2,0.05
6308,533,120.36,8,0.1
6308,961,195.62,8,0.1
6309,256,363.63,1,0.2
6309,477,203.74,3,0.05
6309,972,189.91,4,0.2
6310,70,477.22,2,0.05
6310,446,41.18,10,0.0
6310,30,156.95,3,0.05
6311,946,145.17,4,0.05
6311,81,243.65,5,0.0
6311,320,177.88,7,0.1
6311,340,99.72,6,0.1
6311,862,288.39,3,0.15
6312,923,315.62,1,0.15
6313,282,61.72,9,0.15
6313,81,90.17,8,0.2
6313,687,419.89,3,0.2
6314,331,66.55,3,0.2
6314,198,372.31,7,0.15
6314,534,405.61,5,0.0
6315,756,293.99,10,0.05
6316,556,42.47,3,0.0
6316,752,475.93,2,0.2
6316,460,432.1,8,0.1
6316,43,136.9,1,0.0
6317,326,134.24,4,0.0
6318,131,359.21,7,0.1
6318,168,295.72,3,0.05
6319,453,155.56,5,0.1
6319,170,437.98,4,0.2
6320,920,330.34,10,0.2
6320,214,167.11,4,0.05
6320,312,425.75,4,0.15
6320,493,242.93,5,0.05
6320,435,87.25,7,0.15
6321,390,151.06,5,0.05
6322,125,456.3,7,0.05
6322,294,201.0,6,0.1
6322,368,122.1,6,0.1
6323,555,492.63,10,0.0
6323,513,369.73,9,0.2
6323,347,381.58,1,0.05
6324,484,467.14,5,0.2
6324,471,292.85,9,0.1
6324,701,113.67,10,0.0
6325,772,433.19,2,0.05
6326,825,271.13,4,0.05
6327,921,101.31,7,0.0
6328,430,54.83,10,0.15
6328,143,111.39,2,0.0
6328,366,82.52,10,0.2
6328,969,321.64,4,0.05
6329,147,224.16,3,0.2
6330,2,496.34,8,0.1
6331,560,244.79,1,0.1
6331,562,135.33,5,0.0
6331,677,144.25,4,0.2
6331,670,440.79,1,0.2
6331,552,466.88,7,0.15
6332,532,47.86,4,0.2
6332,978,131.58,7,0.05
6332,672,81.54,4,0.05
6333,1000,220.41,6,0.1
6333,216,288.02,5,0.15
6333,395,464.1,10,0.05
6333,283,17.41,5,0.2
6333,793,283.19,6,0.0
6334,924,237.0,2,0.15
6334,218,100.52,10,0.0
6334,154,435.72,8,0.05
6334,378,213.49,3,0.1
6335,216,73.38,10,0.2
6335,945,328.93,7,0.05
6336,914,396.71,8,0.0
6336,909,43.99,1,0.0
6336,137,428.11,5,0.0
6336,349,243.04,9,0.2
6337,134,244.7,5,0.2
6337,150,167.21,10,0.05
6338,507,261.88,6,0.2
6339,518,246.89,5,0.0
6339,843,499.17,4,0.2
6339,678,204.01,8,0.15
6339,953,225.21,1,0.05
6340,911,226.71,7,0.15
6340,645,412.93,9,0.0
6340,838,109.42,8,0.0
6340,195,357.52,10,0.2
6341,257,414.71,2,0.05
6341,701,104.65,6,0.15
6341,414,267.88,3,0.05
6341,760,323.52,5,0.2
6341,379,372.38,1,0.2
6342,314,223.01,7,0.05
6342,50,315.98,4,0.15
6343,317,274.01,8,0.15
6343,75,225.68,5,0.1
6343,278,289.34,10,0.1
6344,514,272.76,7,0.2
6345,555,294.26,9,0.2
6346,601,382.6,3,0.0
6347,613,365.05,2,0.15
6347,400,417.4,6,0.05
6347,292,409.22,4,0.2
6347,300,483.03,3,0.1
6348,142,23.81,1,0.05
6348,938,34.89,10,0.15
6348,329,462.04,8,0.15
6349,679,95.49,9,0.15
6350,977,107.47,4,0.05
6351,859,325.58,9,0.05
6352,214,434.87,3,0.2
6352,41,413.91,9,0.15
6352,202,238.06,5,0.05
6352,724,480.26,7,0.0
6353,516,270.13,4,0.05
6353,702,202.16,9,0.0
6353,635,466.94,8,0.1
6354,444,468.93,1,0.2
6355,732,488.63,2,0.2
6355,994,403.6,9,0.0
6355,476,340.51,7,0.2
6356,74,123.89,10,0.0
6356,867,444.07,5,0.05
6356,997,286.82,8,0.05
6357,458,133.92,9,0.15
6358,552,194.97,7,0.0
6358,999,39.8,8,0.2
6359,176,231.22,10,0.1
6360,126,435.07,9,0.2
6360,483,280.8,3,0.05
6360,435,446.93,2,0.15
6360,334,361.54,8,0.0
6360,872,153.96,2,0.1
6361,535,467.88,6,0.15
6362,244,452.35,9,0.05
6362,243,63.84,8,0.05
6363,49,461.26,5,0.15
6363,36,435.32,10,0.1
6363,241,68.36,10,0.1
6363,464,487.02,4,0.0
6363,144,249.34,6,0.1
6364,961,26.94,1,0.05
6364,614,181.85,3,0.0
6365,931,434.0,1,0.2
6365,490,106.24,3,0.05
6365,663,213.64,1,0.05
6366,509,257.37,4,0.15
6367,861,324.59,5,0.05
6368,283,81.79,6,0.15
6368,799,308.89,9,0.0
6368,748,423.84,3,0.05
6368,413,103.04,2,0.15
6368,104,489.84,4,0.0
6369,731,379.59,6,0.15
6369,627,127.87,2,0.0
6369,616,153.03,1,0.05
6369,190,366.19,6,0.05
6369,696,496.7,9,0.0
6370,57,423.13,2,0.15
6370,165,447.12,9,0.0
6370,471,92.67,9,0.2
6371,252,117.4,6,0.1
6371,136,77.39,3,0.05
6372,766,243.96,8,0.2
6373,948,200.27,2,0.1
6374,487,187.91,7,0.1
6374,426,224.61,1,0.15
6375,155,442.24,7,0.05
6375,70,433.86,1,0.05
6375,706,41.44,3,0.0
6375,261,454.37,7,0.0
6376,873,139.13,2,0.0
6377,982,475.49,3,0.0
6377,290,22.16,10,0.1
6377,330,380.69,3,0.1
6377,346,134.24,2,0.15
6378,611,160.56,7,0.1
6379,802,11.2,3,0.05
6379,476,375.3,8,0.2
6380,842,316.36,3,0.05
6380,241,358.78,8,0.15
6380,824,421.37,10,0.2
6380,972,288.46,6,0.05
6380,188,434.81,3,0.1
6381,509,39.4,4,0.1
6382,547,69.17,6,0.1
6382,875,498.2,5,0.2
6382,94,292.35,4,0.0
6382,695,438.81,9,0.15
6382,161,70.37,1,0.0
6383,94,479.09,5,0.0
6383,896,60.76,3,0.0
6383,570,333.68,7,0.0
6383,536,34.46,1,0.15
6384,50,356.57,3,0.2
6385,483,431.46,10,0.15
6385,274,225.07,1,0.05
6385,963,149.25,4,0.0
6385,429,223.52,4,0.2
6386,713,158.93,4,0.1
6386,860,188.0,5,0.2
6387,555,177.4,5,0.15
6388,503,226.83,6,0.1
6389,299,194.39,4,0.05
6389,535,84.02,5,0.15
6389,590,297.75,4,0.0
6389,708,406.89,2,0.1
6390,610,312.1,3,0.15
6390,628,109.08,4,0.0
6390,431,303.56,7,0.05
6390,2,19.55,5,0.2
6390,601,76.16,1,0.0
6391,149,385.9,9,0.0
6391,72,34.86,9,0.2
6391,462,487.94,4,0.05
6392,292,243.85,6,0.05
6392,809,177.39,10,0.2
6393,718,441.05,4,0.2
6393,723,39.59,2,0.15
6393,409,288.79,3,0.2
6393,786,60.08,9,0.2
6393,487,191.15,9,0.1
6394,469,128.48,5,0.05
6395,586,20.01,9,0.1
6396,718,313.15,9,0.15
6396,218,356.68,6,0.2
6396,283,409.77,8,0.0
6396,404,55.61,6,0.1
6397,911,75.27,8,0.0
6397,682,314.01,6,0.1
6398,467,407.7,1,0.0
6398,899,362.94,4,0.15
6398,668,391.27,9,0.2
6398,829,35.57,10,0.15
6399,226,360.14,4,0.2
6399,321,96.36,2,0.2
6399,936,239.78,7,0.15
6400,168,438.6,10,0.1
6401,748,43.98,4,0.0
6401,79,483.87,2,0.05
6401,913,354.26,1,0.15
6402,917,206.06,1,0.15
6402,395,326.33,3,0.15
6403,265,445.87,8,0.0
6403,981,414.45,10,0.15
6404,267,41.74,3,0.05
6404,374,299.52,6,0.05
6404,14,223.15,6,0.1
6404,465,172.94,8,0.1
6405,418,70.1,3,0.0
6405,912,27.77,6,0.15
6405,681,421.48,6,0.1
6405,527,468.78,1,0.1
6406,494,401.12,5,0.05
6407,209,334.27,1,0.15
6407,544,330.19,6,0.2
6407,470,361.68,4,0.1
6407,162,313.41,3,0.1
6407,908,91.94,9,0.1
6408,568,130.98,3,0.2
6408,924,298.95,2,0.15
6408,133,40.63,7,0.05
6409,538,404.47,2,0.2
6409,963,221.28,10,0.05
6409,78,276.35,10,0.1
6409,706,386.91,4,0.1
6410,964,350.65,2,0.05
6410,791,418.94,5,0.0
6410,512,406.4,9,0.1
6411,890,190.37,9,0.15
6412,258,435.68,2,0.2
6413,831,278.03,8,0.05
6413,117,73.62,4,0.1
6414,581,459.09,1,0.2
6415,988,130.74,5,0.0
6415,144,340.78,10,0.05
6415,194,472.47,9,0.2
6415,862,276.57,4,0.05
6416,457,265.41,4,0.05
6416,696,169.97,9,0.0
6417,853,89.18,10,0.2
6417,925,305.12,6,0.2
6417,563,376.43,2,0.1
6418,550,173.8,6,0.1
6418,13,211.16,5,0.15
6418,332,157.5,3,0.15
6418,968,107.47,1,0.15
6418,630,127.43,5,0.15
6419,285,404.33,8,0.0
6420,855,457.36,1,0.1
6420,144,464.18,9,0.2
6420,544,63.29,3,0.2
6421,926,227.03,4,0.05
6421,645,321.43,8,0.15
6421,277,388.33,10,0.05
6422,20,394.32,2,0.05
6422,953,421.63,4,0.15
6422,261,220.62,1,0.1
6422,799,300.14,10,0.0
6422,460,371.31,10,0.2
6423,22,293.99,8,0.05
6423,805,58.85,9,0.0
6423,340,368.53,8,0.0
6423,467,489.21,7,0.05
6424,929,190.07,9,0.1
6424,326,45.2,10,0.0
6425,153,75.58,2,0.05
6425,132,414.1,9,0.2
6426,632,43.33,7,0.15
6426,657,433.94,8,0.0
6426,934,311.72,5,0.0
6426,764,348.61,10,0.1
6427,164,462.77,9,0.1
6427,787,373.57,5,0.1
6427,259,351.9,4,0.15
6427,91,287.61,9,0.0
6428,996,470.41,4,0.1
6429,373,118.78,8,0.1
6430,188,405.76,4,0.0
6430,919,346.72,2,0.0
6430,844,240.85,10,0.2
6430,656,451.91,4,0.1
6430,846,183.5,6,0.0
6431,604,22.93,8,0.05
6431,683,200.21,5,0.1
6432,750,311.27,3,0.1
6432,231,366.43,10,0.2
6433,452,436.89,1,0.05
6434,101,78.13,4,0.15
6434,325,429.15,3,0.05
6434,191,456.27,4,0.2
6434,894,476.01,2,0.15
6435,390,285.41,4,0.2
6436,348,60.82,8,0.2
6436,539,56.42,6,0.05
6437,660,102.11,8,0.2
6437,329,113.69,5,0.05
6437,13,45.03,2,0.05
6438,485,203.52,5,0.1
6438,634,155.41,1,0.1
6438,812,234.29,10,0.15
6439,562,177.07,3,0.15
6439,311,358.32,10,0.0
6439,226,64.0,8,0.1
6439,85,223.07,6,0.0
6439,903,208.86,4,0.0
6440,670,434.53,1,0.15
6440,969,273.29,7,0.1
6441,194,34.72,3,0.0
6441,161,324.47,3,0.05
6442,477,14.71,3,0.2
6442,923,469.69,5,0.2
6442,845,491.02,1,0.0
6443,414,77.52,6,0.0
6443,495,284.7,4,0.05
6444,867,20.78,6,0.2
6445,331,289.05,3,0.15
6445,149,306.92,5,0.15
6445,67,160.14,2,0.0
6445,902,71.7,2,0.05
6446,578,249.79,6,0.2
6447,646,251.54,8,0.2
6447,368,383.91,3,0.0
6448,759,292.67,10,0.05
6448,610,132.87,4,0.05
6448,177,289.44,9,0.0
6448,469,251.27,3,0.15
6448,593,256.37,1,0.0
6449,361,244.14,5,0.15
6449,63,424.75,1,0.05
6449,98,325.87,7,0.2
6449,478,70.05,8,0.05
6450,439,338.03,10,0.15
6450,319,284.44,2,0.05
6450,744,22.71,4,0.2
6450,15,20.15,9,0.0
6451,472,227.1,6,0.2
6451,747,172.8,5,0.0
6451,59,283.73,9,0.2
6451,688,174.29,1,0.05
6451,315,403.29,3,0.0
6452,210,282.1,1,0.2
6452,28,330.1,9,0.05
6452,315,297.22,7,0.0
6452,884,359.44,5,0.15
6452,95,86.81,9,0.15
6453,873,159.39,3,0.05
6453,564,58.86,7,0.05
6454,916,441.83,8,0.15
6454,204,426.47,3,0.1
6454,620,72.9,4,0.2
6455,352,385.6,8,0.1
6456,721,396.8,10,0.2
6456,176,184.59,6,0.15
6457,321,422.71,4,0.1
6457,244,25.3,6,0.1
6457,808,45.24,10,0.0
6458,656,133.13,3,0.2
6458,858,247.64,3,0.0
6458,281,101.02,3,0.05
6458,893,70.49,3,0.05
6459,915,122.57,3,0.2
6459,673,255.75,9,0.2
6459,9,365.36,1,0.05
6459,674,497.77,7,0.0
6460,651,182.54,1,0.15
6461,32,379.83,9,0.1
6462,900,21.85,7,0.2
6463,486,175.25,3,0.05
6463,704,279.17,4,0.15
6463,659,240.56,7,0.1
6463,474,81.24,8,0.2
6464,730,333.83,3,0.05
6464,895,262.26,1,0.1
6464,876,355.05,4,0.15
6465,92,478.0,3,0.05
6465,450,281.63,1,0.2
6465,990,223.55,2,0.2
6465,760,494.76,9,0.0
6465,302,290.95,9,0.0
6466,307,74.16,8,0.1
6466,327,322.66,8,0.0
6466,338,445.66,5,0.0
6466,719,459.25,3,0.05
6467,867,388.82,9,0.15
6467,396,150.34,2,0.0
6468,903,241.03,1,0.05
6468,619,473.54,10,0.05
6468,129,342.13,2,0.05
6468,503,476.05,7,0.1
6469,22,170.41,2,0.15
6469,825,268.57,10,0.15
6469,250,82.37,4,0.0
6469,443,304.4,2,0.0
6469,730,457.69,9,0.1
6470,279,381.26,5,0.1
6470,12,262.85,1,0.05
6470,384,448.99,2,0.15
6471,496,409.89,8,0.1
6472,904,387.43,10,0.05
6472,931,129.42,9,0.1
6472,23,109.41,8,0.05
6472,816,204.33,4,0.0
6472,856,349.5,8,0.15
6473,949,400.77,1,0.15
6473,948,91.64,7,0.2
6474,126,271.24,6,0.2
6474,902,389.21,3,0.0
6475,446,185.48,7,0.05
6475,146,294.69,9,0.15
6475,379,148.16,3,0.1
6475,228,109.89,5,0.2
6475,616,38.11,4,0.1
6476,396,386.02,3,0.15
6476,774,118.6,5,0.1
6477,575,133.06,1,0.1
6477,216,498.16,6,0.2
6477,7,309.43,1,0.0
6478,231,439.26,9,0.15
6478,653,494.39,6,0.15
6478,465,208.04,9,0.0
6478,503,396.87,4,0.1
6478,804,175.84,8,0.0
6479,476,61.22,9,0.0
6480,361,94.27,5,0.15
6480,332,75.74,4,0.0
6480,867,138.1,7,0.1
6480,39,397.11,1,0.05
6481,938,228.54,6,0.15
6482,441,181.04,2,0.05
6482,981,156.72,5,0.1
6482,405,237.14,8,0.15
6482,775,375.94,4,0.15
6482,467,356.0,10,0.15
6483,690,451.68,7,0.0
6483,254,99.08,1,0.1
6483,458,479.8,10,0.15
6483,563,253.56,7,0.15
6484,59,180.82,1,0.15
6484,259,396.31,10,0.05
6484,635,180.99,2,0.2
6485,89,180.0,6,0.15
6486,994,480.97,10,0.05
6486,815,233.01,9,0.0
6486,822,318.81,7,0.05
6487,698,388.32,5,0.15
6487,563,245.85,10,0.05
6487,12,451.6,9,0.05
6488,348,316.39,8,0.2
6488,807,199.34,3,0.15
6488,748,108.86,2,0.1
6488,56,457.75,4,0.1
6488,155,374.27,1,0.05
6489,462,49.88,2,0.05
6489,537,17.74,2,0.0
6489,997,385.2,1,0.15
6489,867,251.9,8,0.05
6489,321,438.74,9,0.1
6490,693,232.84,5,0.15
6490,242,213.67,2,0.1
6491,545,296.22,8,0.05
6491,752,258.55,5,0.0
6491,290,11.57,2,0.0
6492,366,425.37,2,0.05
6493,22,244.48,7,0.15
6493,683,266.2,2,0.2
6493,917,270.54,7,0.1
6494,207,107.72,4,0.05
6494,250,70.18,8,0.1
6494,530,224.59,1,0.05
6495,41,240.13,8,0.05
6496,253,210.63,2,0.1
6496,242,452.84,2,0.05
6496,592,245.61,6,0.15
6497,549,379.26,1,0.2
6497,566,308.58,4,0.1
6497,15,90.33,6,0.0
6497,180,85.7,10,0.2
6497,469,232.34,6,0.1
6498,956,254.31,1,0.0
6498,765,150.24,6,0.2
6498,410,235.19,2,0.05
6499,20,144.39,2,0.15
6499,576,106.12,7,0.0
6499,470,27.24,1,0.2
6499,34,108.02,2,0.1
6499,197,105.02,3,0.15
6500,23,210.19,1,0.2
6500,47,271.06,4,0.2
6500,826,476.75,5,0.0
6500,745,304.55,7,0.05
6500,335,435.79,5,0.0
6501,268,314.0,6,0.15
6501,270,293.87,4,0.05
6501,450,334.68,2,0.2
6501,289,106.9,6,0.15
6501,399,213.51,9,0.1
6502,542,123.66,6,0.15
6502,621,71.76,5,0.0
6503,356,281.93,4,0.0
6503,85,276.51,10,0.05
6503,478,236.82,7,0.2
6503,926,386.02,6,0.15
6503,784,261.15,10,0.15
6504,719,302.32,10,0.1
6504,208,197.68,9,0.0
6504,477,368.02,9,0.1
6504,705,372.07,10,0.15
6505,358,196.63,4,0.1
6505,147,267.6,9,0.15
6505,122,376.93,9,0.0
6505,960,71.24,6,0.0
6506,518,149.43,3,0.15
6507,127,86.91,1,0.1
6507,759,271.89,6,0.2
6507,5,420.93,6,0.15
6508,536,179.74,7,0.05
6508,22,365.9,8,0.05
6508,713,477.16,9,0.05
6508,546,226.53,1,0.15
6508,229,357.96,8,0.0
6509,149,313.17,8,0.2
6509,375,92.2,7,0.0
6509,5,56.14,9,0.0
6509,953,308.43,6,0.15
6510,807,194.38,10,0.2
6511,743,130.09,4,0.15
6511,186,250.23,4,0.15
6512,704,476.5,1,0.0
6512,262,378.09,8,0.05
6512,739,68.47,2,0.05
6513,865,368.73,8,0.05
6514,117,128.62,2,0.15
6514,404,154.73,2,0.2
6515,872,333.51,4,0.05
6515,229,493.33,1,0.2
6515,561,358.82,9,0.15
6515,583,129.76,5,0.15
6515,132,296.87,4,0.05
6516,800,78.15,3,0.2
6516,817,366.46,7,0.15
6516,895,411.54,10,0.0
6516,440,435.55,8,0.1
6517,678,217.33,4,0.2
6517,395,464.07,10,0.0
6518,152,439.93,1,0.0
6518,541,100.76,4,0.15
6519,648,389.73,7,0.0
6520,825,44.95,2,0.15
6520,908,337.96,4,0.15
6520,799,65.15,4,0.2
6520,702,116.6,9,0.0
6520,201,278.51,5,0.1
6521,684,295.72,8,0.1
6521,670,411.73,6,0.05
6521,921,128.19,9,0.1
6522,589,480.86,7,0.15
6522,450,358.62,4,0.05
6522,155,75.17,4,0.15
6522,357,410.58,1,0.2
6522,22,17.91,4,0.0
6523,317,201.84,5,0.05
6523,952,305.78,2,0.1
6524,227,447.55,9,0.05
6524,592,421.27,4,0.05
6525,370,16.4,3,0.2
6525,41,44.58,5,0.2
6525,844,310.14,7,0.1
6525,629,173.42,1,0.05
6526,784,38.05,8,0.2
6527,70,149.17,9,0.0
6527,669,197.01,1,0.15
6527,899,179.92,2,0.05
6527,901,64.98,8,0.1
6527,208,241.25,7,0.15
6528,217,426.04,7,0.2
6528,312,277.77,8,0.15
6529,493,439.38,4,0.2
6529,794,214.66,9,0.2
6530,725,414.33,5,0.05
6530,57,60.08,1,0.2
6530,456,310.62,4,0.0
6530,214,204.73,10,0.2
6531,906,428.95,4,0.15
6531,899,292.47,10,0.1
6532,993,157.7,1,0.1
6532,732,211.28,9,0.0
6533,230,415.11,7,0.15
6533,935,165.42,7,0.1
6533,368,441.78,10,0.2
6533,832,466.34,6,0.05
6534,819,105.32,2,0.0
6535,914,141.68,7,0.0
6536,112,21.26,10,0.2
6536,3,177.36,1,0.2
6536,964,403.92,9,0.15
6537,405,437.25,3,0.15
6537,278,59.88,8,0.1
6538,869,187.02,4,0.1
6538,10,419.78,2,0.1
6539,749,252.99,3,0.1
6539,162,399.53,5,0.05
6539,241,328.53,9,0.2
6539,594,57.0,10,0.1
6540,912,220.01,6,0.0
6540,904,291.42,5,0.15
6540,504,343.82,6,0.15
6540,773,113.51,2,0.15
6540,317,24.5,4,0.05
6541,678,136.45,9,0.2
6541,568,246.91,10,0.1
6541,524,61.5,8,0.05
6541,604,220.97,4,0.1
6541,923,75.45,9,0.05
6542,11,431.6,2,0.1
6542,696,104.37,1,0.05
6542,702,181.19,1,0.0
6542,543,330.07,10,0.2
6542,165,315.66,5,0.05
6543,588,275.71,9,0.05
6543,712,443.74,4,0.1
6543,561,194.8,1,0.2
6543,47,296.99,8,0.2
6544,666,223.39,7,0.0
6544,38,132.11,3,0.0
6544,773,235.07,9,0.2
6545,736,222.93,3,0.15
6545,533,216.96,7,0.2
6545,690,258.92,5,0.05
6545,642,88.5,4,0.05
6545,89,460.77,9,0.1
6546,997,43.52,8,0.2
6546,320,367.59,6,0.1
6546,410,301.01,6,0.15
6547,697,481.12,2,0.15
6548,302,311.91,5,0.1
6549,373,466.86,7,0.0
6550,343,346.82,9,0.05
6550,876,46.3,4,0.05
6550,74,56.4,9,0.0
6551,823,157.85,10,0.0
6551,485,458.15,7,0.0
6551,828,15.48,1,0.15
6551,41,72.68,1,0.15
6552,525,44.69,5,0.0
6552,699,323.99,7,0.1
6552,898,26.33,1,0.1
6552,361,280.1,5,0.1
6553,106,75.81,3,0.15
6553,741,392.9,3,0.2
6553,822,138.17,3,0.2
6554,558,470.83,7,0.1
6554,78,407.39,10,0.15
6554,113,89.52,5,0.2
6554,865,376.06,3,0.1
6554,433,400.19,6,0.15
6555,716,314.7,4,0.05
6555,565,458.39,6,0.2
6555,375,293.52,4,0.05
6556,376,101.64,4,0.2
6556,807,271.23,9,0.15
6556,566,64.78,10,0.1
6557,764,221.87,10,0.05
6557,450,377.69,3,0.1
6557,785,326.85,8,0.15
6557,353,264.38,8,0.05
6558,481,226.83,2,0.05
6558,679,55.56,5,0.15
6558,585,101.94,8,0.15
6559,107,345.99,1,0.15
6559,223,82.3,5,0.2
6560,958,317.51,3,0.15
6560,273,76.23,6,0.1
6560,477,336.79,7,0.2
6561,599,163.15,2,0.2
6561,548,149.75,10,0.05
6561,791,340.5,4,0.15
6561,934,378.59,4,0.2
6561,512,287.39,7,0.0
6562,320,471.47,8,0.0
6563,977,293.14,8,0.15
6563,702,332.57,2,0.2
6563,758,136.69,5,0.1
6564,373,139.08,10,0.15
6564,714,232.31,5,0.0
6564,632,459.93,5,0.0
6564,403,416.41,3,0.15
6564,81,133.5,1,0.1
6565,987,76.26,10,0.05
6565,371,422.91,3,0.15
6566,602,350.92,1,0.1
6566,717,394.9,3,0.0
6566,498,259.94,5,0.1
6566,196,409.43,4,0.05
6567,95,47.44,5,0.2
6567,847,286.8,10,0.1
6567,412,179.15,3,0.05
6567,633,229.04,10,0.0
6568,821,139.38,8,0.0
6568,12,37.26,7,0.2
6568,363,269.31,4,0.0
6568,322,316.36,10,0.15
6568,805,329.89,1,0.1
6569,664,201.59,5,0.0
6569,253,388.06,8,0.15
6569,239,81.85,9,0.05
6569,942,227.21,3,0.2
6570,181,210.98,2,0.0
6570,948,368.69,7,0.2
6570,775,233.31,3,0.1
6570,848,478.09,5,0.0
6570,797,225.59,5,0.2
6571,740,440.94,7,0.2
6571,773,84.34,1,0.1
6571,865,115.8,9,0.0
6571,76,76.15,8,0.15
6571,985,116.78,8,0.15
6572,696,406.03,3,0.15
6572,898,272.68,5,0.05
6572,839,244.31,9,0.15
6573,277,236.0,9,0.0
6573,142,143.68,7,0.1
6574,742,172.45,1,0.2
6575,220,443.54,8,0.0
6575,111,193.16,5,0.2
6575,438,397.97,8,0.1
6576,719,27.59,4,0.05
6576,277,273.42,5,0.1
6577,845,291.24,3,0.05
6577,557,422.86,9,0.0
6577,524,322.34,8,0.0
6577,691,420.18,1,0.2
6578,147,416.51,9,0.0
6578,959,287.06,1,0.05
6579,264,352.16,8,0.1
6579,583,493.4,10,0.05
6580,394,391.56,4,0.1
6580,454,261.92,5,0.1
6581,596,276.58,8,0.2
6581,34,56.23,9,0.05
6581,689,377.8,2,0.0
6582,418,358.41,5,0.15
6582,829,164.55,9,0.05
6582,732,445.19,6,0.15
6582,512,195.85,9,0.2
6582,796,338.84,3,0.2
6583,186,14.32,7,0.2
6583,458,453.83,8,0.15
6584,242,163.01,3,0.2
6584,34,394.77,6,0.0
6584,546,230.73,8,0.0
6584,834,321.81,4,0.15
6585,92,137.03,7,0.05
6585,689,199.73,4,0.05
6585,55,374.47,2,0.1
6585,738,408.73,7,0.0
6585,681,74.01,5,0.2
6586,752,96.1,3,0.2
6587,694,335.17,5,0.0
6587,458,419.67,10,0.1
6587,194,409.14,3,0.15
6587,107,461.27,6,0.0
6588,545,172.26,9,0.0
6589,7,328.21,2,0.1
6589,186,319.12,3,0.0
6590,14,86.51,10,0.05
6590,584,40.26,2,0.2
6590,959,362.98,5,0.05
6590,421,169.03,10,0.15
6590,72,394.12,1,0.2
6591,56,246.52,4,0.2
6591,420,33.4,7,0.1
6591,328,280.8,6,0.15
6591,483,105.19,5,0.1
6591,150,151.21,1,0.1
6592,443,205.88,7,0.2
6592,1,59.12,6,0.1
6593,851,304.67,6,0.05
6594,462,354.6,3,0.2
6595,134,101.04,5,0.15
6595,951,245.51,9,0.1
6595,153,143.36,2,0.15
6595,593,102.92,8,0.1
6596,26,227.56,7,0.15
6596,675,425.64,5,0.0
6597,102,321.01,5,0.15
6598,933,412.99,6,0.05
6598,395,178.76,7,0.0
6598,600,227.44,2,0.05
6598,613,144.1,1,0.2
6599,688,185.75,3,0.0
6599,487,385.76,6,0.15
6599,392,95.33,5,0.15
6600,546,39.02,9,0.2
6601,826,318.13,5,0.05
6602,106,361.27,6,0.2
6602,62,101.67,1,0.2
6602,925,207.03,1,0.0
6602,294,366.56,6,0.0
6603,709,174.69,3,0.05
6603,794,408.44,8,0.2
6603,592,14.37,7,0.15
6603,465,227.51,5,0.2
6604,524,293.3,4,0.0
6605,409,109.4,7,0.2
6606,129,459.9,4,0.05
6606,891,224.16,9,0.2
6606,865,56.38,4,0.1
6607,919,379.81,7,0.1
6607,611,234.07,8,0.05
6607,916,279.5,9,0.0
6608,809,364.65,8,0.15
6608,925,100.6,4,0.2
6608,262,28.05,7,0.15
6608,691,38.4,10,0.1
6608,118,209.52,9,0.15
6609,695,373.91,5,0.0
6609,496,264.29,5,0.15
6609,90,35.46,10,0.2
6609,900,52.65,10,0.05
6610,917,82.09,1,0.05
6610,205,307.31,10,0.2
6610,789,12.23,2,0.05
6610,149,383.58,8,0.05
6611,962,286.75,8,0.05
6612,744,178.98,10,0.15
6612,946,193.44,8,0.15
6612,433,495.28,1,0.05
6612,397,437.61,3,0.15
6612,495,157.83,10,0.0
6613,238,126.05,8,0.1
6613,962,411.18,6,0.05
6613,558,16.81,4,0.05
6614,780,453.41,5,0.15
6614,895,491.64,8,0.0
6614,993,181.72,2,0.2
6614,38,341.57,9,0.2
6615,899,35.7,3,0.05
6615,500,155.36,9,0.2
6616,243,194.53,5,0.05
6617,275,325.98,7,0.05
6617,353,289.15,5,0.0
6617,379,272.7,10,0.05
6617,460,253.43,9,0.1
6618,938,300.5,8,0.2
6618,161,101.13,3,0.15
6618,501,338.42,1,0.0
6618,452,482.57,3,0.1
6618,378,330.01,8,0.1
6619,323,197.62,4,0.15
6619,496,68.75,2,0.2
6619,855,108.41,2,0.15
6619,631,25.04,9,0.15
6619,646,455.64,7,0.1
6620,541,405.13,2,0.15
6621,209,403.11,8,0.15
6622,223,170.3,5,0.05
6623,992,144.83,4,0.2
6623,106,136.86,6,0.1
6623,439,89.5,8,0.05
6623,595,146.38,8,0.1
6623,906,382.27,10,0.2
6624,646,374.17,1,0.0
6624,664,148.35,9,0.05
6624,597,498.02,10,0.05
6624,706,107.45,8,0.2
6625,376,290.62,10,0.15
6625,694,271.52,6,0.0
6626,428,462.93,7,0.1
6626,27,175.01,7,0.1
6626,124,56.37,6,0.0
6626,876,126.55,6,0.1
6627,106,37.37,1,0.15
6627,821,205.94,1,0.1
6627,871,217.47,8,0.15
6627,557,332.63,3,0.0
6627,694,102.02,7,0.0
6628,551,399.36,4,0.2
6629,940,21.94,7,0.05
6630,618,77.59,4,0.15
6630,917,296.68,2,0.0
6630,240,305.62,10,0.15
6630,506,334.63,8,0.05
6630,543,415.96,2,0.2
6631,831,197.87,1,0.2
6632,443,171.93,7,0.2
6633,32,142.2,8,0.05
6634,335,107.55,8,0.0
6635,628,111.79,9,0.15
6636,497,453.98,3,0.0
6637,677,366.26,6,0.1
6638,669,444.27,9,0.15
6639,593,169.17,3,0.2
6639,13,306.8,5,0.05
6639,930,120.19,6,0.1
6639,59,335.29,4,0.05
6639,669,136.26,3,0.05
6640,661,51.04,3,0.1
6640,802,107.56,1,0.05
6641,528,457.51,4,0.0
6641,674,116.84,2,0.05
6641,652,76.19,8,0.15
6642,16,340.13,8,0.1
6642,913,156.07,4,0.0
6642,262,306.49,9,0.0
6642,842,69.3,1,0.15
6642,665,455.6,9,0.0
6643,500,268.55,6,0.05
6643,430,493.72,4,0.1
6643,845,322.59,4,0.05
6643,390,181.82,8,0.2
6643,493,155.61,8,0.0
6644,696,46.04,1,0.05
6645,760,435.1,4,0.15
6645,409,114.16,6,0.0
6646,23,129.23,6,0.0
6646,321,450.19,2,0.15
6646,62,125.79,8,0.2
6646,226,379.77,5,0.1
6647,641,408.06,3,0.1
6647,978,444.99,4,0.0
6647,241,130.06,3,0.15
6647,423,394.34,1,0.05
6648,856,72.9,10,0.2
6648,242,73.99,8,0.05
6648,192,321.95,8,0.0
6648,947,73.73,10,0.1
6649,17,297.85,8,0.1
6650,868,448.75,1,0.05
6651,243,139.6,1,0.2
6651,620,391.38,10,0.15
6651,646,182.47,8,0.2
6651,869,288.44,6,0.15
6651,720,144.57,6,0.2
6652,676,41.39,1,0.05
6652,94,88.86,10,0.05
6652,777,394.52,5,0.1
6652,852,95.12,3,0.0
6652,453,113.89,5,0.05
6653,131,387.6,4,0.0
6653,96,443.17,1,0.1
6654,637,193.94,4,0.0
6654,339,378.51,10,0.05
6655,596,175.69,9,0.15
6656,28,21.72,8,0.1
6656,174,85.07,1,0.05
6657,366,113.83,9,0.15
6657,403,13.46,3,0.05
6657,609,409.85,2,0.1
6658,540,147.93,4,0.15
6658,492,427.18,1,0.1
6659,999,311.77,3,0.15
6659,361,212.69,1,0.0
6660,983,465.84,3,0.1
6660,502,77.22,4,0.2
6660,392,225.55,7,0.15
6660,783,487.76,5,0.2
6660,235,278.68,4,0.2
6661,281,81.67,1,0.05
6662,372,473.26,2,0.1
6662,795,131.62,5,0.0
6662,403,59.81,10,0.2
6662,631,284.85,9,0.1
6663,991,190.29,4,0.15
6663,627,60.62,10,0.1
6664,549,148.16,9,0.2
6664,908,383.98,9,0.1
6665,690,99.69,9,0.1
6665,228,82.8,3,0.0
6665,514,33.94,5,0.0
6665,9,208.02,9,0.1
6666,882,453.16,6,0.2
6667,268,415.44,4,0.05
6667,554,466.35,9,0.15
6667,941,17.31,10,0.1
6667,489,366.54,9,0.2
6668,530,337.06,6,0.2
6668,287,139.88,3,0.0
6668,169,211.79,9,0.0
6668,809,453.64,9,0.0
6668,238,121.47,7,0.05
6669,882,345.67,7,0.05
6669,150,478.61,6,0.1
6669,147,211.66,6,0.15
6669,277,331.83,3,0.05
6670,676,51.17,8,0.05
6670,353,236.08,9,0.1
6670,872,233.13,10,0.05
6671,44,303.4,5,0.15
6671,911,58.33,4,0.1
6671,362,121.0,1,0.15
6671,593,356.12,5,0.1
6672,752,364.49,8,0.1
6672,698,12.32,2,0.05
6672,3,198.95,3,0.2
6672,433,233.05,1,0.0
6673,775,220.19,5,0.2
6673,67,35.97,3,0.05
6673,111,81.02,6,0.2
6673,27,204.48,10,0.2
6674,64,389.03,9,0.0
6675,538,321.49,5,0.15
6675,308,346.43,6,0.1
6675,555,46.11,2,0.05
6676,734,80.78,7,0.0
6676,179,218.0,10,0.0
6676,988,132.33,9,0.05
6677,486,358.83,10,0.1
6678,705,283.61,7,0.15
6678,80,263.4,3,0.05
6679,417,232.52,6,0.2
6679,495,152.45,9,0.15
6679,331,119.83,9,0.15
6679,441,413.62,9,0.1
6679,737,173.71,8,0.0
6680,789,265.64,8,0.05
6681,734,65.74,8,0.0
6681,532,464.7,4,0.05
6681,920,244.37,9,0.15
6682,974,357.19,8,0.05
6682,456,90.4,7,0.2
6682,157,63.63,7,0.0
6683,979,311.59,7,0.1
6683,674,33.22,7,0.05
6683,750,32.51,3,0.2
6684,973,359.29,8,0.1
6684,847,318.29,10,0.1
6685,419,53.66,4,0.05
6685,186,147.05,10,0.0
6685,759,365.51,4,0.0
6685,865,149.93,2,0.1
6685,286,93.0,6,0.2
6686,351,428.85,6,0.0
6686,871,133.01,5,0.05
6687,956,268.33,7,0.2
6687,152,450.95,10,0.05
6687,354,489.16,6,0.0
6687,63,39.38,5,0.0
6687,58,186.31,5,0.2
6688,736,101.99,10,0.1
6688,557,84.65,4,0.1
6689,454,215.46,8,0.15
6689,63,327.04,2,0.1
6690,853,123.52,10,0.0
6690,491,251.42,1,0.05
6690,406,392.6,3,0.1
6690,299,94.88,4,0.1
6690,147,44.07,8,0.15
6691,990,347.89,2,0.0
6691,732,234.39,1,0.1
6691,790,89.68,6,0.2
6691,156,202.78,10,0.0
6691,782,56.35,8,0.0
6692,175,339.38,5,0.0
6692,861,86.65,1,0.2
6692,39,142.82,2,0.1
6692,577,93.32,2,0.2
6693,849,409.15,3,0.1
6693,502,447.9,7,0.0
6693,126,190.38,4,0.15
6693,484,282.13,7,0.1
6693,536,493.98,7,0.1
6694,292,382.09,7,0.2
6695,6,465.99,3,0.2
6695,785,181.62,7,0.15
6695,766,411.85,10,0.05
6695,425,283.76,2,0.2
6696,988,46.11,4,0.15
6696,79,124.37,5,0.05
6696,830,486.15,4,0.05
6696,784,475.31,2,0.05
6697,764,397.29,6,0.1
6697,54,245.26,9,0.05
6697,448,449.54,10,0.2
6697,739,420.86,5,0.2
6698,622,127.14,4,0.05
6698,731,416.09,10,0.2
6698,92,66.66,2,0.2
6698,19,174.1,1,0.05
6699,474,220.07,5,0.0
6699,409,302.78,1,0.1
6699,450,245.78,7,0.0
6699,54,152.59,1,0.15
6699,800,297.08,3,0.15
6700,45,178.68,3,0.2
6701,221,28.76,9,0.2
6701,356,432.04,6,0.0
6701,501,227.17,5,0.1
6701,288,152.14,2,0.05
6702,953,275.08,3,0.05
6702,559,390.13,6,0.1
6702,859,80.87,4,0.15
6702,133,110.76,9,0.0
6702,324,495.28,7,0.0
6703,491,286.3,5,0.05
6703,633,271.8,2,0.0
6703,616,15.05,4,0.0
6703,525,11.31,10,0.1
6704,473,393.23,2,0.1
6705,688,138.79,7,0.2
6706,116,302.11,8,0.05
6706,883,497.21,4,0.2
6706,676,81.66,2,0.0
6706,445,304.09,1,0.0
6707,111,267.56,3,0.0
6707,120,346.27,9,0.1
6707,286,441.38,10,0.2
6707,618,421.61,5,0.15
6707,739,314.82,10,0.2
6708,688,459.31,5,0.15
6708,395,304.97,7,0.0
6709,628,219.41,4,0.05
6710,745,82.34,4,0.2
6710,159,319.15,3,0.05
6710,942,127.45,4,0.15
6710,793,165.24,8,0.05
6710,781,237.89,1,0.1
6711,136,328.83,9,0.2
6711,773,227.7,1,0.15
6711,654,312.2,6,0.15
6711,325,253.19,8,0.15
6711,29,277.92,9,0.15
6712,195,428.27,9,0.1
6713,216,458.94,7,0.15
6713,618,114.23,10,0.1
6713,509,219.4,10,0.2
6713,135,497.86,6,0.15
6713,2,161.94,10,0.05
6714,477,18.96,2,0.2
6714,876,353.47,8,0.1
6714,834,14.03,4,0.2
6714,655,47.66,5,0.0
6715,210,275.03,2,0.1
6715,897,426.73,2,0.1
6715,572,482.39,1,0.0
6716,711,191.72,4,0.1
6716,546,346.88,6,0.2
6716,216,153.73,3,0.1
6717,408,458.59,2,0.15
6717,71,473.78,5,0.05
6717,283,442.79,8,0.15
6718,101,389.29,4,0.05
6719,490,260.63,2,0.15
6719,696,302.23,4,0.1
6719,585,83.23,7,0.2
6720,775,219.5,5,0.05
6720,704,170.75,10,0.0
6721,759,340.84,1,0.0
6721,822,311.05,4,0.2
6721,698,399.58,9,0.2
6722,82,152.57,3,0.1
6722,724,409.61,5,0.1
6722,764,253.19,5,0.05
6722,522,162.87,3,0.1
6722,746,299.53,2,0.05
6723,571,381.75,6,0.05
6723,413,296.29,4,0.2
6724,106,34.12,3,0.2
6724,998,197.09,6,0.05
6725,700,31.03,8,0.05
6726,611,109.12,6,0.15
6726,34,21.16,5,0.1
6726,79,401.2,2,0.1
6727,147,399.64,1,0.05
6727,153,441.47,10,0.1
6727,286,257.11,9,0.1
6727,774,441.26,6,0.15
6727,215,112.39,4,0.2
6728,274,13.67,6,0.1
6728,173,31.78,7,0.05
6728,656,382.84,6,0.2
6728,409,309.75,5,0.05
6729,223,411.05,10,0.1
6729,809,209.55,2,0.15
6729,586,488.59,1,0.15
6730,254,223.33,8,0.2
6731,842,109.69,4,0.15
6731,804,117.85,1,0.0
6731,516,179.09,3,0.15
6731,615,459.43,4,0.15
6731,801,148.64,9,0.0
6732,545,157.41,9,0.15
6733,594,291.48,9,0.1
6733,873,151.82,10,0.0
6733,18,39.91,3,0.1
6733,366,404.32,9,0.15
6733,154,260.15,6,0.15
6734,1000,492.66,1,0.05
6734,113,86.7,1,0.05
6735,778,318.55,5,0.0
6735,849,430.13,6,0.05
6735,252,108.49,5,0.0
6735,954,403.16,2,0.15
6736,996,492.96,8,0.2
6736,815,369.79,1,0.15
6736,858,468.05,10,0.05
6737,512,313.99,7,0.1
6737,71,257.83,6,0.0
6738,134,357.92,2,0.1
6739,331,61.66,4,0.05
6739,267,483.67,3,0.0
6739,551,397.34,7,0.0
6739,915,182.95,6,0.0
6740,615,407.23,8,0.15
6741,947,163.71,5,0.15
6741,523,323.51,1,0.0
6741,730,431.91,7,0.05
6741,453,78.8,1,0.0
6741,578,469.23,8,0.1
6742,80,277.74,10,0.0
6742,477,489.19,3,0.05
6742,703,425.09,4,0.15
6742,289,441.65,5,0.1
6742,823,247.55,8,0.0
6743,444,251.58,7,0.1
6743,53,72.72,4,0.2
6743,745,424.8,9,0.05
6743,368,484.45,2,0.05
6744,607,87.82,2,0.2
6744,516,356.1,9,0.15
6744,884,397.4,2,0.15
6745,700,345.4,5,0.1
6745,299,44.55,10,0.15
6746,221,249.35,4,0.1
6747,846,275.2,5,0.2
6748,534,165.69,1,0.05
6748,331,487.67,8,0.1
6748,231,128.61,4,0.2
6748,125,359.83,2,0.2
6749,701,372.79,6,0.1
6750,606,274.59,7,0.05
6750,288,36.84,6,0.05
6750,940,371.35,8,0.2
6751,513,411.32,1,0.15
6751,961,86.93,1,0.2
6751,650,103.11,4,0.0
6752,52,214.58,9,0.05
6752,831,401.03,1,0.1
6753,805,488.59,5,0.1
6753,830,396.87,9,0.0
6754,257,239.52,6,0.15
6754,587,465.38,3,0.05
6755,387,52.05,1,0.05
6755,386,279.48,2,0.0
6756,423,399.23,1,0.05
6756,178,192.31,6,0.0
6756,8,128.7,10,0.2
6756,783,314.22,3,0.2
6756,328,155.6,7,0.1
6757,511,20.0,5,0.1
6757,782,195.15,2,0.1
6757,504,186.06,3,0.15
6757,17,449.41,3,0.0
6757,487,205.71,2,0.2
6758,777,410.62,5,0.0
6758,497,334.82,1,0.1
6758,364,168.15,10,0.0
6759,330,253.46,3,0.2
6759,309,81.92,1,0.2
6759,737,255.88,7,0.15
6759,885,207.56,2,0.2
6760,894,224.77,10,0.2
6760,59,307.53,1,0.0
6760,865,213.62,9,0.0
6760,14,84.92,1,0.05
6761,383,191.12,8,0.15
6762,191,211.33,6,0.2
6762,118,402.09,3,0.1
6762,901,369.77,5,0.1
6763,462,222.89,6,0.1
6764,541,57.75,6,0.1
6764,917,315.51,10,0.2
6764,525,296.59,8,0.1
6764,592,471.81,2,0.1
6765,327,361.66,1,0.15
6765,951,374.4,3,0.05
6766,166,10.62,4,0.15
6767,818,15.96,2,0.1
6767,424,167.8,4,0.05
6768,135,315.43,5,0.05
6768,780,322.45,1,0.1
6769,500,298.27,10,0.1
6770,524,104.18,8,0.0
6770,299,347.89,5,0.15
6771,12,360.69,2,0.1
6771,622,302.71,4,0.05
6771,27,462.41,2,0.05
6771,250,288.9,7,0.0
6772,715,368.29,1,0.15
6772,485,108.73,2,0.1
6772,152,420.38,7,0.15
6773,701,256.39,7,0.1
6773,180,270.66,7,0.05
6773,956,474.01,2,0.15
6773,244,432.65,9,0.0
6774,36,339.0,9,0.15
6774,810,407.4,5,0.05
6775,217,13.75,6,0.1
6775,691,380.46,6,0.1
6775,948,45.65,7,0.2
6775,290,264.86,3,0.05
6776,842,278.24,2,0.05
6776,593,258.38,1,0.2
6776,74,485.09,10,0.0
6776,720,239.5,1,0.0
6776,829,291.94,9,0.05
6777,475,66.67,10,0.1
6777,662,208.15,9,0.1
6777,985,477.73,9,0.15
6777,808,410.19,7,0.0
6778,83,230.74,5,0.1
6778,729,162.19,6,0.15
6779,461,474.28,8,0.1
6779,293,497.33,10,0.2
6779,220,100.01,9,0.0
6780,149,273.96,2,0.2
6780,948,482.08,2,0.05
6781,703,337.08,6,0.15
6781,375,464.92,6,0.05
6781,361,201.36,1,0.15
6781,515,62.97,5,0.2
6781,280,51.06,2,0.0
6782,442,192.1,8,0.1
6782,945,37.14,5,0.1
6782,743,221.58,6,0.1
6783,69,97.12,1,0.05
6783,649,268.79,3,0.15
6784,102,297.54,8,0.05
6784,157,290.74,3,0.15
6784,775,387.7,4,0.15
6785,925,330.77,1,0.2
6786,125,415.1,10,0.0
6786,72,342.79,3,0.05
6786,224,86.49,7,0.0
6787,567,84.12,2,0.0
6787,261,455.87,9,0.15
6787,798,349.57,3,0.05
6788,123,170.89,4,0.0
6788,574,473.34,4,0.05
6789,495,152.76,1,0.2
6789,360,226.81,2,0.2
6789,503,55.79,9,0.1
6789,27,161.19,7,0.05
6789,205,322.85,8,0.1
6790,865,237.65,2,0.15
6790,979,365.15,6,0.05
6790,748,300.31,7,0.1
6790,109,89.52,9,0.1
6790,575,331.07,7,0.2
6791,128,207.37,8,0.1
6791,605,346.23,7,0.2
6791,157,82.84,5,0.05
6792,52,313.77,2,0.15
6792,850,69.53,3,0.2
6792,660,50.19,2,0.0
6792,55,250.05,5,0.0
6792,230,151.96,8,0.2
6793,236,34.15,3,0.0
6793,488,365.51,8,0.0
6793,307,72.92,8,0.05
6793,523,286.9,8,0.0
6794,427,342.67,2,0.15
6795,593,262.08,2,0.0
6795,324,417.0,8,0.15
6796,596,203.83,8,0.15
6797,890,42.49,7,0.15
6797,766,495.64,1,0.15
6797,972,140.58,6,0.2
6797,263,490.01,9,0.2
6798,806,162.91,3,0.1
6798,647,177.21,5,0.2
6798,821,375.87,9,0.15
6799,873,256.02,9,0.1
6799,363,164.93,3,0.15
6799,228,171.65,3,0.15
6800,432,470.95,4,0.0
6800,971,178.1,3,0.1
6800,987,420.6,2,0.15
6800,456,416.59,4,0.05
6801,81,84.14,9,0.0
6802,423,496.17,4,0.1
6802,530,169.65,9,0.1
6802,380,214.19,10,0.15
6802,25,460.13,2,0.0
6802,868,151.58,7,0.2
6803,188,158.34,5,0.05
6803,445,110.94,10,0.05
6803,940,269.95,9,0.15
6803,716,15.67,1,0.1
6803,242,76.5,2,0.05
6804,187,428.06,6,0.2
6804,488,472.85,7,0.0
6804,943,258.31,2,0.0
6804,986,317.27,1,0.2
6805,989,255.72,5,0.05
6805,967,212.31,6,0.1
6805,745,239.16,3,0.0
6806,962,232.83,4,0.05
6806,129,452.14,3,0.0
6806,484,22.02,2,0.0
6806,384,434.0,10,0.05
6807,567,86.18,8,0.1
6807,625,490.63,9,0.0
6807,354,92.7,4,0.05
6807,957,321.15,6,0.05
6808,327,263.13,5,0.1
6808,885,302.76,4,0.2
6809,994,331.03,5,0.15
6809,682,40.54,5,0.2
6810,403,376.31,10,0.2
6811,325,170.18,7,0.0
6812,811,219.95,1,0.1
6812,624,241.51,6,0.0
6813,298,100.49,3,0.1
6814,267,300.25,4,0.05
6814,403,129.68,6,0.15
6814,384,55.29,7,0.2
6814,531,393.58,6,0.05
6814,970,258.82,5,0.2
6815,814,432.47,8,0.15
6815,277,486.56,8,0.2
6815,23,469.97,3,0.2
6815,536,21.9,3,0.15
6815,753,488.48,2,0.1
6816,25,474.67,5,0.15
6817,54,304.74,2,0.15
6817,541,125.61,2,0.2
6817,510,488.81,9,0.1
6818,766,444.12,3,0.0
6818,352,201.36,3,0.0
6818,153,349.41,2,0.0
6818,278,370.22,1,0.2
6819,793,417.55,10,0.1
6819,704,133.48,9,0.1
6820,86,471.39,2,0.05
6820,750,65.13,6,0.2
6821,806,102.25,9,0.0
6821,433,377.78,8,0.2
6821,252,338.44,5,0.05
6822,431,59.62,8,0.0
6822,930,444.64,10,0.0
6822,608,348.32,6,0.05
6822,47,454.86,8,0.0
6823,614,320.56,7,0.05
6824,786,396.35,7,0.1
6824,756,460.44,5,0.05
6824,625,209.91,7,0.05
6824,536,288.52,10,0.0
6824,826,178.97,6,0.05
6825,604,29.73,10,0.05
6826,486,166.33,5,0.0
6826,128,154.61,8,0.15
6826,192,407.08,9,0.05
6826,988,407.27,1,0.15
6827,338,146.78,1,0.0
6827,925,374.45,10,0.15
6828,61,460.07,7,0.2
6828,650,181.74,7,0.1
6828,881,136.56,10,0.05
6829,814,292.52,4,0.1
6829,348,270.88,9,0.15
6829,992,288.22,5,0.15
6830,62,17.25,10,0.15
6830,6,216.74,7,0.1
6830,129,108.67,8,0.1
6830,182,347.07,10,0.1
6830,975,287.12,3,0.15
6831,131,123.55,2,0.05
6831,845,277.41,4,0.1
6831,222,412.53,4,0.15
6832,247,236.02,3,0.15
6833,829,184.59,10,0.0
6833,427,197.56,10,0.0
6833,525,102.51,5,0.15
6833,384,279.91,10,0.05
6833,490,125.21,8,0.15
6834,958,480.03,10,0.2
6834,837,147.72,2,0.0
6834,91,234.68,3,0.1
6834,386,67.55,6,0.15
6835,531,181.17,4,0.05
6835,122,160.75,1,0.15
6835,882,429.27,10,0.2
6836,641,266.94,9,0.1
6837,279,389.24,1,0.2
6837,177,317.23,4,0.2
6837,36,401.8,7,0.0
6838,723,247.93,10,0.1
6839,786,485.05,7,0.0
6839,779,443.65,8,0.05
6839,220,470.51,9,0.05
6839,347,25.53,6,0.0
6839,787,65.44,5,0.2
6840,348,356.16,9,0.0
6840,462,15.88,3,0.0
6840,606,77.31,5,0.0
6840,429,58.54,4,0.05
6841,85,317.88,6,0.1
6841,327,112.43,2,0.05
6841,628,137.36,7,0.15
6841,705,132.61,1,0.2
6841,896,151.42,5,0.05
6842,562,44.33,10,0.1
6842,104,269.09,4,0.15
6842,889,448.45,7,0.05
6842,292,139.54,6,0.0
6843,38,181.22,3,0.05
6843,48,287.03,4,0.05
6844,1000,93.53,4,0.0
6844,579,210.38,2,0.15
6844,117,493.77,10,0.2
6844,520,213.43,9,0.0
6845,794,485.9,5,0.1
6845,342,410.42,4,0.05
6845,316,178.6,3,0.0
6845,570,164.43,1,0.05
6846,688,495.7,5,0.15
6846,650,160.25,7,0.2
6847,994,251.97,9,0.1
6847,582,183.62,2,0.05
6847,136,238.88,4,0.1
6847,976,358.13,10,0.15
6848,469,455.18,9,0.15
6848,888,258.05,5,0.0
6848,855,234.4,7,0.15
6848,556,312.44,4,0.2
6848,751,385.34,4,0.15
6849,226,442.36,10,0.1
6849,585,406.95,3,0.0
6849,309,74.29,4,0.1
6849,756,90.09,1,0.1
6849,768,274.78,2,0.0
6850,955,319.85,4,0.2
6850,428,425.43,10,0.05
6850,542,129.48,4,0.2
6851,204,493.93,10,0.05
6851,702,115.44,6,0.05
6851,975,374.71,10,0.05
6851,676,248.95,2,0.0
6852,102,101.36,9,0.1
6852,476,420.47,2,0.0
6852,408,132.49,1,0.0
6853,281,140.98,4,0.2
6853,860,352.51,7,0.05
6853,43,66.53,9,0.2
6853,757,19.94,10,0.0
6854,251,256.85,2,0.0
6854,863,158.98,9,0.05
6854,937,44.27,10,0.0
6855,1,81.86,5,0.1
6855,385,41.22,6,0.0
6856,685,453.01,7,0.1
6857,349,412.68,1,0.2
6858,377,455.7,7,0.2
6858,966,414.91,2,0.05
6858,507,133.82,2,0.1
6858,760,119.23,3,0.2
6858,837,118.88,2,0.1
6859,238,263.48,3,0.05
6859,620,111.84,10,0.15
6859,138,128.68,8,0.05
6859,917,388.59,7,0.05
6859,753,367.87,8,0.0
6860,782,216.1,3,0.15
6860,764,340.25,8,0.05
6860,240,12.68,8,0.05
6860,586,340.94,1,0.05
6860,97,204.04,9,0.0
6861,907,347.22,6,0.1
6862,442,357.63,7,0.15
6863,375,81.53,8,0.1
6863,969,380.14,3,0.2
6863,67,65.34,3,0.05
6863,504,321.71,6,0.1
6864,300,297.44,1,0.0
6864,265,45.45,6,0.2
6864,112,10.57,9,0.05
6864,267,134.45,1,0.05
6865,599,90.44,9,0.05
6866,207,482.18,6,0.15
6866,396,218.07,1,0.2
6866,279,398.89,1,0.15
6867,585,466.67,5,0.2
6867,321,142.67,7,0.15
6867,563,420.77,5,0.1
6867,55,209.94,6,0.0
6868,475,334.91,3,0.05
6868,97,491.42,1,0.05
6868,498,267.61,4,0.1
6869,674,404.97,6,0.1
6869,130,379.92,1,0.15
6869,934,161.95,3,0.2
6869,550,342.3,3,0.2
6869,274,19.93,8,0.2
6870,275,14.97,1,0.1
6870,31,222.36,10,0.15
6870,54,242.3,1,0.05
6871,851,308.53,5,0.1
6871,264,75.83,3,0.0
6871,926,413.48,10,0.15
6871,933,416.88,9,0.2
6872,712,221.9,8,0.2
6872,513,406.81,10,0.05
6873,513,166.67,7,0.05
6873,891,428.08,8,0.05
6873,960,73.0,4,0.0
6874,130,339.29,1,0.1
6874,793,347.23,8,0.2
6874,987,150.01,2,0.1
6875,327,27.47,6,0.1
6875,543,161.12,6,0.0
6875,123,98.01,6,0.15
6875,25,125.19,10,0.2
6876,524,354.95,3,0.0
6876,840,406.02,4,0.05
6876,39,428.91,9,0.15
6877,453,474.16,10,0.15
6878,491,268.05,4,0.05
6879,383,38.43,2,0.1
6879,682,362.89,6,0.15
6880,163,471.35,3,0.05
6880,183,354.31,7,0.0
6881,465,451.89,5,0.05
6882,639,270.12,4,0.05
6882,982,39.58,10,0.2
6882,745,414.4,2,0.05
6882,727,143.56,4,0.1
6883,193,416.7,7,0.0
6883,670,354.8,5,0.1
6883,636,208.7,8,0.05
6883,664,224.83,6,0.15
6883,776,106.48,3,0.05
6884,847,351.68,2,0.1
6884,298,203.04,4,0.05
6884,571,325.99,1,0.2
6884,299,85.42,4,0.15
6884,492,29.45,9,0.05
6885,498,15.45,4,0.0
6885,269,224.12,5,0.15
6886,248,273.71,2,0.1
6886,267,435.53,8,0.15
6886,88,418.16,6,0.0
6887,925,57.41,7,0.1
6887,63,462.88,10,0.2
6887,146,78.03,10,0.1
6888,374,51.38,7,0.05
6889,419,23.28,6,0.1
6889,91,460.7,4,0.0
6889,566,105.41,6,0.05
6889,670,191.33,6,0.2
6889,625,305.8,6,0.05
6890,460,491.51,6,0.15
6890,186,17.76,7,0.1
6890,12,426.44,1,0.2
6890,788,95.0,3,0.1
6890,905,288.25,4,0.2
6891,475,403.56,2,0.0
6891,822,200.69,1,0.0
6891,49,374.16,2,0.05
6891,457,319.25,1,0.05
6892,167,495.37,3,0.05
6892,217,183.86,5,0.05
6893,705,363.17,5,0.1
6893,506,111.8,7,0.1
6894,39,243.03,5,0.0
6894,810,428.45,2,0.15
6894,141,118.04,9,0.05
6894,400,132.94,10,0.15
6895,172,480.32,10,0.15
6895,977,80.12,9,0.1
6896,586,364.51,1,0.2
6896,438,452.39,7,0.0
6897,597,48.88,6,0.0
6897,195,183.07,1,0.15
6897,595,44.17,1,0.2
6897,888,415.62,7,0.1
6898,708,177.29,9,0.1
6898,881,368.18,2,0.1
6899,641,85.89,10,0.05
6899,874,283.63,6,0.05
6900,155,323.34,6,0.0
6900,667,355.16,6,0.05
6900,282,361.13,9,0.0
6901,745,408.02,5,0.2
6902,126,228.97,8,0.2
6902,975,295.14,3,0.1
6902,641,207.41,10,0.15
6902,322,347.15,10,0.05
6903,942,268.79,10,0.2
6903,604,211.7,1,0.0
6903,444,100.53,7,0.15
6903,206,289.37,10,0.05
6903,787,417.53,1,0.1
6904,457,484.53,3,0.1
6904,413,312.87,5,0.05
6904,287,373.56,3,0.2
6905,919,262.1,4,0.05
6906,373,87.55,7,0.2
6906,85,42.14,9,0.05
6906,842,422.53,3,0.2
6907,884,222.54,1,0.2
6907,190,203.08,1,0.05
6907,116,493.75,10,0.15
6907,245,122.14,7,0.1
6908,120,358.84,5,0.0
6909,681,342.29,5,0.0
6909,11,444.92,7,0.0
6909,768,335.77,10,0.15
6910,206,459.47,8,0.15
6911,222,138.26,1,0.1
6911,533,413.83,3,0.0
6911,388,333.55,7,0.15
6911,305,363.3,8,0.2
6911,23,215.11,6,0.2
6912,256,351.26,3,0.05
6912,15,199.94,5,0.0
6912,720,168.95,6,0.1
6913,125,240.82,1,0.1
6913,517,378.73,10,0.2
6914,928,41.99,7,0.05
6914,151,364.44,10,0.05
6915,884,144.63,9,0.1
6915,186,321.03,8,0.1
6916,204,49.18,3,0.05
6916,544,425.26,3,0.1
6916,249,326.8,3,0.2
6916,272,254.85,5,0.0
6916,910,78.7,2,0.05
6917,140,244.49,1,0.05
6917,156,297.28,3,0.0
6918,106,255.25,1,0.15
6918,949,136.41,4,0.2
6918,421,191.95,6,0.0
6918,820,78.03,10,0.2
6918,335,217.89,4,0.0
6919,700,402.7,1,0.2
6919,31,231.22,10,0.0
6919,331,394.93,5,0.15
6919,521,108.06,6,0.0
6919,251,253.99,4,0.0
6920,843,125.6,8,0.15
6920,550,187.27,4,0.1
6920,346,301.58,5,0.0
6920,910,289.32,6,0.05
6920,637,498.7,4,0.05
6921,696,131.4,4,0.1
6921,643,437.68,7,0.2
6921,757,377.91,5,0.1
6922,224,263.59,1,0.05
6922,749,168.73,5,0.15
6923,680,457.29,8,0.2
6924,848,394.86,7,0.1
6925,566,484.4,8,0.2
6925,374,347.94,7,0.2
6925,658,302.8,7,0.2
6926,733,82.24,1,0.0
6926,324,60.55,4,0.15
6926,113,37.43,4,0.15
6927,806,352.41,6,0.1
6928,366,175.03,6,0.1
6928,420,316.25,5,0.05
6928,728,461.61,9,0.15
6929,996,159.91,1,0.2
6930,128,329.65,3,0.05
6930,231,402.33,9,0.0
6930,654,140.96,1,0.0
6931,999,63.45,2,0.2
6932,353,27.02,5,0.1
6933,685,59.86,5,0.1
6933,556,256.98,1,0.2
6934,36,320.12,7,0.05
6935,366,250.48,3,0.15
6935,104,103.29,5,0.1
6935,593,166.03,6,0.2
6936,298,214.66,3,0.1
6936,506,468.14,5,0.1
6937,511,31.29,2,0.15
6937,137,20.62,3,0.15
6937,153,264.01,10,0.15
6937,50,243.11,8,0.15
6937,380,373.13,10,0.05
6938,136,293.73,8,0.15
6939,451,177.29,6,0.15
6939,458,315.18,5,0.05
6940,697,345.34,4,0.15
6941,456,206.13,6,0.05
6941,901,174.29,3,0.2
6941,95,412.33,9,0.15
6941,94,91.77,10,0.0
6942,488,332.71,8,0.1
6942,653,307.1,4,0.15
6942,599,321.02,8,0.1
6942,206,482.82,4,0.0
6942,905,392.03,6,0.2
6943,147,45.48,4,0.2
6943,884,290.18,5,0.15
6943,24,336.4,9,0.1
6943,484,156.73,1,0.15
6944,267,113.96,2,0.0
6944,931,100.51,4,0.15
6944,354,156.89,7,0.05
6944,253,326.93,9,0.1
6944,630,34.01,10,0.15
6945,706,13.01,5,0.15
6945,160,160.73,6,0.1
6945,738,356.96,4,0.15
6945,886,164.65,2,0.15
6946,331,188.56,1,0.1
6947,521,40.88,3,0.05
6947,877,245.01,3,0.2
6947,457,239.76,4,0.1
6947,685,249.6,9,0.1
6948,260,180.3,10,0.2
6948,156,330.84,1,0.2
6948,639,163.24,8,0.0
6948,424,253.37,8,0.1
6949,433,267.82,8,0.1
6950,539,203.29,6,0.0
6950,579,332.06,7,0.0
6950,635,18.51,1,0.1
6951,972,370.84,4,0.1
6951,209,362.88,2,0.0
6951,373,33.15,8,0.0
6952,643,452.59,5,0.1
6952,443,118.83,1,0.15
6952,26,321.97,5,0.0
6952,253,186.23,8,0.1
6953,759,494.57,9,0.0
6953,88,130.42,1,0.2
6954,247,267.58,2,0.2
6954,809,434.28,9,0.15
6954,961,438.42,6,0.05
6955,997,485.74,7,0.0
6955,305,22.04,3,0.15
6955,110,319.96,8,0.1
6955,901,177.83,9,0.15
6956,844,265.84,5,0.05
6957,393,83.74,5,0.2
6958,468,464.24,3,0.2
6958,515,80.16,4,0.15
6958,133,180.39,6,0.05
6958,909,85.97,6,0.05
6958,684,407.09,5,0.2
6959,240,14.05,6,0.0
6960,478,201.85,2,0.2
6960,796,176.16,5,0.15
6960,119,234.01,4,0.2
6961,780,331.76,5,0.1
6962,560,189.87,1,0.15
6963,849,379.67,4,0.2
6964,860,338.26,2,0.1
6964,670,223.7,6,0.1
6965,410,273.02,9,0.1
6965,377,444.51,8,0.15
6965,549,97.32,7,0.2
6965,284,414.66,5,0.2
6966,957,18.32,3,0.0
6966,497,356.37,8,0.15
6966,218,399.6,8,0.1
6966,467,108.2,7,0.1
6967,493,88.28,3,0.1
6968,123,281.21,9,0.1
6968,300,20.92,9,0.05
6968,358,296.78,10,0.0
6969,96,93.61,4,0.2
6969,11,343.44,1,0.0
6969,954,304.93,1,0.15
6969,112,362.29,10,0.1
6969,58,284.87,9,0.05
6970,1,304.37,7,0.0
6970,883,231.79,8,0.0
6970,218,453.24,8,0.05
6971,498,36.94,6,0.2
6971,49,473.51,9,0.05
6971,195,335.97,3,0.1
6971,267,133.56,7,0.2
6971,322,149.29,4,0.2
6972,298,250.28,10,0.2
6972,185,118.4,5,0.05
6972,153,61.1,6,0.05
6972,333,259.01,4,0.05
6973,93,362.09,1,0.0
6973,222,423.56,4,0.2
6974,913,389.72,3,0.15
6974,997,238.44,3,0.05
6974,652,178.32,2,0.0
6974,527,302.65,5,0.05
6975,101,170.52,3,0.2
6975,290,229.32,9,0.05
6975,503,131.12,6,0.05
6975,834,481.68,9,0.1
6976,895,397.05,10,0.0
6976,316,156.47,9,0.05
6976,724,174.6,4,0.1
6977,102,281.05,9,0.0
6977,834,62.14,8,0.15
6977,948,52.18,9,0.15
6977,441,494.97,7,0.1
6978,41,464.07,1,0.05
6978,406,106.69,7,0.1
6978,371,392.5,5,0.0
6979,465,429.56,2,0.0
6979,113,165.7,4,0.1
6979,861,374.19,2,0.05
6979,259,226.79,9,0.05
6980,913,299.64,8,0.2
6980,934,290.77,3,0.2
6980,853,59.96,9,0.0
6981,457,446.06,9,0.1
6981,555,308.7,10,0.0
6981,889,342.44,3,0.2
6981,381,298.65,3,0.0
6982,445,220.21,1,0.05
6982,856,485.49,4,0.1
6982,602,250.59,9,0.15
6982,864,83.02,5,0.15
6983,739,204.15,6,0.0
6984,545,211.64,6,0.0
6985,335,443.08,10,0.0
6985,36,478.61,8,0.2
6986,71,351.91,5,0.0
6986,975,345.75,7,0.15
6986,866,19.95,5,0.15
6986,99,20.06,9,0.05
6987,196,339.43,5,0.15
6987,495,84.31,6,0.0
6987,966,324.42,5,0.15
6987,308,223.34,2,0.2
6988,858,372.11,4,0.1
6988,588,289.52,1,0.0
6988,756,202.47,5,0.2
6988,249,227.09,8,0.0
6988,966,299.09,3,0.1
6989,335,47.97,5,0.0
6989,123,437.96,5,0.05
6989,106,272.96,8,0.1
6989,469,425.1,7,0.15
6990,928,65.51,2,0.0
6990,712,71.21,7,0.15
6991,946,425.34,8,0.2
6992,698,75.07,7,0.0
6993,284,313.76,6,0.15
6993,38,305.0,2,0.0
6993,970,122.37,4,0.1
6994,125,162.93,6,0.05
6994,60,386.63,4,0.0
6994,61,321.2,5,0.05
6994,249,80.77,7,0.1
6994,196,486.93,9,0.0
6995,370,370.53,8,0.2
6996,962,107.2,8,0.2
6997,350,226.83,3,0.2
6997,254,39.15,4,0.2
6997,848,451.58,9,0.05
6997,868,137.92,2,0.15
6997,890,407.49,3,0.2
6998,107,343.5,9,0.05
6998,223,170.59,9,0.1
6998,70,401.5,5,0.05
6998,95,55.85,2,0.05
6999,710,277.69,3,0.2
7000,766,137.08,5,0.15
7000,803,31.47,6,0.1
7000,173,457.5,4,0.05
7000,602,55.75,6,0.2
7000,97,354.17,5,0.05
7001,934,145.3,4,0.2
7001,713,99.91,1,0.15
7002,996,22.05,1,0.2
7002,667,296.01,10,0.1
7002,657,368.18,1,0.2
7002,113,347.08,2,0.15
7002,837,317.73,8,0.05
7003,955,489.79,7,0.2
7003,784,129.83,2,0.0
7004,223,165.49,4,0.1
7004,526,317.95,6,0.15
7004,383,243.9,10,0.1
7004,65,44.98,5,0.0
7005,309,189.96,7,0.05
7005,429,399.01,9,0.0
7005,98,69.01,8,0.0
7005,456,362.05,2,0.05
7005,284,407.59,1,0.0
7006,194,214.91,2,0.05
7006,304,440.61,10,0.2
7006,37,90.54,3,0.05
7006,607,384.31,7,0.0
7007,787,238.71,7,0.1
7007,114,463.62,4,0.15
7007,375,269.96,9,0.1
7007,450,28.12,10,0.0
7007,608,324.07,5,0.15
7008,357,380.5,1,0.05
7008,161,419.31,6,0.0
7008,202,61.62,4,0.05
7009,6,379.29,3,0.1
7009,846,311.11,5,0.0
7009,52,318.68,6,0.2
7009,807,455.86,3,0.05
7009,106,51.02,3,0.0
7010,78,280.31,1,0.2
7010,106,275.69,6,0.0
7010,45,200.07,6,0.2
7011,351,417.96,5,0.0
7011,406,21.95,2,0.1
7012,133,444.94,9,0.15
7012,913,15.51,9,0.2
7012,658,86.51,2,0.15
7013,269,18.02,8,0.1
7013,504,304.06,6,0.05
7013,741,78.03,10,0.2
7014,677,277.52,8,0.15
7014,621,446.26,10,0.0
7014,663,195.39,1,0.15
7015,583,214.86,9,0.15
7015,296,22.98,2,0.1
7015,85,71.75,10,0.1
7015,710,35.63,7,0.05
7016,305,486.67,7,0.15
7016,113,267.62,6,0.05
7016,650,22.83,5,0.1
7017,477,446.52,10,0.2
7017,797,469.37,2,0.2
7017,905,470.98,7,0.05
7017,911,422.12,5,0.05
7018,327,480.28,6,0.0
7018,9,436.16,3,0.15
7019,928,328.78,2,0.15
7019,525,79.88,10,0.2
7019,946,190.34,1,0.1
7020,682,350.05,10,0.2
7020,424,368.55,4,0.05
7020,8,440.24,2,0.2
7020,342,236.35,5,0.15
7021,404,319.15,3,0.1
7021,212,210.35,1,0.05
7021,996,388.95,8,0.15
7022,827,352.49,8,0.15
7023,96,437.27,2,0.0
7023,227,73.79,1,0.2
7023,519,254.72,5,0.0
7023,578,95.85,9,0.2
7023,886,295.21,7,0.1
7024,44,370.89,4,0.0
7025,22,452.31,9,0.05
7025,545,165.25,5,0.05
7025,324,100.28,9,0.15
7025,468,184.23,1,0.15
7025,570,254.2,9,0.15
7026,185,183.23,7,0.05
7027,850,54.01,7,0.2
7027,521,36.02,10,0.15
7027,975,82.95,8,0.05
7027,96,94.26,9,0.1
7028,863,379.88,10,0.15
7028,794,140.7,5,0.0
7028,505,265.91,3,0.05
7029,427,71.45,3,0.15
7029,89,393.06,1,0.15
7029,994,176.06,7,0.2
7029,616,88.01,10,0.2
7029,541,385.26,8,0.05
7030,183,410.77,10,0.15
7030,840,255.67,7,0.2
7030,884,461.83,5,0.05
7030,315,268.14,8,0.2
7030,108,344.18,3,0.1
7031,538,85.7,5,0.0
7031,405,451.8,6,0.1
7031,910,464.85,6,0.15
7031,451,43.99,7,0.05
7031,708,208.11,7,0.15
7032,827,496.5,3,0.1
7032,548,247.97,6,0.1
7033,928,221.14,6,0.2
7033,68,297.96,4,0.0
7033,270,141.62,1,0.2
7034,991,275.38,4,0.0
7034,354,437.37,6,0.05
7034,235,32.89,9,0.15
7034,163,385.38,6,0.1
7034,106,276.5,4,0.2
7035,46,60.82,5,0.05
7035,436,188.21,2,0.2
7035,512,430.56,7,0.2
7035,112,238.48,6,0.15
7035,619,195.25,8,0.0
7036,672,71.35,1,0.2
7036,374,233.88,6,0.2
7036,888,194.42,4,0.2
7036,751,122.74,8,0.1
7037,373,155.57,2,0.2
7037,840,424.17,1,0.0
7037,912,372.19,7,0.0
7037,44,104.89,8,0.2
7037,50,264.47,4,0.15
7038,861,267.84,2,0.1
7038,284,362.94,6,0.2
7039,986,153.08,1,0.1
7039,485,281.49,10,0.05
7039,617,275.96,5,0.0
7039,831,107.91,8,0.0
7039,198,226.8,8,0.0
7040,886,103.13,1,0.0
7040,675,147.02,2,0.2
7041,933,319.45,7,0.0
7041,397,391.25,9,0.05
7042,486,313.38,7,0.1
7043,512,178.04,8,0.1
7043,21,451.11,1,0.1
7043,793,26.18,1,0.2
7043,968,28.42,1,0.0
7044,542,330.43,7,0.0
7045,190,69.59,10,0.0
7045,64,397.76,9,0.2
7045,977,245.22,1,0.2
7045,121,29.66,1,0.1
7046,252,476.14,7,0.05
7046,154,354.98,6,0.15
7047,347,316.4,1,0.15
7047,37,300.01,5,0.05
7047,650,325.68,10,0.05
7048,16,40.67,4,0.2
7048,171,325.05,6,0.05
7049,484,412.15,5,0.05
7050,582,189.0,2,0.2
7050,222,392.87,4,0.15
7050,156,29.61,6,0.15
7051,314,216.72,7,0.05
7051,319,67.34,6,0.2
7051,88,262.15,9,0.1
7051,655,245.13,2,0.15
7052,709,57.96,6,0.15
7052,229,281.05,3,0.15
7052,432,272.07,2,0.1
7052,987,337.81,6,0.1
7052,747,332.74,2,0.1
7053,896,15.9,1,0.0
7053,467,247.72,4,0.05
7053,15,234.34,10,0.0
7054,653,93.48,7,0.0
7055,123,436.93,9,0.05
7055,781,309.28,6,0.15
7056,93,215.78,2,0.15
7057,677,308.75,6,0.2
7058,969,349.73,6,0.05
7058,174,437.14,4,0.15
7058,356,16.73,5,0.05
7059,853,356.92,6,0.2
7060,601,147.35,5,0.0
7060,923,279.13,1,0.2
7060,332,295.16,9,0.2
7060,668,86.27,9,0.05
7060,676,410.67,6,0.1
7061,792,102.64,1,0.2
7061,660,125.3,8,0.15
7061,706,76.99,6,0.0
7061,743,499.86,9,0.05
7061,437,104.78,10,0.1
7062,310,297.35,2,0.0
7062,837,97.4,7,0.05
7063,559,117.37,5,0.1
7063,756,300.69,8,0.0
7063,428,229.25,6,0.1
7063,295,187.09,9,0.2
7063,607,432.41,3,0.05
7064,31,228.49,9,0.2
7064,579,167.12,8,0.1
7064,124,451.86,9,0.05
7065,510,87.93,6,0.2
7065,542,496.57,8,0.15
7065,154,266.97,1,0.15
7065,573,291.82,2,0.0
7066,125,63.4,7,0.2
7066,710,408.42,10,0.2
7066,237,117.33,9,0.15
7067,272,257.12,3,0.05
7067,367,198.46,4,0.15
7068,538,377.11,9,0.1
7068,340,448.08,10,0.2
7069,109,412.2,5,0.1
7070,370,119.47,9,0.15
7070,541,470.13,9,0.0
7070,737,189.84,8,0.1
7070,471,163.4,2,0.1
7071,301,409.7,9,0.15
7071,474,376.39,1,0.0
7072,777,107.21,1,0.05
7073,676,332.92,6,0.0
7073,137,237.26,3,0.2
7073,879,202.41,3,0.1
7074,314,440.19,9,0.05
7074,817,217.84,1,0.0
7074,861,449.13,10,0.2
7074,564,158.37,6,0.1
7074,505,369.15,3,0.2
7075,303,378.59,2,0.15
7076,860,240.1,2,0.2
7076,877,289.2,4,0.2
7077,507,340.5,9,0.05
7077,800,207.36,7,0.2
7077,129,196.17,9,0.2
7077,117,378.17,5,0.1
7077,497,277.3,10,0.1
7078,249,465.29,3,0.0
7078,90,209.88,3,0.1
7078,463,490.12,9,0.0
7078,199,237.17,3,0.15
7078,203,149.3,6,0.2
7079,394,429.6,3,0.2
7079,585,484.06,5,0.05
7079,217,446.96,5,0.05
7080,989,408.04,1,0.05
7081,57,417.31,6,0.0
7081,836,284.02,4,0.1
7081,598,180.46,4,0.15
7082,382,307.97,7,0.2
7082,13,94.55,3,0.15
7083,484,192.04,6,0.1
7084,536,464.43,3,0.05
7085,463,432.88,7,0.0
7085,33,115.87,10,0.2
7085,57,394.29,4,0.05
7085,147,466.28,10,0.2
7085,70,360.0,5,0.1
7086,98,476.34,3,0.15
7086,953,216.03,1,0.15
7086,880,408.29,7,0.15
7087,969,229.04,7,0.1
7088,665,383.31,8,0.0
7088,686,251.93,2,0.05
7088,131,469.75,6,0.2
7089,160,53.13,9,0.2
7089,738,295.89,6,0.0
7089,241,53.46,7,0.0
7089,931,180.11,3,0.05
7089,253,498.34,2,0.05
7090,935,230.52,9,0.2
7090,144,446.68,5,0.15
7090,362,206.82,8,0.1
7090,797,199.31,6,0.1
7091,372,231.18,2,0.2
7092,238,174.76,9,0.05
7092,261,320.57,1,0.2
7092,131,188.59,2,0.0
7093,314,459.81,8,0.1
7093,813,431.82,1,0.1
7093,585,217.31,6,0.05
7094,864,157.15,3,0.05
7094,176,382.46,9,0.0
7094,350,330.57,3,0.15
7095,175,289.11,5,0.2
7096,834,168.11,10,0.15
7097,461,111.47,6,0.05
7097,686,27.58,9,0.2
7097,841,306.63,7,0.0
7097,203,51.72,10,0.15
7097,951,419.75,4,0.0
7098,844,448.65,7,0.15
7098,531,436.9,6,0.05
7099,720,47.55,10,0.2
7099,675,183.57,8,0.2
7099,570,449.04,8,0.05
7100,272,265.04,9,0.2
7101,652,282.71,6,0.1
7101,242,69.15,6,0.0
7102,796,337.85,10,0.05
7103,414,125.67,9,0.2
7103,434,471.09,5,0.2
7103,449,335.38,9,0.0
7104,749,387.99,3,0.15
7104,497,351.11,7,0.0
7105,83,379.68,2,0.1
7106,945,125.37,2,0.0
7106,938,22.91,9,0.1
7106,862,276.88,6,0.15
7106,426,354.19,4,0.2
7107,854,59.65,3,0.1
7107,531,19.45,5,0.15
7108,396,278.61,7,0.0
7108,597,415.88,10,0.0
7108,408,23.35,5,0.1
7108,283,92.53,10,0.15
7109,467,335.14,1,0.1
7110,690,58.25,2,0.05
7110,944,257.11,8,0.1
7111,930,286.4,2,0.0
7112,732,495.22,4,0.1
7112,905,354.15,10,0.2
7112,918,249.79,8,0.15
7112,108,226.43,2,0.15
7113,296,48.68,7,0.05
7113,61,167.01,6,0.05
7113,915,479.95,6,0.1
7113,813,232.86,8,0.05
7114,925,420.42,4,0.15
7114,766,85.88,10,0.1
7114,693,490.23,7,0.0
7114,32,201.95,9,0.2
7114,514,472.64,9,0.05
7115,686,159.87,2,0.0
7115,324,457.61,3,0.15
7115,18,23.5,4,0.15
7115,109,438.1,7,0.1
7116,408,393.61,6,0.05
7116,70,408.94,3,0.05
7116,760,344.77,8,0.1
7116,645,162.15,4,0.1
7117,484,478.53,1,0.0
7117,494,166.41,7,0.0
7117,569,250.19,9,0.15
7118,732,456.58,4,0.2
7118,636,247.56,9,0.1
7118,222,229.29,2,0.15
7118,345,450.9,6,0.2
7118,527,324.7,5,0.1
7119,362,395.73,3,0.05
7119,18,70.51,5,0.2
7119,878,499.56,10,0.0
7120,843,139.57,6,0.2
7120,163,286.5,6,0.2
7120,501,196.2,5,0.1
7121,155,234.8,3,0.0
7121,824,136.48,7,0.2
7121,494,404.89,4,0.2
7121,967,350.51,3,0.1
7121,223,68.38,6,0.0
7122,538,38.88,7,0.0
7122,602,203.33,1,0.2
7122,888,356.61,7,0.05
7123,32,284.18,4,0.0
7123,521,25.15,10,0.05
7123,131,239.7,4,0.2
7124,157,304.52,3,0.1
7124,572,252.04,3,0.15
7124,915,342.04,3,0.0
7125,172,46.92,6,0.15
7125,362,250.68,2,0.15
7125,502,171.1,7,0.05
7125,927,308.34,9,0.15
7125,863,331.17,1,0.05
7126,120,438.42,4,0.2
7126,833,364.36,9,0.05
7126,877,88.33,10,0.2
7126,540,330.92,4,0.15
7127,76,243.22,4,0.0
7127,601,35.1,4,0.0
7127,345,318.22,7,0.1
7127,452,133.23,6,0.2
7127,111,301.3,9,0.2
7128,867,331.72,9,0.15
7128,314,165.48,9,0.05
7128,534,458.54,4,0.0
7128,153,499.12,4,0.2
7129,764,377.3,2,0.1
7130,246,85.72,1,0.2
7130,833,478.07,7,0.0
7130,653,428.68,7,0.05
7130,947,79.6,8,0.2
7131,484,486.5,1,0.2
7131,239,257.53,3,0.0
7131,90,436.35,9,0.0
7132,98,220.23,3,0.2
7132,66,279.16,6,0.15
7132,194,395.26,1,0.0
7132,256,192.56,10,0.15
7133,111,88.16,7,0.05
7133,583,427.6,1,0.05
7133,426,338.66,7,0.15
7133,357,311.09,1,0.05
7134,658,227.16,4,0.2
7134,692,375.13,10,0.15
7135,394,292.89,4,0.15
7135,183,469.33,2,0.05
7135,590,277.11,4,0.2
7135,22,463.03,2,0.15
7136,684,247.92,6,0.0
7136,823,344.66,3,0.05
7136,388,349.94,1,0.1
7137,674,118.08,2,0.2
7137,692,74.0,10,0.0
7137,705,425.7,5,0.2
7137,794,488.45,3,0.1
7138,890,278.15,4,0.05
7139,430,25.22,2,0.2
7139,479,19.04,5,0.15
7139,151,119.38,5,0.05
7140,178,262.84,6,0.2
7140,958,346.29,10,0.0
7140,900,331.71,6,0.0
7140,51,237.24,5,0.2
7141,517,497.52,9,0.15
7141,420,245.5,7,0.1
7141,136,126.94,9,0.2
7141,131,140.25,6,0.05
7141,20,131.93,10,0.2
7142,661,465.45,3,0.2
7142,994,320.09,2,0.15
7143,378,44.28,5,0.15
7143,909,226.1,3,0.05
7143,109,338.7,4,0.15
7143,372,202.57,7,0.1
7144,637,332.09,7,0.1
7144,539,401.4,1,0.05
7144,673,127.77,1,0.1
7144,809,197.6,1,0.0
7145,709,399.7,7,0.1
7145,138,28.47,7,0.0
7145,459,130.74,8,0.1
7146,352,498.42,10,0.15
7146,419,451.18,3,0.05
7146,623,298.19,2,0.2
7146,682,137.24,6,0.15
7146,802,451.26,4,0.1
7147,891,303.13,8,0.0
7147,254,95.2,7,0.05
7148,447,67.65,4,0.15
7149,661,310.74,8,0.2
7149,64,366.56,2,0.2
7149,406,238.19,2,0.15
7149,123,441.45,10,0.2
7150,274,53.02,6,0.1
7150,666,197.11,3,0.1
7151,995,407.19,3,0.0
7151,462,468.84,8,0.2
7152,183,68.07,8,0.0
7152,649,104.15,6,0.15
7152,474,407.64,9,0.15
7153,765,415.44,7,0.1
7153,781,466.78,10,0.05
7153,116,423.4,2,0.15
7153,270,164.25,10,0.0
7154,526,485.28,1,0.0
7154,642,433.97,6,0.0
7154,998,463.56,9,0.05
7154,489,283.38,7,0.0
7154,707,91.93,6,0.05
7155,269,43.85,2,0.0
7155,299,94.14,1,0.0
7156,577,45.0,1,0.2
7156,138,465.93,3,0.2
7157,956,466.96,10,0.15
7157,194,464.07,7,0.05
7157,470,128.07,10,0.05
7157,2,458.22,4,0.0
7157,760,451.88,1,0.05
7158,175,350.66,3,0.0
7158,556,79.31,1,0.0
7159,860,55.98,5,0.2
7159,142,208.51,1,0.15
7159,134,141.74,10,0.2
7159,278,256.83,3,0.1
7160,708,321.7,3,0.2
7160,445,17.65,3,0.15
7160,624,206.52,10,0.2
7160,26,20.65,5,0.1
7161,689,485.27,3,0.0
7162,793,385.43,10,0.05
7162,988,234.02,3,0.2
7163,166,172.39,10,0.2
7163,886,102.73,8,0.1
7163,753,164.99,8,0.1
7163,918,35.65,3,0.15
7164,274,465.21,9,0.1
7164,772,214.04,4,0.05
7164,628,327.64,7,0.1
7164,37,478.68,4,0.0
7164,936,81.39,5,0.2
7165,780,270.58,3,0.15
7165,787,308.26,7,0.1
7166,346,139.13,9,0.1
7166,463,143.51,4,0.05
7166,244,124.33,7,0.0
7167,188,119.43,9,0.0
7167,856,302.68,8,0.05
7167,377,345.67,4,0.1
7167,187,311.41,6,0.05
7168,258,184.26,3,0.1
7169,672,183.52,7,0.15
7169,61,108.86,9,0.2
7170,661,231.26,7,0.0
7171,124,349.61,8,0.15
7171,648,121.96,10,0.1
7172,735,407.69,3,0.05
7172,43,14.3,3,0.15
7172,25,387.3,9,0.2
7173,600,243.87,1,0.1
7173,369,249.63,3,0.15
7173,106,103.39,1,0.05
7173,161,264.52,3,0.0
7174,9,338.42,4,0.2
7175,862,53.74,1,0.2
7176,52,288.0,3,0.2
7177,116,479.79,1,0.05
7177,792,427.55,9,0.2
7178,524,446.46,2,0.15
7178,108,256.83,3,0.15
7178,343,189.83,1,0.0
7178,118,437.67,7,0.05
7179,887,183.99,6,0.1
7179,143,458.98,9,0.15
7179,609,34.2,8,0.2
7180,325,334.82,3,0.05
7181,369,279.04,4,0.05
7182,233,468.27,8,0.1
7182,481,162.9,10,0.15
7182,65,115.07,5,0.05
7182,714,498.82,7,0.15
7182,384,38.46,8,0.05
7183,263,449.31,10,0.0
7183,523,17.13,5,0.05
7183,274,393.23,2,0.0
7183,158,481.96,7,0.0
7183,189,305.72,1,0.15
7184,665,129.69,3,0.1
7184,47,63.55,10,0.05
7184,261,463.59,1,0.2
7184,737,355.62,1,0.1
7185,861,118.08,6,0.15
7185,180,148.9,6,0.0
7185,210,479.12,2,0.05
7186,977,275.68,9,0.0
7186,182,187.53,5,0.15
7186,702,369.59,4,0.2
7187,10,455.85,10,0.2
7187,334,61.79,6,0.1
7187,229,413.8,3,0.2
7187,476,360.84,7,0.2
7187,594,158.07,2,0.2
7188,434,72.43,9,0.05
7189,118,429.04,3,0.1
7189,828,124.63,5,0.0
7189,722,291.87,8,0.05
7189,204,354.18,10,0.1
7190,235,159.73,1,0.1
7190,156,366.9,5,0.15
7190,607,125.83,3,0.0
7190,370,281.35,8,0.0
7190,899,14.82,7,0.05
7191,567,421.16,9,0.1
7191,859,155.6,8,0.15
7191,432,483.22,8,0.15
7191,98,304.62,10,0.2
7192,395,212.65,5,0.05
7192,701,123.47,10,0.2
7192,886,373.84,9,0.1
7192,162,411.79,3,0.1
7192,534,381.58,9,0.2
7193,315,289.55,7,0.05
7194,171,167.67,9,0.0
7194,364,437.88,2,0.1
7194,742,118.21,6,0.05
7195,746,105.33,4,0.1
7196,69,364.38,6,0.15
7196,310,488.74,2,0.15
7197,241,473.87,10,0.05
7197,789,465.6,7,0.05
7197,831,48.49,10,0.15
7198,108,188.06,3,0.15
7198,306,328.63,5,0.05
7199,943,217.91,7,0.0
7199,527,411.56,10,0.1
7199,674,485.83,2,0.0
7200,1,19.02,5,0.1
7200,552,454.18,6,0.1
7200,118,323.27,9,0.15
7200,835,67.69,6,0.0
7201,370,431.91,9,0.0
7201,335,432.66,4,0.0
7201,114,206.58,2,0.1
7201,95,154.84,2,0.0
7201,51,488.86,8,0.2
7202,986,236.18,4,0.0
7202,63,53.3,10,0.1
7202,254,323.22,8,0.0
7202,642,31.88,4,0.15
7203,442,222.71,3,0.2
7203,940,354.43,8,0.2
7203,971,266.69,2,0.1
7203,10,296.2,6,0.15
7204,404,290.33,6,0.1
7205,582,378.99,5,0.05
7205,831,242.29,6,0.0
7205,111,307.82,2,0.15
7205,339,404.24,2,0.1
7205,182,106.61,7,0.1
7206,793,42.36,3,0.05
7206,227,17.33,1,0.05
7206,783,13.13,5,0.1
7207,888,31.17,3,0.05
7207,998,163.15,10,0.15
7208,548,456.73,4,0.0
7208,978,52.84,10,0.15
7208,767,107.04,9,0.15
7208,525,252.78,9,0.1
7208,703,456.62,5,0.1
7209,674,389.92,3,0.0
7210,812,197.22,3,0.0
7210,69,254.84,10,0.1
7210,495,71.92,7,0.0
7210,784,106.31,1,0.0
7210,53,379.87,4,0.2
7211,164,315.74,2,0.1
7212,140,162.57,3,0.2
7212,361,131.38,10,0.2
7212,624,59.81,3,0.0
7213,344,299.29,1,0.0
7214,701,340.63,3,0.05
7214,268,204.35,3,0.1
7215,502,351.73,10,0.0
7215,241,231.26,3,0.05
7215,918,367.35,1,0.2
7215,184,496.48,6,0.1
7216,2,147.03,7,0.2
7216,636,323.84,9,0.15
7216,200,290.7,5,0.2
7217,221,23.55,7,0.1
7218,704,366.47,10,0.0
7218,592,131.33,8,0.1
7218,204,324.16,7,0.15
7218,21,198.38,2,0.05
7219,187,123.22,5,0.1
7219,570,125.32,1,0.1
7219,134,242.6,5,0.05
7220,137,179.94,4,0.2
7220,745,491.53,5,0.0
7220,824,152.45,2,0.15
7220,12,498.33,2,0.0
7221,541,82.13,7,0.0
7221,262,482.17,7,0.05
7222,785,321.31,9,0.15
7222,138,79.83,2,0.05
7223,489,496.4,10,0.0
7223,147,184.06,6,0.2
7223,486,15.47,9,0.1
7223,406,333.38,4,0.0
7224,222,429.66,5,0.15
7225,274,148.24,10,0.2
7225,221,419.77,3,0.0
7225,59,306.77,8,0.15
7225,937,256.15,3,0.15
7225,462,261.18,9,0.2
7226,915,377.75,3,0.05
7227,903,53.29,10,0.0
7227,637,424.05,7,0.05
7227,579,307.12,5,0.1
7227,362,79.83,6,0.05
7228,840,108.47,7,0.1
7229,911,81.05,8,0.1
7229,870,362.09,4,0.1
7229,105,257.92,9,0.0
7229,811,46.33,7,0.0
7230,838,252.73,3,0.0
7230,577,145.45,6,0.1
7230,302,372.19,9,0.05
7231,102,282.73,5,0.1
7231,574,234.53,7,0.2
7231,801,97.8,10,0.15
7231,602,86.61,9,0.1
7232,958,345.89,2,0.15
7232,653,434.29,10,0.2
7232,20,350.62,6,0.2
7232,493,37.62,4,0.0
7233,275,387.09,2,0.2
7233,816,239.37,1,0.15
7233,228,131.07,10,0.1
7234,52,315.91,5,0.0
7234,492,239.06,4,0.05
7234,2,288.59,8,0.05
7234,900,170.01,2,0.0
7234,43,391.98,1,0.2
7235,681,494.34,9,0.15
7235,216,349.27,4,0.2
7236,702,135.07,7,0.2
7236,331,129.29,7,0.15
7236,590,480.97,7,0.05
7236,68,295.9,9,0.2
7236,888,34.47,10,0.0
7237,717,317.71,2,0.2
7237,1,299.7,6,0.0
7237,910,143.27,2,0.2
7237,489,249.86,4,0.1
7237,240,450.32,9,0.15
7238,463,344.88,2,0.15
7239,321,394.3,8,0.1
7239,298,466.66,7,0.2
7239,375,332.5,9,0.0
7239,793,154.44,8,0.15
7240,55,407.15,4,0.2
7240,800,397.51,9,0.1
7240,732,292.42,9,0.15
7240,60,466.78,10,0.0
7240,89,132.48,3,0.0
7241,996,249.04,6,0.2
7242,399,201.08,5,0.15
7242,386,293.73,8,0.2
7242,604,107.39,9,0.2
7243,401,140.67,2,0.05
7243,611,336.77,6,0.05
7244,684,146.56,1,0.0
7244,364,181.29,5,0.1
7244,756,123.72,5,0.05
7244,880,442.34,5,0.05
7244,841,411.74,7,0.15
7245,118,300.88,10,0.2
7245,572,134.67,4,0.15
7245,911,334.23,5,0.0
7246,593,415.71,7,0.2
7246,554,248.85,9,0.05
7247,192,87.41,1,0.0
7247,389,120.33,9,0.1
7248,630,68.73,6,0.1
7248,273,59.27,3,0.0
7248,488,298.35,4,0.15
7248,133,352.37,4,0.0
7248,580,272.52,8,0.05
7249,18,220.72,3,0.1
7249,961,73.09,1,0.1
7249,965,136.51,6,0.15
7249,493,275.79,3,0.0
7250,159,301.48,10,0.2
7250,496,153.97,10,0.1
7250,696,430.74,1,0.0
7250,908,359.5,10,0.2
7251,873,446.99,10,0.05
7251,179,380.17,7,0.15
7251,395,133.43,9,0.15
7251,435,190.21,1,0.0
7251,186,399.25,3,0.2
7252,774,471.94,1,0.05
7252,721,156.27,4,0.1
7252,932,376.07,4,0.1
7253,487,200.53,8,0.2
7254,504,129.05,7,0.2
7254,403,385.74,2,0.2
7254,487,185.52,1,0.2
7254,610,425.3,5,0.15
7254,624,352.31,4,0.1
7255,456,179.95,5,0.15
7255,479,438.68,4,0.1
7255,264,343.26,2,0.2
7255,108,27.72,3,0.2
7256,183,294.0,5,0.05
7257,265,448.8,5,0.2
7257,983,37.79,6,0.1
7257,150,304.79,3,0.0
7257,786,180.09,6,0.05
7257,56,93.75,2,0.2
7258,767,318.58,1,0.15
7258,430,192.3,1,0.0
7259,397,447.52,9,0.2
7259,469,476.54,9,0.0
7259,5,220.11,8,0.05
7259,526,389.5,4,0.2
7259,242,73.03,9,0.15
7260,704,341.54,8,0.05
7260,632,106.63,6,0.05
7260,654,283.68,9,0.0
7260,744,184.31,2,0.05
7260,636,222.13,10,0.05
7261,511,21.52,4,0.2
7261,101,393.04,8,0.0
7261,999,141.83,2,0.05
7261,722,152.97,6,0.0
7261,26,209.72,9,0.2
7262,773,488.39,8,0.0
7262,249,29.86,8,0.1
7262,183,140.05,10,0.2
7262,517,407.04,2,0.0
7262,625,380.65,1,0.2
7263,93,438.93,9,0.2
7263,420,279.78,10,0.0
7263,447,360.73,3,0.2
7263,839,64.57,8,0.0
7263,702,140.42,9,0.1
7264,110,394.1,2,0.1
7265,30,458.64,4,0.05
7265,930,467.68,10,0.15
7265,703,421.5,1,0.0
7266,41,18.22,7,0.05
7266,337,367.83,8,0.0
7266,322,280.84,10,0.2
7266,209,211.06,4,0.0
7267,456,252.3,3,0.15
7268,627,339.76,10,0.05
7269,695,240.24,6,0.15
7269,315,312.83,7,0.2
7269,380,91.04,1,0.15
7269,252,305.84,9,0.0
7270,122,318.22,9,0.2
7270,461,339.67,4,0.0
7270,632,126.22,6,0.0
7271,980,115.34,7,0.15
7272,35,98.05,9,0.1
7273,62,437.53,5,0.15
7273,214,391.07,2,0.0
7273,569,488.31,9,0.2
7274,199,239.38,7,0.15
7274,797,418.66,3,0.05
7274,77,350.92,1,0.0
7274,964,358.94,10,0.1
7275,856,237.7,2,0.05
7275,964,24.98,3,0.0
7275,592,422.71,4,0.0
7276,80,255.39,2,0.0
7276,385,383.83,1,0.05
7276,206,388.14,3,0.1
7276,992,327.06,8,0.05
7276,296,222.42,10,0.1
7277,729,199.65,3,0.15
7277,317,103.17,6,0.2
7277,799,185.48,9,0.05
7277,249,152.15,5,0.2
7277,926,436.47,3,0.2
7278,879,396.99,6,0.15
7279,978,435.73,7,0.05
7279,960,126.18,2,0.15
7279,173,360.85,4,0.1
7279,678,401.7,3,0.1
7280,883,406.8,6,0.05
7280,679,174.95,7,0.2
7280,745,473.36,1,0.2
7280,967,272.56,7,0.05
7280,938,181.47,8,0.05
7281,516,82.09,6,0.1
7281,842,55.81,8,0.05
7281,643,496.95,3,0.2
7281,613,57.29,8,0.0
7281,563,205.76,5,0.05
7282,643,207.15,6,0.2
7283,62,393.97,9,0.1
7284,779,345.42,7,0.0
7285,645,432.45,2,0.05
7285,56,80.95,2,0.05
7286,553,160.88,8,0.05
7286,910,125.84,8,0.1
7286,803,262.33,5,0.2
7287,922,326.82,10,0.2
7287,712,17.6,3,0.05
7287,908,174.65,1,0.2
7287,233,61.61,6,0.15
7287,781,356.08,9,0.0
7288,482,140.98,2,0.1
7288,714,395.92,6,0.15
7289,582,306.19,3,0.0
7290,775,140.27,1,0.1
7291,550,68.51,1,0.1
7291,608,416.7,8,0.15
7291,580,337.8,2,0.1
7291,168,290.42,5,0.05
7291,415,154.58,6,0.0
7292,237,409.29,7,0.2
7293,852,305.54,6,0.15
7294,829,350.79,3,0.05
7294,264,164.8,9,0.2
7294,720,238.83,10,0.1
7295,4,188.73,3,0.1
7295,359,43.57,1,0.2
7295,840,248.47,2,0.1
7296,11,309.8,3,0.05
7296,807,312.56,4,0.1
7296,852,210.53,3,0.2
7297,164,154.34,4,0.1
7297,376,144.51,6,0.2
7297,737,300.27,8,0.05
7297,971,221.44,5,0.2
7298,832,174.53,1,0.0
7298,927,85.74,1,0.2
7298,848,365.62,8,0.05
7299,940,273.92,3,0.2
7299,388,204.32,2,0.2
7299,701,258.49,9,0.1
7299,468,315.69,5,0.0
7299,794,215.26,1,0.2
7300,883,148.42,1,0.05
7300,225,415.16,1,0.0
7300,818,393.82,4,0.0
7301,816,43.98,3,0.15
7302,253,273.82,7,0.2
7302,613,156.27,7,0.15
7303,544,483.55,5,0.2
7303,415,71.22,6,0.05
7303,495,452.13,2,0.05
7303,206,92.48,2,0.2
7304,261,104.38,7,0.0
7305,430,141.18,4,0.15
7305,585,396.62,5,0.1
7305,57,136.06,7,0.2
7306,310,42.4,2,0.0
7306,141,211.03,1,0.2
7306,664,309.11,1,0.1
7307,649,28.4,3,0.15
7307,885,389.46,2,0.1
7308,648,479.07,8,0.0
7309,264,19.68,5,0.1
7310,268,403.67,4,0.2
7310,779,292.68,10,0.05
7310,777,79.03,5,0.0
7310,923,498.43,5,0.1
7311,880,326.9,6,0.15
7311,497,478.43,4,0.1
7311,586,258.17,6,0.1
7311,47,63.71,4,0.0
7311,714,260.55,3,0.15
7312,40,212.55,10,0.05
7312,783,60.28,4,0.2
7312,2,330.7,1,0.1
7313,725,214.13,8,0.1
7314,949,389.48,8,0.2
7314,643,421.06,9,0.2
7314,965,36.96,4,0.0
7314,783,440.81,10,0.05
7314,127,246.49,9,0.0
7315,720,348.2,3,0.0
7315,2,235.1,10,0.2
7316,291,439.85,2,0.2
7316,603,42.04,5,0.0
7316,331,40.01,10,0.0
7317,121,58.24,9,0.1
7317,921,114.28,2,0.0
7317,398,213.02,1,0.15
7317,581,489.86,10,0.15
7318,7,269.14,2,0.05
7318,190,242.68,2,0.15
7318,333,245.89,3,0.15
7318,725,274.09,6,0.15
7319,784,178.73,3,0.2
7319,889,300.73,2,0.15
7319,73,409.13,9,0.15
7319,62,400.86,2,0.2
7319,805,480.84,6,0.1
7320,679,213.4,7,0.15
7320,325,274.5,10,0.0
7321,922,461.97,2,0.0
7321,759,217.47,7,0.2
7321,308,449.13,2,0.1
7322,296,481.97,6,0.05
7322,22,386.02,3,0.15
7323,787,297.08,7,0.2
7323,638,473.47,8,0.15
7323,422,262.99,10,0.2
7323,678,409.75,1,0.15
7323,967,283.24,9,0.0
7324,842,66.04,4,0.15
7324,996,299.21,7,0.1
7324,13,338.5,5,0.2
7324,268,482.51,8,0.0
7325,565,159.44,1,0.05
7325,241,44.4,2,0.0
7326,365,322.45,8,0.0
7326,497,44.09,4,0.0
7326,771,466.16,8,0.2
7327,628,256.96,5,0.1
7327,941,194.74,10,0.1
7327,21,460.96,3,0.0
7328,964,106.43,1,0.05
7329,202,386.66,4,0.1
7329,584,142.95,4,0.1
7330,84,384.74,5,0.1
7330,239,248.26,8,0.2
7330,877,45.99,2,0.2
7330,204,201.09,6,0.15
7331,843,457.93,6,0.1
7331,379,490.94,7,0.0
7332,444,495.76,7,0.1
7332,64,247.61,3,0.1
7332,459,112.54,7,0.2
7332,722,118.1,9,0.1
7333,608,62.53,6,0.15
7333,467,302.09,1,0.0
7333,350,163.71,9,0.05
7334,433,296.34,4,0.15
7334,657,35.84,4,0.0
7335,450,420.05,10,0.2
7336,839,54.35,1,0.2
7336,735,174.94,3,0.15
7337,990,460.8,3,0.2
7337,250,172.85,7,0.2
7337,909,122.55,5,0.1
7337,734,66.95,7,0.0
7337,754,351.17,7,0.1
7338,322,330.49,4,0.2
7339,956,93.74,7,0.05
7339,784,311.24,4,0.15
7340,524,410.15,10,0.2
7340,562,199.42,1,0.1
7340,235,83.64,1,0.1
7341,558,196.22,8,0.2
7341,145,47.39,4,0.2
7341,910,255.51,2,0.1
7341,325,256.44,10,0.1
7341,149,439.53,10,0.1
7342,889,268.99,3,0.2
7342,939,309.35,8,0.2
7342,477,12.91,8,0.15
7342,906,215.47,6,0.1
7342,80,185.19,9,0.0
7343,108,35.78,2,0.05
7343,941,212.54,2,0.05
7343,533,100.49,2,0.15
7343,452,109.09,8,0.15
7344,108,228.44,6,0.2
7344,246,278.43,6,0.15
7344,415,276.41,3,0.0
7344,318,362.11,3,0.2
7344,662,451.36,10,0.2
7345,214,409.85,2,0.1
7345,785,129.97,2,0.2
7345,330,132.72,7,0.15
7346,410,449.02,6,0.0
7346,198,183.63,2,0.0
7347,663,275.66,5,0.1
7347,230,118.56,1,0.0
7347,24,93.63,10,0.0
7348,460,353.16,8,0.15
7348,381,302.64,8,0.0
7348,301,477.14,6,0.2
7349,70,258.7,5,0.15
7349,658,414.18,2,0.15
7349,980,83.45,5,0.15
7350,148,231.54,10,0.2
7351,501,396.52,2,0.2
7351,176,414.54,8,0.2
7352,833,124.61,1,0.15
7352,246,188.36,10,0.15
7353,72,74.19,3,0.0
7353,248,351.98,3,0.05
7353,365,460.89,8,0.2
7353,352,222.76,8,0.15
7354,35,52.81,3,0.2
7355,565,178.74,6,0.0
7356,187,277.57,10,0.2
7356,666,131.1,2,0.0
7356,605,286.07,10,0.15
7356,278,279.85,6,0.1
7357,378,77.77,6,0.15
7358,22,199.28,6,0.15
7358,760,160.56,4,0.05
7358,903,440.14,1,0.0
7359,563,403.6,2,0.1
7359,626,254.76,3,0.15
7359,345,467.49,1,0.15
7359,971,354.46,7,0.05
7359,11,84.72,9,0.05
7360,337,179.37,9,0.15
7360,13,166.71,4,0.0
7361,201,284.15,9,0.1
7361,324,85.38,1,0.2
7362,96,154.8,7,0.05
7362,537,489.55,1,0.1
7362,280,429.98,3,0.1
7363,752,439.03,8,0.05
7363,512,229.49,2,0.05
7363,651,452.18,10,0.05
7364,111,325.03,1,0.2
7365,681,118.79,9,0.0
7365,606,234.33,4,0.2
7366,785,418.75,10,0.0
7366,661,124.03,3,0.0
7366,470,332.83,6,0.0
7367,902,323.82,8,0.05
7367,375,372.72,8,0.15
7367,438,45.75,8,0.05
7368,480,438.48,8,0.15
7368,675,318.8,10,0.15
7368,749,125.17,5,0.15
7368,571,23.17,8,0.0
7369,18,349.35,2,0.2
7369,908,77.02,1,0.1
7369,140,260.42,4,0.15
7370,887,234.69,1,0.05
7370,173,147.04,6,0.1
7370,338,328.01,3,0.15
7370,789,443.17,5,0.15
7370,67,288.13,4,0.1
7371,195,74.51,3,0.2
7371,183,104.06,3,0.0
7371,776,465.37,1,0.05
7372,216,24.96,5,0.2
7372,191,151.39,1,0.0
7372,129,143.97,4,0.1
7372,802,151.53,7,0.05
7373,512,365.35,10,0.05
7373,986,255.13,8,0.05
7374,181,106.72,8,0.15
7374,283,92.01,1,0.1
7374,792,433.1,9,0.1
7374,249,150.55,8,0.15
7375,654,410.94,6,0.1
7375,566,289.92,5,0.2
7376,573,396.79,8,0.1
7376,167,292.91,6,0.1
7376,766,301.73,8,0.15
7377,257,468.75,1,0.2
7377,978,402.3,8,0.0
7377,109,36.01,3,0.05
7377,989,174.53,10,0.0
7377,244,203.19,4,0.0
7378,189,427.78,5,0.15
7378,688,340.11,10,0.1
7378,872,423.5,7,0.15
7378,271,339.04,6,0.15
7378,763,352.03,1,0.05
7379,506,218.96,3,0.1
7380,82,367.83,10,0.15
7380,925,64.81,3,0.15
7380,244,368.93,5,0.2
7381,845,303.56,5,0.2
7381,493,156.25,9,0.1
7381,825,347.29,3,0.15
7382,693,322.19,4,0.15
7382,284,467.86,6,0.15
7382,596,440.03,6,0.1
7383,303,160.5,10,0.0
7383,85,177.09,1,0.05
7383,339,78.91,10,0.1
7383,525,42.95,9,0.1
7383,473,334.48,9,0.2
7384,961,46.64,6,0.1
7384,386,12.69,9,0.2
7384,528,65.36,10,0.0
7384,88,424.44,8,0.15
7385,578,146.56,1,0.0
7385,121,158.07,9,0.15
7385,831,469.29,10,0.0
7385,381,267.3,1,0.05
7385,477,194.67,8,0.2
7386,165,290.85,10,0.05
7386,262,162.0,8,0.1
7387,461,93.62,9,0.0
7387,517,191.6,2,0.1
7387,303,209.0,5,0.2
7387,469,311.94,8,0.05
7387,329,300.19,6,0.05
7388,280,111.23,2,0.15
7389,296,78.22,7,0.05
7390,380,384.94,8,0.05
7390,640,487.52,9,0.1
7390,615,201.33,9,0.1
7390,655,259.29,6,0.15
7391,986,332.53,6,0.15
7391,31,188.13,10,0.15
7391,380,186.61,4,0.2
7391,18,491.76,10,0.0
7392,542,335.57,10,0.1
7392,790,30.0,5,0.2
7392,641,494.45,5,0.15
7392,968,365.75,3,0.2
7392,667,463.65,9,0.2
7393,370,35.34,9,0.05
7393,535,34.72,7,0.2
7394,695,10.72,6,0.1
7394,841,432.53,7,0.0
7395,770,145.05,2,0.0
7395,286,246.98,4,0.2
7396,630,368.96,5,0.05
7396,395,359.47,7,0.2
7396,158,473.1,5,0.2
7397,35,42.65,5,0.05
7397,454,401.0,4,0.1
7397,23,365.6,1,0.1
7398,714,192.02,2,0.0
7398,760,413.94,7,0.05
7398,26,25.82,1,0.05
7399,117,328.38,1,0.1
7400,148,478.08,9,0.2
7401,705,331.03,1,0.05
7401,46,324.87,6,0.0
7401,299,314.68,1,0.0
7401,612,61.5,9,0.2
7402,345,51.67,3,0.2
7402,168,390.74,3,0.15
7402,405,29.7,7,0.0
7403,383,72.29,8,0.2
7403,578,250.92,7,0.0
7404,47,63.76,4,0.0
7404,187,398.39,1,0.0
7404,462,262.64,5,0.2
7405,151,137.84,1,0.05
7405,351,188.58,2,0.2
7405,943,259.76,10,0.05
7406,766,198.32,5,0.2
7406,324,156.51,9,0.2
7406,505,460.11,10,0.05
7407,717,294.23,2,0.0
7407,770,208.58,2,0.15
7407,684,350.18,5,0.15
7407,747,197.16,4,0.05
7408,441,370.7,9,0.2
7408,229,76.47,8,0.2
7408,683,412.53,8,0.15
7408,724,276.1,3,0.1
7409,533,258.09,6,0.0
7409,654,203.02,3,0.15
7409,311,119.24,8,0.1
7410,709,153.71,3,0.1
7410,523,24.9,6,0.1
7410,777,394.86,7,0.2
7411,792,68.89,5,0.05
7411,205,66.0,5,0.15
7412,672,401.77,1,0.05
7412,244,87.05,1,0.1
7413,307,92.8,5,0.0
7413,286,453.85,3,0.1
7413,9,119.66,1,0.1
7414,607,375.97,10,0.0
7414,647,326.25,3,0.15
7414,164,467.28,7,0.0
7414,31,342.48,4,0.15
7414,737,328.19,7,0.05
7415,641,187.41,9,0.1
7415,916,345.18,3,0.2
7415,535,494.5,9,0.0
7416,714,56.77,3,0.0
7416,702,63.91,3,0.15
7417,408,289.15,7,0.1
7417,525,319.37,2,0.0
7417,347,243.36,8,0.2
7417,378,420.94,1,0.05
7417,790,255.26,1,0.1
7418,987,404.03,1,0.15
7418,995,162.79,2,0.15
7418,218,254.71,1,0.05
7418,620,376.22,5,0.2
7418,22,101.13,10,0.0
7419,526,10.52,1,0.15
7419,917,234.99,3,0.1
7419,193,341.5,3,0.0
7419,283,406.43,10,0.2
7420,598,320.55,1,0.2
7420,223,143.49,9,0.05
7420,58,416.47,2,0.05
7421,918,299.72,5,0.0
7421,196,345.32,2,0.2
7421,803,420.03,8,0.05
7422,279,104.94,2,0.15
7422,179,178.71,2,0.05
7422,974,221.61,4,0.0
7422,621,65.85,10,0.15
7423,820,158.97,10,0.0
7423,358,369.88,8,0.2
7423,643,39.52,9,0.2
7423,370,177.78,6,0.15
7423,922,202.54,5,0.0
7424,189,451.56,5,0.0
7424,383,327.32,4,0.15
7424,229,123.88,4,0.0
7424,114,362.72,6,0.15
7425,100,311.37,9,0.15
7425,689,20.1,4,0.15
7425,129,245.3,10,0.0
7426,266,393.53,2,0.15
7426,160,321.65,3,0.15
7426,327,236.89,8,0.05
7427,961,415.47,8,0.2
7428,671,85.54,8,0.2
7428,923,476.46,7,0.1
7428,840,14.46,4,0.0
7428,504,373.88,4,0.1
7428,744,436.53,9,0.05
7429,432,312.67,8,0.0
7429,161,279.47,4,0.05
7429,327,391.58,10,0.1
7429,233,106.72,3,0.0
7430,345,101.17,4,0.2
7430,584,434.87,4,0.0
7430,357,175.81,2,0.0
7431,714,367.09,6,0.0
7431,96,330.92,10,0.15
7431,558,395.55,3,0.2
7432,51,369.19,10,0.0
7433,711,263.34,9,0.1
7433,517,33.8,1,0.05
7433,455,268.43,10,0.0
7433,9,59.68,4,0.05
7433,910,447.51,4,0.15
7434,577,203.72,4,0.05
7435,283,432.1,3,0.15
7435,577,295.06,1,0.15
7435,981,74.83,9,0.0
7435,411,463.38,10,0.05
7436,858,409.15,10,0.15
7436,300,307.44,10,0.0
7436,812,33.47,4,0.0
7437,782,416.91,9,0.0
7437,247,142.59,7,0.0
7437,454,12.66,10,0.0
7437,596,441.39,5,0.2
7437,749,93.59,6,0.2
7438,62,247.97,4,0.0
7438,182,397.1,10,0.2
7439,543,168.28,1,0.0
7439,877,155.68,5,0.05
7439,35,11.79,2,0.0
7439,337,316.88,7,0.15
7440,808,179.14,2,0.05
7441,59,242.33,4,0.1
7442,363,342.66,5,0.05
7442,779,374.76,7,0.1
7443,951,244.69,6,0.2
7443,786,139.77,2,0.05
7444,184,99.93,10,0.0
7444,394,141.77,9,0.1
7444,812,429.5,7,0.0
7444,846,258.53,5,0.15
7444,318,167.95,9,0.1
7445,751,412.47,9,0.2
7445,451,128.62,1,0.0
7445,229,483.11,2,0.05
7446,956,98.5,3,0.2
7446,622,426.93,2,0.1
7446,146,419.08,1,0.15
7446,306,68.95,9,0.2
7447,983,81.02,2,0.15
7447,212,64.78,5,0.15
7448,325,54.72,6,0.15
7448,215,37.77,6,0.15
7448,993,371.11,2,0.1
7448,34,130.04,1,0.05
7449,854,330.44,10,0.0
7449,729,338.8,3,0.1
7449,401,386.34,5,0.0
7449,464,147.45,3,0.2
7450,132,92.85,1,0.0
7450,260,306.62,5,0.0
7451,952,258.92,5,0.05
7452,480,202.0,3,0.15
7452,621,132.1,4,0.05
7452,708,485.6,4,0.05
7452,417,184.8,3,0.0
7452,486,441.54,8,0.1
7453,916,439.69,5,0.0
7454,378,461.14,3,0.2
7454,104,239.49,3,0.2
7454,445,43.71,2,0.15
7455,226,415.84,2,0.15
7455,953,440.01,7,0.1
7455,883,278.31,9,0.05
7455,286,37.6,10,0.1
7455,590,366.59,3,0.0
7456,347,394.64,7,0.1
7456,484,270.86,4,0.15
7456,20,49.39,6,0.05
7456,273,381.34,4,0.15
7457,195,486.79,5,0.2
7457,696,61.27,7,0.15
7457,115,133.74,2,0.05
7457,499,69.35,9,0.05
7458,156,214.97,4,0.1
7458,358,335.76,6,0.05
7458,578,326.16,8,0.2
7458,871,154.04,2,0.15
7459,473,175.83,7,0.0
7459,911,420.98,10,0.0
7459,749,171.92,6,0.1
7460,383,232.57,7,0.0
7461,774,468.71,4,0.1
7461,156,77.39,9,0.05
7461,573,39.28,8,0.2
7462,433,169.61,4,0.1
7462,129,365.79,3,0.0
7462,158,119.16,3,0.2
7462,255,215.31,9,0.15
7462,691,349.82,8,0.05
7463,336,460.69,10,0.15
7463,582,35.33,10,0.05
7464,289,313.68,10,0.05
7464,507,158.1,4,0.05
7464,366,371.01,1,0.0
7464,560,301.96,1,0.2
7464,383,148.37,2,0.15
7465,607,249.76,6,0.1
7465,24,410.89,10,0.1
7465,717,287.53,6,0.0
7465,112,192.77,7,0.05
7466,442,16.77,7,0.2
7466,687,89.55,7,0.05
7467,291,197.05,6,0.2
7467,968,224.13,7,0.1
7467,720,401.56,2,0.1
7467,20,434.39,3,0.1
7468,627,169.39,5,0.15
7468,340,147.89,10,0.2
7468,391,455.17,10,0.2
7468,735,239.86,10,0.05
7468,403,12.0,8,0.0
7469,288,204.65,7,0.0
7470,698,352.94,7,0.0
7470,168,417.43,3,0.1
7470,137,247.72,4,0.0
7471,165,141.22,1,0.2
7471,4,493.06,10,0.0
7471,405,365.55,8,0.0
7472,443,155.43,9,0.2
7472,577,62.3,1,0.05
7472,235,395.49,2,0.0
7472,326,139.94,1,0.2
7473,322,163.37,9,0.0
7474,502,115.83,10,0.2
7474,924,451.8,1,0.1
7474,199,310.53,9,0.05
7474,536,166.52,4,0.05
7475,482,44.16,10,0.05
7475,49,83.32,9,0.15
7475,220,177.36,3,0.1
7475,416,239.46,9,0.15
7476,954,208.84,4,0.15
7476,676,463.35,8,0.2
7476,186,250.93,6,0.05
7477,312,471.34,2,0.2
7477,134,418.8,2,0.15
7477,103,267.62,10,0.1
7478,571,195.23,5,0.2
7478,945,154.01,6,0.2
7478,176,475.48,1,0.1
7478,876,351.39,8,0.1
7478,765,394.79,5,0.2
7479,57,355.08,2,0.1
7479,283,65.2,1,0.0
7479,620,13.34,10,0.2
7479,648,463.26,3,0.15
7479,345,289.82,1,0.1
7480,805,251.81,10,0.05
7480,315,436.31,7,0.15
7480,461,484.56,6,0.2
7480,100,259.44,9,0.05
7480,206,385.51,1,0.05
7481,275,63.31,3,0.1
7481,508,415.08,10,0.15
7481,757,32.39,6,0.0
7481,227,154.36,8,0.15
7481,723,252.65,1,0.0
7482,546,247.88,2,0.15
7482,416,398.66,8,0.05
7483,598,462.51,9,0.1
7484,856,142.08,8,0.2
7485,144,346.4,2,0.05
7485,872,441.0,3,0.1
7485,347,34.09,9,0.05
7485,372,281.86,8,0.05
7485,395,226.47,5,0.0
7486,319,32.69,9,0.15
7486,511,26.5,5,0.2
7486,830,50.01,7,0.0
7486,835,246.19,4,0.0
7487,491,458.0,9,0.15
7487,714,297.72,4,0.05
7488,367,32.75,1,0.2
7489,687,174.64,7,0.0
7489,223,408.88,8,0.1
7489,399,146.66,6,0.1
7490,178,113.87,7,0.0
7490,217,214.12,10,0.1
7491,796,227.27,10,0.15
7491,305,293.9,4,0.05
7492,886,171.74,10,0.2
7493,588,48.7,8,0.0
7493,891,471.49,9,0.1
7493,406,409.11,9,0.0
7494,524,401.92,1,0.2
7494,142,132.81,3,0.1
7494,443,445.53,8,0.05
7494,274,156.05,4,0.05
7494,619,26.42,4,0.1
7495,552,149.82,1,0.2
7495,710,332.35,5,0.05
7495,747,30.51,10,0.1
7496,656,223.42,7,0.15
7496,767,357.84,8,0.0
7497,318,57.68,10,0.2
7497,703,205.58,4,0.0
7497,485,223.96,6,0.15
7498,483,70.63,1,0.2
7499,901,85.78,9,0.15
7500,328,364.75,5,0.0
7500,164,421.56,10,0.1
7500,506,103.91,6,0.0
7500,711,254.1,8,0.0
7500,137,434.41,9,0.2
7501,147,468.13,2,0.15
7501,80,81.18,7,0.0
7502,129,415.59,9,0.0
7502,910,20.41,2,0.2
7503,623,156.53,1,0.2
7503,901,322.82,8,0.1
7503,983,314.24,1,0.05
7504,261,227.48,6,0.15
7504,423,445.11,4,0.15
7505,116,39.49,3,0.05
7505,989,200.06,6,0.15
7505,290,404.89,3,0.0
7506,279,323.99,2,0.2
7506,522,37.5,9,0.2
7506,857,82.91,4,0.2
7506,292,255.89,5,0.05
7506,722,242.88,3,0.0
7507,524,110.17,2,0.2
7508,912,245.94,4,0.0
7508,88,485.55,10,0.15
7508,720,91.12,1,0.1
7509,725,408.68,2,0.2
7509,846,82.74,5,0.0
7509,415,71.25,10,0.05
7509,808,171.82,7,0.2
7509,859,282.35,4,0.05
7510,946,440.9,5,0.1
7511,677,428.01,9,0.15
7511,644,443.41,2,0.1
7511,430,210.67,9,0.15
7512,283,373.76,2,0.0
7513,124,215.25,6,0.1
7513,430,107.6,3,0.0
7513,723,272.3,2,0.05
7514,852,331.93,9,0.0
7514,403,230.55,9,0.2
7514,257,303.82,1,0.15
7515,814,237.55,4,0.0
7516,576,464.74,3,0.05
7516,959,267.97,2,0.0
7516,244,77.66,6,0.05
7516,634,106.0,9,0.1
7516,171,439.3,8,0.0
7517,242,172.26,2,0.15
7517,129,232.01,2,0.2
7517,903,183.92,7,0.1
7517,884,63.56,8,0.15
7517,167,120.35,1,0.05
7518,13,452.12,5,0.2
7518,906,357.05,9,0.15
7518,492,28.49,4,0.15
7518,924,495.73,9,0.1
7519,383,363.01,7,0.15
7519,486,479.34,7,0.05
7519,652,68.11,5,0.0
7520,691,359.16,3,0.2
7520,103,306.39,4,0.05
7521,749,296.71,8,0.2
7521,233,27.64,1,0.0
7522,31,219.68,2,0.1
7522,938,417.28,7,0.05
7522,785,198.45,6,0.15
7523,539,27.35,10,0.2
7523,681,251.03,4,0.1
7523,64,271.76,3,0.2
7523,813,33.24,5,0.1
7523,65,15.24,6,0.15
7524,131,210.36,7,0.05
7524,757,38.72,7,0.05
7525,768,82.43,4,0.15
7525,608,21.9,2,0.1
7525,454,162.3,9,0.2
7526,998,275.22,4,0.0
7526,345,478.44,7,0.0
7526,846,151.5,7,0.0
7527,112,444.0,8,0.05
7527,193,439.28,3,0.2
7527,210,81.98,8,0.1
7527,9,36.77,5,0.1
7527,909,124.0,3,0.2
7528,846,158.16,9,0.1
7528,848,405.9,9,0.0
7529,734,235.05,10,0.2
7529,335,350.07,6,0.2
7530,197,179.64,1,0.2
7530,618,303.03,7,0.1
7530,990,52.12,3,0.2
7530,489,351.43,9,0.1
7530,159,345.7,2,0.2
7531,377,413.25,5,0.1
7531,670,109.46,6,0.05
7531,336,111.6,9,0.1
7531,236,92.93,5,0.15
7531,613,436.01,2,0.0
7532,996,363.41,6,0.2
7533,754,147.8,3,0.05
7533,583,396.5,2,0.05
7533,764,81.54,3,0.15
7533,731,348.62,3,0.2
7534,752,194.17,2,0.2
7534,552,181.11,6,0.1
7534,618,185.08,7,0.0
7534,762,120.74,7,0.15
7534,218,70.0,8,0.05
7535,747,137.81,8,0.15
7535,638,331.9,6,0.15
7535,386,484.91,8,0.15
7535,828,482.41,10,0.1
7535,985,295.11,3,0.0
7536,195,73.67,9,0.15
7537,200,48.91,10,0.2
7537,496,243.49,10,0.0
7537,32,493.1,3,0.15
7537,181,214.58,8,0.0
7538,223,110.5,10,0.15
7538,567,57.13,1,0.05
7538,140,320.16,8,0.0
7538,221,336.12,2,0.05
7539,150,297.05,2,0.2
7539,443,249.62,4,0.15
7540,510,415.86,8,0.1
7540,385,88.76,9,0.15
7541,39,97.46,10,0.0
7542,699,414.02,2,0.15
7542,308,325.39,5,0.15
7543,963,86.96,9,0.2
7543,419,128.03,4,0.0
7543,887,229.19,5,0.2
7543,534,356.07,9,0.15
7543,551,363.24,2,0.1
7544,831,391.63,2,0.1
7544,14,237.66,5,0.2
7545,26,240.78,8,0.05
7545,814,262.08,7,0.15
7545,389,316.05,8,0.0
7545,88,261.77,4,0.1
7545,965,147.63,10,0.2
7546,392,237.16,6,0.1
7546,898,130.7,7,0.1
7546,302,345.15,6,0.1
7547,6,379.51,4,0.05
7547,870,263.68,10,0.05
7547,349,166.79,7,0.2
7547,602,70.05,4,0.0
7548,556,361.87,3,0.2
7548,982,78.69,9,0.1
7548,232,26.96,5,0.0
7548,106,104.46,6,0.2
7549,512,375.56,7,0.15
7550,365,52.8,3,0.1
7551,751,249.66,1,0.0
7551,394,257.78,9,0.0
7551,187,105.14,3,0.2
7551,116,296.98,2,0.0
7551,889,423.04,2,0.2
7552,987,397.59,10,0.2
7552,658,361.4,1,0.1
7553,144,189.81,10,0.2
7553,504,198.38,10,0.2
7553,240,296.1,9,0.2
7553,287,463.33,3,0.0
7553,780,278.31,9,0.05
7554,780,400.79,1,0.05
7554,962,316.91,7,0.05
7554,326,415.66,8,0.05
7555,355,374.81,9,0.1
7555,609,232.54,6,0.0
7556,891,362.05,3,0.1
7556,910,413.76,8,0.15
7557,901,446.79,9,0.05
7557,529,339.27,2,0.0
7557,318,351.15,3,0.0
7557,535,333.03,2,0.0
7557,147,53.02,6,0.15
7558,228,58.33,1,0.15
7558,595,180.53,8,0.15
7559,295,334.88,3,0.2
7559,636,402.86,4,0.0
7559,210,336.08,8,0.1
7560,914,82.99,10,0.05
7560,196,53.66,1,0.1
7561,782,215.47,5,0.1
7561,950,28.16,4,0.15
7561,575,77.78,4,0.15
7561,555,220.84,2,0.1
7561,55,306.78,9,0.05
7562,278,222.3,9,0.05
7562,603,189.73,7,0.2
7563,98,48.52,6,0.1
7563,428,338.38,2,0.05
7563,616,116.04,9,0.0
7563,621,190.84,2,0.0
7564,32,49.31,6,0.2
7564,40,318.26,10,0.0
7565,877,401.08,5,0.05
7566,775,363.47,3,0.1
7566,812,292.02,5,0.0
7566,656,470.17,7,0.0
7567,916,432.64,7,0.15
7567,370,106.54,1,0.15
7568,834,235.42,7,0.1
7568,521,341.4,2,0.2
7569,861,55.65,3,0.2
7570,664,292.66,5,0.0
7570,647,45.18,8,0.05
7570,731,479.99,5,0.0
7571,983,252.03,1,0.05
7571,959,259.31,8,0.05
7571,889,129.58,2,0.15
7571,797,138.36,5,0.2
7571,862,272.88,6,0.15
7572,978,184.87,8,0.15
7572,480,336.37,9,0.05
7573,74,370.69,9,0.15
7573,654,231.89,4,0.05
7574,152,221.65,9,0.05
7574,389,231.31,1,0.0
7574,324,151.58,2,0.15
7574,921,390.4,6,0.2
7575,336,43.97,9,0.05
7576,238,467.58,6,0.0
7576,225,101.86,5,0.05
7576,708,58.87,3,0.0
7576,821,312.15,9,0.2
7577,134,77.07,5,0.05
7577,226,260.31,4,0.1
7577,713,135.9,3,0.2
7577,857,343.6,8,0.0
7577,454,95.42,3,0.05
7578,161,392.43,4,0.0
7579,821,493.32,3,0.05
7580,292,277.88,5,0.1
7580,874,442.6,5,0.0
7581,104,417.3,5,0.2
7581,203,274.04,1,0.1
7581,679,175.46,9,0.0
7582,367,239.43,3,0.1
7583,837,327.95,5,0.1
7583,589,311.77,1,0.2
7584,532,106.49,3,0.0
7584,720,181.24,3,0.2
7584,166,436.52,3,0.05
7584,815,129.28,1,0.0
7584,204,257.62,2,0.15
7585,406,150.45,7,0.0
7585,655,297.23,1,0.15
7586,452,41.33,9,0.1
7586,130,248.28,1,0.1
7586,667,36.64,3,0.15
7586,91,138.29,10,0.05
7586,971,14.51,1,0.05
7587,681,478.87,6,0.1
7587,168,120.95,4,0.0
7587,814,180.23,8,0.05
7587,880,233.41,1,0.05
7587,632,282.37,9,0.1
7588,453,213.93,4,0.05
7588,132,102.45,7,0.0
7588,672,217.23,6,0.2
7588,996,286.53,10,0.2
7589,803,197.61,1,0.05
7590,768,440.94,6,0.0
7590,104,440.97,2,0.0
7591,251,435.06,7,0.05
7591,339,72.8,10,0.15
7591,139,185.13,3,0.0
7592,976,291.24,7,0.1
7593,487,489.14,5,0.0
7593,86,264.55,3,0.2
7593,199,58.51,7,0.2
7594,916,169.34,4,0.15
7594,53,400.38,2,0.05
7594,388,335.01,2,0.2
7594,186,142.45,8,0.2
7595,512,46.09,1,0.2
7595,860,431.29,10,0.05
7595,482,476.13,3,0.0
7595,476,473.74,8,0.15
7596,373,245.91,2,0.15
7596,871,305.86,7,0.05
7597,330,451.82,10,0.0
7597,577,185.66,3,0.0
7597,677,314.02,1,0.0
7597,713,125.37,7,0.15
7597,86,239.14,6,0.2
7598,650,275.72,8,0.05
7599,502,301.72,8,0.2
7599,467,388.14,4,0.0
7600,909,312.0,4,0.15
7600,534,168.96,5,0.2
7600,893,174.86,7,0.2
7601,554,353.13,3,0.1
7601,907,243.29,5,0.05
7601,483,119.0,8,0.05
7602,258,60.38,5,0.05
7602,773,300.83,10,0.2
7603,82,290.45,7,0.2
7604,191,432.13,4,0.15
7604,899,188.44,7,0.1
7604,116,255.27,8,0.05
7604,99,26.51,8,0.2
7605,676,147.91,9,0.0
7605,172,261.59,7,0.2
7605,205,326.92,5,0.2
7605,576,476.22,1,0.0
7606,920,443.33,9,0.0
7607,184,56.7,10,0.05
7608,648,207.68,4,0.05
7608,953,38.95,10,0.15
7608,297,121.62,10,0.2
7609,601,354.09,8,0.1
7609,590,32.88,4,0.05
7609,644,401.85,3,0.0
7610,156,111.95,10,0.0
7610,540,211.01,9,0.1
7611,59,377.51,2,0.1
7612,210,70.86,4,0.0
7612,585,124.31,10,0.1
7612,225,415.54,3,0.0
7612,375,353.2,2,0.05
7613,670,110.28,5,0.05
7613,52,93.17,10,0.2
7614,719,281.14,3,0.1
7614,973,120.05,6,0.15
7614,97,176.24,10,0.1
7615,302,399.14,6,0.1
7615,420,216.46,10,0.0
7615,717,114.89,4,0.15
7615,683,427.12,5,0.1
7615,301,130.12,6,0.15
7616,252,299.85,6,0.15
7616,308,154.16,4,0.05
7616,480,242.6,4,0.05
7617,632,146.14,4,0.05
7617,613,39.56,7,0.0
7617,983,399.33,3,0.0
7617,389,481.14,8,0.0
7617,57,142.63,4,0.15
7618,432,469.08,5,0.05
7618,782,102.66,8,0.05
7618,359,132.73,2,0.15
7618,27,160.7,1,0.2
7618,970,419.03,8,0.2
7619,496,307.66,2,0.15
7619,422,346.71,2,0.15
7620,149,364.28,8,0.1
7620,56,497.47,8,0.1
7620,671,344.02,8,0.15
7621,522,189.2,1,0.2
7621,314,53.47,6,0.2
7621,972,277.82,9,0.15
7621,136,47.56,10,0.15
7622,267,489.65,6,0.05
7622,682,442.61,7,0.05
7622,504,335.32,8,0.2
7622,880,245.4,7,0.15
7623,631,51.16,5,0.0
7623,611,131.26,3,0.2
7623,742,313.67,7,0.05
7623,379,152.67,6,0.05
7623,360,398.36,7,0.15
7624,695,470.97,5,0.15
7624,980,59.4,5,0.1
7624,9,165.3,6,0.0
7624,167,432.69,8,0.1
7624,571,165.87,10,0.1
7625,222,84.33,6,0.15
7625,587,17.81,6,0.15
7625,682,160.2,3,0.2
7625,929,183.89,7,0.15
7625,541,100.3,1,0.2
7626,330,483.53,4,0.15
7626,283,389.12,5,0.1
7626,662,295.75,8,0.1
7627,593,257.51,8,0.15
7627,13,275.06,4,0.2
7627,710,381.26,5,0.2
7627,571,58.14,10,0.15
7628,761,189.21,7,0.05
7629,605,380.86,4,0.1
7629,310,366.21,2,0.2
7629,571,216.2,7,0.1
7629,31,239.47,8,0.2
7629,408,470.53,1,0.2
7630,728,434.01,8,0.15
7630,852,214.79,8,0.15
7631,63,322.21,3,0.05
7631,645,348.4,2,0.2
7632,619,88.9,1,0.0
7632,47,400.19,5,0.1
7633,80,413.59,7,0.05
7634,940,471.31,1,0.0
7634,305,312.46,4,0.15
7634,869,72.67,3,0.1
7635,166,158.71,1,0.1
7635,310,206.02,10,0.15
7635,154,472.86,1,0.1
7635,834,326.39,1,0.2
7636,830,465.07,1,0.15
7636,207,238.02,10,0.05
7637,293,171.94,6,0.1
7637,403,197.46,3,0.05
7637,206,201.65,9,0.0
7637,594,466.79,8,0.1
7637,924,491.23,8,0.0
7638,843,332.01,2,0.2
7639,518,30.65,5,0.15
7640,750,324.55,6,0.0
7640,929,495.38,9,0.1
7640,307,263.35,9,0.2
7640,595,73.69,6,0.2
7640,786,424.14,2,0.05
7641,774,328.96,3,0.15
7642,335,377.6,2,0.0
7642,827,145.47,7,0.2
7643,349,448.61,4,0.0
7643,39,122.49,9,0.1
7643,786,53.36,6,0.05
7643,413,286.49,5,0.05
7643,359,264.98,7,0.15
7644,120,31.94,4,0.05
7644,660,425.14,7,0.2
7644,618,82.98,8,0.2
7644,893,368.8,1,0.2
7645,471,161.53,3,0.0
7645,26,178.08,3,0.2
7645,510,53.76,8,0.15
7645,653,182.53,1,0.2
7645,597,199.15,10,0.05
7646,469,397.82,9,0.1
7646,733,400.02,4,0.0
7646,408,63.29,5,0.0
7646,605,309.65,9,0.15
7647,669,133.03,7,0.15
7648,612,149.17,2,0.2
7648,578,190.28,6,0.15
7648,332,132.66,4,0.0
7648,506,496.57,7,0.1
7648,20,96.63,2,0.2
7649,249,344.29,2,0.0
7649,788,341.4,9,0.15
7649,314,166.51,10,0.2
7649,408,203.27,8,0.2
7650,958,51.75,5,0.0
7650,243,166.97,10,0.05
7650,556,435.92,9,0.05
7650,826,348.36,5,0.2
7651,484,173.7,7,0.0
7651,808,203.29,2,0.1
7652,891,486.21,4,0.1
7653,602,344.75,8,0.05
7654,1,313.09,5,0.15
7655,136,123.65,9,0.05
7655,286,450.88,2,0.0
7655,533,444.82,6,0.0
7656,318,156.77,10,0.1
7656,323,209.73,3,0.1
7656,239,16.28,4,0.2
7656,219,481.3,6,0.2
7657,980,138.73,9,0.1
7657,444,265.25,1,0.2
7657,932,370.62,6,0.05
7657,884,466.36,3,0.2
7657,819,461.86,5,0.2
7658,301,102.88,4,0.15
7658,652,438.31,10,0.2
7658,813,325.39,6,0.2
7658,912,315.68,6,0.0
7659,977,383.07,1,0.15
7660,743,378.56,1,0.0
7660,967,382.29,1,0.15
7660,905,242.22,5,0.15
7660,896,351.74,2,0.2
7660,280,309.02,3,0.0
7661,69,379.69,7,0.05
7662,192,180.62,7,0.1
7662,892,66.79,10,0.2
7662,708,331.53,4,0.2
7662,49,499.58,8,0.0
7662,754,372.64,10,0.15
7663,981,156.52,3,0.05
7664,15,427.91,6,0.15
7665,673,88.95,10,0.2
7666,493,187.96,5,0.15
7666,711,339.03,8,0.2
7666,358,274.93,6,0.2
7666,938,453.72,10,0.1
7666,171,143.37,3,0.1
7667,935,74.38,2,0.05
7668,564,493.75,6,0.1
7669,597,288.98,8,0.0
7670,632,158.1,1,0.1
7671,311,443.73,5,0.0
7671,456,166.06,4,0.15
7671,87,402.11,3,0.1
7671,411,411.92,4,0.15
7671,219,464.46,1,0.0
7672,482,423.46,3,0.15
7672,664,12.69,2,0.15
7673,47,345.13,5,0.0
7673,169,74.25,7,0.05
7673,940,482.55,6,0.15
7673,954,278.98,9,0.15
7674,950,291.36,2,0.0
7674,809,37.87,7,0.05
7674,384,399.03,2,0.15
7674,350,304.05,7,0.15
7674,163,448.95,9,0.05
7675,236,234.29,3,0.1
7675,556,13.3,4,0.1
7676,793,401.44,2,0.15
7677,318,229.64,5,0.0
7678,256,431.77,9,0.0
7679,50,79.34,2,0.05
7679,385,134.22,4,0.05
7679,27,472.76,5,0.2
7679,198,467.58,6,0.15
7680,528,257.95,8,0.05
7680,820,478.63,5,0.15
7680,584,31.07,3,0.1
7680,443,222.2,6,0.2
7680,958,304.89,8,0.2
7681,579,74.36,1,0.1
7681,438,420.69,6,0.0
7681,540,195.38,3,0.2
7681,807,74.38,7,0.0
7681,431,266.05,6,0.05
7682,903,300.75,10,0.2
7682,217,411.34,9,0.15
7683,934,329.25,8,0.15
7683,993,392.46,1,0.05
7684,508,278.76,10,0.05
7684,261,274.08,3,0.05
7684,995,387.2,4,0.0
7684,936,493.69,10,0.15
7684,917,439.21,10,0.0
7685,247,223.04,6,0.1
7685,64,432.11,4,0.1
7686,460,444.32,5,0.2
7687,713,275.57,7,0.15
7687,303,61.29,10,0.1
7687,851,233.1,2,0.1
7687,399,466.94,4,0.2
7688,94,445.73,2,0.15
7688,676,92.6,1,0.1
7688,871,129.7,5,0.15
7689,150,40.86,4,0.05
7689,653,193.98,5,0.05
7689,199,151.97,6,0.15
7689,860,453.35,9,0.15
7690,79,176.78,10,0.1
7690,663,360.98,4,0.0
7690,983,483.02,4,0.1
7690,96,448.88,2,0.15
7691,311,429.86,7,0.05
7692,52,177.06,1,0.0
7692,646,384.12,3,0.15
7692,494,164.88,3,0.15
7692,35,124.86,5,0.0
7692,619,390.7,6,0.15
7693,85,365.87,4,0.15
7694,175,304.15,9,0.1
7694,265,353.78,6,0.15
7695,381,295.59,7,0.2
7696,82,74.73,1,0.1
7696,850,209.31,7,0.0
7696,299,244.43,4,0.05
7696,601,251.13,2,0.1
7696,563,399.73,8,0.0
7697,558,166.75,4,0.0
7698,577,340.4,7,0.0
7698,971,105.41,3,0.0
7698,52,403.79,10,0.2
7698,418,397.91,8,0.1
7699,653,126.13,2,0.15
7699,389,48.97,4,0.1
7699,869,408.91,7,0.0
7699,531,48.23,3,0.15
7700,211,381.92,1,0.2
7700,609,28.98,7,0.1
7701,663,430.63,1,0.0
7701,145,292.51,5,0.15
7701,156,119.08,9,0.0
7701,575,281.19,10,0.1
7701,235,165.58,7,0.0
7702,695,345.69,2,0.1
7702,861,367.08,10,0.0
7702,776,349.65,9,0.2
7702,566,315.36,3,0.0
7703,863,108.67,1,0.2
7703,28,355.3,8,0.05
7704,837,495.88,6,0.15
7704,991,240.97,6,0.15
7704,206,297.9,6,0.1
7704,672,98.18,10,0.1
7705,849,445.14,1,0.1
7705,158,150.79,6,0.15
7705,167,230.46,2,0.15
7705,461,389.23,10,0.2
7705,668,444.92,9,0.1
7706,312,208.66,6,0.2
7706,631,426.55,5,0.2
7706,979,40.86,5,0.1
7706,684,65.48,9,0.15
7706,74,18.9,3,0.1
7707,226,306.43,9,0.1
7707,659,15.79,1,0.2
7707,690,111.41,10,0.05
7707,282,137.55,10,0.0
7708,614,417.48,6,0.1
7709,168,483.18,5,0.05
7709,84,349.48,3,0.05
7710,483,144.85,9,0.15
7711,870,182.16,5,0.0
7711,724,70.38,8,0.1
7711,813,288.97,1,0.05
7712,928,350.84,6,0.2
7712,505,234.14,3,0.2
7712,195,406.54,5,0.15
7713,455,154.51,4,0.05
7713,302,184.78,7,0.1
7713,427,400.94,10,0.2
7713,839,246.8,3,0.15
7714,914,46.24,9,0.2
7715,758,436.48,9,0.1
7715,161,263.4,10,0.2
7715,830,34.16,7,0.15
7715,230,210.54,6,0.05
7716,529,489.3,1,0.05
7716,576,148.84,9,0.15
7716,370,410.63,8,0.05
7717,260,420.98,1,0.0
7718,640,191.83,7,0.1
7719,482,306.06,3,0.15
7719,205,257.21,8,0.15
7719,511,45.16,3,0.2
7719,192,485.05,9,0.1
7720,113,190.26,4,0.15
7720,319,19.04,3,0.2
7720,131,427.81,10,0.0
7721,524,415.38,8,0.2
7721,510,493.1,4,0.1
7721,492,300.91,5,0.1
7721,324,211.45,4,0.1
7721,995,95.37,6,0.05
7722,483,385.49,3,0.0
7722,317,484.41,7,0.1
7722,801,85.48,4,0.1
7723,665,269.71,9,0.0
7723,390,384.75,2,0.15
7723,332,356.81,10,0.15
7723,365,473.75,7,0.15
7723,159,318.42,2,0.1
7724,688,19.1,8,0.1
7724,646,290.94,6,0.15
7724,205,462.03,8,0.15
7724,912,327.57,7,0.15
7725,50,377.69,1,0.05
7725,793,229.71,2,0.05
7725,35,237.91,7,0.1
7725,816,493.7,3,0.1
7725,822,163.18,6,0.15
7726,593,73.92,5,0.0
7726,143,98.89,2,0.0
7726,900,304.96,1,0.15
7726,383,150.24,7,0.2
7726,937,397.03,8,0.15
7727,292,498.31,5,0.2
7727,264,89.59,1,0.1
7727,863,28.9,2,0.2
7727,466,381.96,8,0.05
7727,676,194.92,3,0.0
7728,758,381.54,8,0.0
7728,104,396.08,9,0.15
7728,707,203.31,10,0.1
7728,440,229.54,4,0.2
7728,738,357.93,1,0.05
7729,202,480.75,9,0.0
7729,604,359.13,9,0.2
7729,144,401.43,3,0.15
7729,917,380.22,7,0.2
7729,475,10.1,4,0.0
7730,319,179.06,3,0.2
7731,826,59.97,7,0.15
7731,631,55.54,2,0.05
7731,692,245.62,1,0.0
7731,609,256.76,2,0.0
7732,723,227.64,6,0.1
7733,864,261.94,6,0.0
7733,506,80.24,2,0.0
7734,913,117.17,9,0.2
7734,675,109.73,10,0.2
7734,720,228.57,8,0.2
7735,753,199.53,10,0.15
7735,279,344.13,9,0.0
7735,112,258.01,9,0.1
7735,356,238.14,3,0.1
7735,773,351.16,10,0.2
7736,461,131.8,5,0.15
7736,170,431.78,2,0.15
7736,770,260.68,2,0.15
7736,796,243.56,1,0.05
7737,212,247.83,7,0.1
7738,955,70.87,10,0.1
7739,277,286.13,4,0.2
7739,483,269.86,9,0.1
7739,80,271.82,9,0.15
7739,469,379.71,9,0.05
7740,400,228.06,7,0.2
7740,611,182.15,6,0.0
7740,560,435.48,4,0.0
7741,497,343.23,4,0.0
7741,649,171.69,3,0.2
7742,367,307.71,1,0.1
7743,416,56.28,3,0.2
7743,656,416.33,2,0.1
7744,695,199.5,10,0.1
7745,88,401.77,6,0.2
7745,696,286.21,2,0.05
7745,166,382.66,9,0.2
7746,868,491.99,2,0.0
7746,85,426.37,6,0.2
7746,766,335.89,8,0.05
7746,510,406.08,9,0.05
7746,637,151.67,1,0.15
7747,884,468.82,2,0.05
7747,304,125.45,9,0.2
7747,67,309.65,4,0.2
7747,405,316.85,10,0.15
7748,400,312.36,8,0.05
7748,544,395.83,4,0.15
7748,545,71.28,4,0.15
7748,494,373.62,6,0.05
7748,525,109.33,6,0.15
7749,479,17.77,9,0.2
7749,103,461.26,8,0.05
7750,843,371.88,2,0.05
7750,351,321.42,1,0.2
7751,145,47.78,6,0.05
7751,299,181.74,4,0.0
7751,510,487.75,8,0.15
7752,843,68.44,8,0.0
7752,877,195.17,4,0.1
7753,888,326.75,8,0.2
7753,833,140.1,4,0.2
7753,858,287.92,8,0.1
7754,221,188.22,2,0.05
7755,698,137.45,10,0.05
7755,933,461.71,10,0.15
7756,854,34.39,2,0.05
7756,916,147.27,8,0.0
7756,232,462.66,2,0.0
7756,454,481.13,9,0.05
7756,799,327.4,4,0.05
7757,83,86.88,8,0.2
7758,662,176.38,8,0.15
7758,260,336.86,7,0.15
7758,854,345.71,5,0.05
7758,262,259.1,4,0.15
7759,412,275.77,4,0.0
7759,225,119.13,7,0.15
7759,460,247.14,3,0.05
7759,524,349.7,9,0.15
7760,578,119.83,9,0.05
7760,257,382.98,7,0.1
7760,899,419.08,6,0.1
7760,994,353.77,9,0.05
7760,852,227.47,10,0.1
7761,563,328.85,7,0.15
7761,849,56.08,10,0.2
7761,686,452.55,2,0.0
7762,758,460.37,3,0.2
7762,778,222.27,3,0.2
7762,799,72.38,6,0.2
7762,992,39.51,5,0.15
7762,902,82.78,6,0.1
7763,243,464.38,6,0.05
7763,145,193.16,9,0.2
7763,873,261.88,9,0.05
7763,827,447.23,3,0.1
7764,147,418.97,9,0.0
7765,23,402.57,5,0.2
7765,805,429.91,1,0.2
7765,681,272.24,4,0.0
7766,207,335.02,3,0.1
7766,111,498.54,7,0.2
7767,602,198.44,5,0.2
7768,243,153.22,6,0.15
7768,426,11.06,8,0.05
7768,349,241.15,6,0.05
7768,590,492.05,10,0.2
7768,926,358.45,8,0.1
7769,711,114.03,7,0.1
7769,829,69.12,10,0.05
7769,510,271.78,5,0.0
7770,573,445.86,2,0.0
7771,674,90.96,1,0.0
7772,746,374.48,2,0.0
7772,692,228.0,7,0.05
7773,402,12.02,2,0.0
7773,622,483.45,10,0.05
7773,2,100.45,9,0.05
7773,137,60.98,6,0.05
7774,357,22.85,3,0.2
7774,368,470.68,2,0.05
7774,186,174.28,3,0.2
7774,763,329.08,4,0.2
7774,907,270.17,9,0.1
7775,692,499.03,8,0.2
7775,721,408.77,8,0.2
7775,801,199.8,4,0.0
7776,961,418.93,6,0.2
7776,236,264.52,9,0.15
7777,59,36.85,1,0.1
7778,956,485.12,5,0.0
7778,529,325.62,1,0.15
7778,208,215.3,3,0.05
7778,368,372.87,6,0.15
7779,737,64.79,2,0.15
7780,49,303.44,1,0.15
7780,577,418.59,6,0.0
7780,141,181.74,8,0.0
7781,672,84.56,8,0.1
7782,746,66.03,10,0.15
7783,960,140.36,6,0.1
7783,428,452.7,7,0.15
7783,273,51.52,3,0.05
7783,138,414.75,8,0.2
7784,170,368.38,4,0.05
7784,122,179.68,9,0.0
7785,415,297.4,3,0.15
7785,99,10.39,6,0.05
7785,698,326.3,7,0.0
7785,131,81.91,2,0.0
7786,222,236.41,10,0.05
7786,861,256.32,2,0.1
7787,49,315.63,4,0.1
7787,159,376.11,8,0.1
7787,169,232.75,5,0.0
7787,780,331.21,5,0.0
7787,988,147.16,9,0.1
7788,731,268.58,9,0.05
7788,968,127.45,6,0.0
7789,361,275.89,3,0.15
7790,161,135.02,6,0.05
7791,378,151.72,7,0.05
7791,578,356.88,4,0.05
7791,847,54.61,2,0.2
7791,180,383.0,8,0.0
7791,226,43.08,2,0.15
7792,673,126.55,10,0.15
7792,926,119.12,2,0.2
7793,928,343.55,2,0.0
7794,648,250.96,9,0.1
7794,445,179.4,8,0.0
7794,157,93.8,1,0.0
7794,241,223.46,5,0.05
7795,157,483.12,3,0.0
7796,414,224.3,4,0.2
7796,241,192.3,9,0.2
7796,175,150.94,4,0.05
7796,759,264.86,7,0.1
7797,278,216.52,1,0.1
7797,128,299.13,9,0.05
7797,129,390.51,3,0.2
7797,399,84.27,4,0.0
7798,484,221.72,5,0.2
7798,508,324.4,4,0.05
7798,886,165.08,5,0.15
7798,237,279.78,8,0.1
7799,487,166.57,8,0.2
7799,952,33.09,7,0.2
7799,638,330.74,7,0.0
7800,871,366.87,1,0.15
7800,399,191.68,7,0.05
7800,668,272.34,3,0.05
7800,971,105.63,9,0.1
7800,568,47.28,1,0.0
7801,585,418.13,5,0.2
7801,959,448.07,6,0.15
7801,357,336.59,1,0.05
7801,549,164.92,3,0.05
7802,26,192.18,9,0.0
7802,158,246.43,5,0.15
7802,348,104.63,10,0.1
7802,796,67.35,5,0.15
7802,331,233.73,8,0.0
7803,209,188.27,7,0.0
7803,478,313.82,1,0.1
7804,285,322.3,7,0.05
7804,268,372.59,5,0.0
7805,893,143.26,8,0.1
7805,731,269.87,10,0.2
7805,667,185.17,9,0.05
7805,511,286.59,1,0.1
7806,207,261.46,2,0.0
7806,823,277.56,2,0.1
7806,776,264.05,6,0.0
7806,758,487.63,2,0.2
7806,115,224.72,10,0.15
7807,260,444.09,5,0.0
7807,675,209.79,1,0.2
7808,183,399.42,3,0.05
7808,318,90.53,8,0.2
7808,482,401.82,1,0.2
7808,683,483.34,2,0.15
7808,605,471.11,3,0.05
7809,836,381.16,10,0.2
7809,925,301.9,1,0.2
7809,845,182.43,6,0.05
7809,207,89.43,8,0.15
7809,745,242.13,6,0.1
7810,938,433.43,4,0.15
7811,931,272.33,10,0.15
7812,316,350.6,7,0.15
7812,918,344.06,10,0.0
7813,892,108.18,10,0.15
7813,928,184.23,8,0.1
7813,872,152.55,2,0.0
7814,647,340.71,10,0.2
7815,349,133.18,7,0.05
7815,370,114.82,2,0.15
7815,357,289.39,5,0.0
7816,849,264.54,7,0.1
7817,735,363.31,2,0.15
7817,354,47.25,1,0.05
7818,484,78.34,3,0.2
7818,789,136.18,6,0.1
7818,184,222.91,8,0.05
7818,512,221.14,5,0.05
7818,947,141.68,9,0.05
7819,262,447.63,3,0.05
7819,103,34.7,10,0.15
7819,755,42.8,3,0.15
7819,464,455.44,5,0.1
7819,373,494.01,6,0.1
7820,477,375.39,8,0.05
7821,292,340.54,9,0.05
7821,138,109.1,10,0.05
7822,419,133.81,7,0.05
7822,350,246.19,7,0.2
7822,567,396.18,9,0.15
7823,915,326.52,6,0.2
7823,980,147.2,8,0.05
7823,983,375.11,10,0.0
7824,66,439.9,5,0.2
7824,359,345.93,10,0.1
7824,997,250.58,7,0.05
7824,519,246.83,9,0.15
7824,2,74.08,9,0.2
7825,196,298.6,3,0.0
7825,328,419.72,7,0.2
7825,684,493.9,4,0.05
7825,873,251.77,4,0.15
7826,273,109.73,7,0.2
7827,380,260.93,3,0.1
7827,224,36.64,2,0.2
7827,481,421.53,5,0.0
7827,877,493.83,3,0.2
7827,433,167.96,5,0.15
7828,249,135.85,9,0.2
7829,730,297.72,3,0.15
7829,197,349.98,10,0.2
7829,807,473.76,3,0.2
7829,885,379.94,9,0.05
7829,90,440.99,8,0.1
7830,635,309.49,9,0.15
7830,272,246.59,10,0.05
7830,367,372.65,2,0.05
7831,587,201.71,9,0.15
7832,762,462.28,1,0.0
7832,897,45.43,3,0.2
7833,479,273.79,3,0.2
7833,113,480.75,10,0.1
7834,391,178.63,8,0.1
7834,767,24.03,5,0.15
7834,504,414.89,3,0.05
7835,505,49.72,7,0.15
7835,112,110.35,10,0.15
7835,287,359.54,6,0.0
7836,512,477.74,7,0.0
7836,857,492.63,8,0.15
7836,443,196.39,10,0.15
7836,83,296.03,10,0.0
7837,31,309.22,10,0.2
7838,708,308.32,8,0.05
7838,643,288.03,3,0.15
7839,759,245.44,2,0.05
7839,420,32.41,5,0.1
7840,268,232.95,5,0.05
7841,195,436.26,4,0.2
7841,538,11.11,1,0.15
7841,234,70.1,4,0.15
7842,793,294.33,1,0.15
7842,816,61.38,4,0.1
7842,696,393.59,5,0.2
7843,891,147.07,2,0.0
7843,594,241.54,10,0.05
7843,723,409.99,6,0.2
7843,267,174.18,2,0.0
7844,170,330.8,6,0.15
7844,337,424.88,3,0.15
7844,728,342.35,10,0.05
7844,261,346.92,10,0.05
7845,316,233.3,3,0.05
7846,637,101.82,5,0.05
7846,678,283.06,4,0.0
7846,534,326.37,1,0.2
7846,584,151.21,7,0.0
7846,602,227.37,10,0.05
7847,992,297.91,9,0.15
7847,924,323.8,9,0.2
7847,322,402.81,9,0.1
7847,583,284.48,3,0.2
7848,531,282.67,7,0.15
7849,917,225.11,9,0.1
7849,810,407.17,9,0.0
7849,154,162.38,4,0.1
7849,908,379.46,9,0.0
7850,866,299.75,7,0.05
7850,16,126.76,10,0.05
7850,373,324.38,9,0.05
7850,653,310.02,2,0.0
7850,490,268.4,3,0.1
7851,545,351.93,2,0.0
7851,23,359.93,1,0.05
7852,679,433.19,7,0.15
7852,403,208.2,6,0.1
7852,344,401.8,6,0.0
7852,47,281.57,5,0.05
7852,209,108.56,2,0.1
7853,24,212.53,3,0.05
7853,15,189.84,2,0.15
7853,413,12.33,3,0.05
7853,415,111.53,8,0.15
7853,914,295.2,10,0.1
7854,992,187.86,5,0.2
7854,60,183.16,3,0.05
7854,969,134.01,10,0.2
7855,989,328.6,3,0.05
7855,474,15.6,9,0.1
7855,942,497.72,3,0.15
7855,633,240.15,6,0.0
7856,7,300.2,4,0.15
7856,659,478.75,3,0.2
7857,812,405.94,5,0.0
7857,969,390.99,3,0.15
7857,171,422.35,1,0.2
7857,580,69.27,7,0.05
7858,338,442.81,7,0.15
7858,794,490.17,6,0.1
7858,18,32.81,8,0.2
7859,248,387.19,8,0.0
7860,482,69.05,4,0.05
7860,643,432.82,3,0.05
7860,113,166.13,7,0.15
7861,647,235.79,4,0.05
7861,334,371.63,7,0.2
7862,289,487.81,6,0.1
7862,358,86.36,2,0.05
7862,821,107.48,1,0.1
7863,789,487.59,2,0.2
7863,822,416.04,1,0.05
7863,754,376.6,8,0.0
7863,209,97.45,8,0.15
7864,637,53.29,2,0.15
7865,667,269.1,9,0.05
7865,400,477.3,2,0.2
7865,44,92.43,3,0.15
7866,677,174.6,6,0.05
7866,841,308.85,3,0.15
7866,472,221.19,4,0.05
7867,168,480.55,10,0.05
7868,565,151.88,9,0.1
7869,700,487.51,2,0.15
7870,993,262.81,9,0.15
7871,790,66.6,5,0.2
7871,883,145.47,3,0.0
7872,456,266.17,9,0.05
7872,861,101.81,3,0.1
7873,550,394.74,4,0.0
7873,910,254.76,3,0.15
7873,902,280.95,2,0.1
7874,419,53.04,3,0.0
7874,500,47.14,5,0.2
7874,671,424.16,5,0.0
7875,66,150.55,4,0.2
7875,948,194.88,9,0.2
7875,668,23.3,9,0.05
7875,361,42.92,3,0.05
7876,578,478.1,4,0.15
7876,610,362.42,7,0.2
7876,851,304.26,2,0.2
7877,910,104.77,1,0.1
7878,332,138.41,9,0.1
7878,219,262.49,5,0.2
7878,782,97.7,8,0.15
7878,872,323.32,3,0.05
7878,504,331.63,7,0.2
7879,577,419.21,2,0.1
7879,5,364.55,3,0.0
7880,574,423.73,10,0.0
7881,374,121.66,9,0.05
7881,467,68.38,6,0.15
7882,742,123.81,9,0.0
7882,988,215.7,6,0.05
7882,807,185.33,8,0.0
7882,711,178.0,6,0.05
7883,199,187.64,6,0.0
7883,322,78.26,7,0.15
7883,250,50.0,4,0.1
7884,344,449.7,5,0.0
7884,493,154.46,5,0.2
7884,805,312.93,8,0.0
7885,46,333.38,4,0.15
7886,64,452.26,9,0.0
7886,543,138.81,2,0.2
7886,464,210.97,7,0.15
7886,589,108.51,6,0.15
7886,700,422.96,5,0.2
7887,58,78.62,4,0.2
7887,746,456.3,1,0.1
7887,25,439.98,4,0.05
7887,121,441.99,2,0.1
7887,684,359.11,10,0.15
7888,846,24.09,5,0.0
7888,426,349.51,3,0.1
7889,728,498.5,8,0.0
7889,843,300.3,5,0.2
7889,88,144.69,6,0.05
7890,902,171.31,4,0.2
7890,242,301.31,1,0.0
7890,767,489.43,1,0.1
7890,933,95.13,3,0.05
7890,80,225.4,6,0.05
7891,822,384.2,9,0.15
7891,580,184.39,8,0.1
7891,708,360.33,5,0.05
7892,987,479.84,6,0.0
7892,214,120.0,5,0.15
7892,161,231.73,9,0.0
7892,930,254.95,4,0.05
7893,833,190.38,2,0.0
7893,408,154.91,9,0.15
7894,843,376.85,8,0.15
7894,303,238.29,5,0.05
7895,323,264.53,5,0.05
7895,595,195.7,3,0.0
7895,473,43.8,2,0.0
7895,617,46.56,5,0.05
7896,59,378.41,2,0.2
7896,762,122.21,8,0.05
7897,62,124.56,5,0.15
7897,764,398.8,2,0.15
7897,672,262.32,1,0.05
7897,881,131.42,8,0.05
7898,849,223.41,10,0.15
7898,939,307.95,8,0.2
7898,435,230.36,1,0.0
7898,822,59.87,8,0.1
7898,228,173.09,9,0.2
7899,136,459.27,10,0.15
7899,156,430.4,1,0.05
7900,150,141.3,1,0.05
7900,250,182.27,10,0.0
7900,79,48.2,2,0.2
7900,413,45.99,1,0.05
7900,965,473.2,1,0.1
7901,187,167.0,4,0.2
7902,170,344.96,1,0.1
7903,427,224.4,10,0.1
7903,641,419.57,6,0.2
7903,584,130.63,7,0.15
7904,267,168.18,3,0.0
7904,907,420.33,1,0.2
7904,362,359.71,6,0.2
7905,303,265.74,4,0.1
7905,841,275.67,2,0.2
7905,272,118.89,10,0.1
7906,403,333.33,9,0.0
7907,998,311.27,9,0.1
7908,181,350.95,7,0.0
7908,916,306.09,9,0.2
7908,879,14.78,5,0.05
7909,274,373.15,5,0.05
7909,219,446.48,4,0.1
7909,281,363.53,5,0.2
7909,81,64.37,5,0.2
7910,238,204.49,9,0.05
7910,614,50.21,6,0.2
7910,701,92.99,5,0.2
7911,286,119.12,8,0.05
7911,477,166.53,8,0.15
7912,19,123.99,6,0.1
7912,448,321.96,7,0.0
7913,883,124.89,5,0.05
7913,42,358.52,9,0.15
7913,553,426.32,8,0.15
7913,59,89.56,3,0.1
7913,397,324.71,8,0.15
7914,136,459.48,8,0.2
7914,582,89.62,5,0.2
7915,834,157.12,6,0.05
7915,94,360.3,8,0.05
7915,564,147.71,3,0.0
7915,141,472.99,10,0.05
7915,917,479.5,10,0.2
7916,648,178.98,9,0.0
7916,660,254.84,1,0.15
7916,675,366.23,8,0.0
7916,622,265.13,2,0.1
7917,323,90.61,8,0.2
7917,557,352.57,6,0.15
7917,726,80.14,6,0.1
7917,706,299.3,7,0.1
7917,728,491.15,4,0.1
7918,749,38.24,8,0.05
7918,914,258.3,4,0.2
7918,417,56.66,2,0.05
7918,474,404.64,2,0.0
7918,958,19.51,9,0.0
7919,240,425.46,9,0.0
7920,658,213.66,6,0.15
7920,146,77.61,5,0.05
7920,16,153.88,1,0.1
7921,577,230.58,8,0.05
7921,31,39.25,5,0.1
7921,183,246.42,3,0.15
7921,915,223.17,5,0.05
7921,92,290.61,2,0.15
7922,171,123.53,8,0.1
7922,575,68.63,9,0.05
7923,781,134.85,6,0.2
7923,462,180.1,4,0.2
7923,9,286.41,9,0.15
7923,791,84.07,7,0.0
7923,911,308.11,7,0.2
7924,760,269.0,8,0.15
7924,76,439.69,5,0.0
7924,738,52.02,5,0.15
7924,410,204.21,10,0.15
7925,587,316.18,10,0.0
7925,858,209.06,2,0.15
7925,258,401.68,1,0.05
7926,441,326.45,1,0.2
7926,992,405.85,2,0.1
7926,831,248.93,1,0.1
7926,964,185.71,4,0.0
7927,103,366.74,6,0.15
7927,206,152.08,8,0.15
7927,263,196.02,5,0.05
7927,679,40.01,10,0.2
7927,216,205.68,7,0.1
7928,983,225.33,8,0.05
7928,842,65.53,9,0.0
7928,62,160.24,3,0.0
7929,163,339.45,10,0.0
7930,406,241.9,5,0.05
7931,716,169.3,9,0.1
7931,92,261.18,3,0.1
7931,634,16.32,9,0.1
7931,231,281.94,9,0.2
7932,709,484.55,2,0.05
7932,861,173.74,3,0.1
7933,189,499.9,1,0.05
7933,707,42.84,8,0.15
7933,279,38.38,6,0.05
7933,451,277.1,4,0.15
7934,510,425.43,1,0.2
7934,793,305.53,3,0.05
7934,463,426.96,1,0.2
7934,607,304.98,10,0.1
7934,103,258.79,3,0.1
7935,484,354.93,10,0.0
7936,379,396.35,3,0.1
7936,375,103.71,5,0.15
7936,585,14.64,9,0.0
7937,902,299.57,3,0.05
7938,111,225.1,4,0.1
7938,244,99.68,6,0.2
7938,503,386.17,3,0.1
7938,774,398.73,4,0.15
7939,353,141.2,4,0.05
7939,561,66.06,5,0.1
7939,935,397.86,10,0.05
7939,434,292.65,3,0.0
7939,702,385.84,8,0.15
7940,541,400.35,10,0.1
7941,7,168.1,7,0.0
7941,443,315.05,5,0.0
7941,253,321.94,5,0.1
7942,968,35.65,4,0.2
7942,572,223.63,7,0.1
7942,194,354.1,2,0.05
7943,121,143.24,8,0.15
7943,135,208.65,4,0.2
7943,71,25.48,10,0.0
7943,978,229.37,3,0.1
7943,541,117.51,7,0.0
7944,2,374.21,4,0.0
7944,754,494.0,3,0.1
7944,436,280.55,4,0.15
7944,873,433.65,7,0.2
7945,689,37.66,4,0.2
7945,292,318.93,5,0.15
7946,68,462.4,6,0.05
7946,111,267.4,8,0.15
7946,502,235.88,9,0.2
7946,294,230.97,7,0.1
7947,213,354.48,6,0.1
7947,237,249.52,6,0.15
7947,91,18.73,1,0.0
7948,633,204.0,3,0.1
7948,230,70.2,2,0.2
7948,697,274.11,2,0.0
7948,482,389.96,3,0.1
7949,506,393.34,6,0.05
7950,220,126.76,1,0.05
7950,730,386.34,7,0.15
7950,796,364.21,3,0.05
7950,649,338.36,3,0.15
7951,108,389.21,7,0.15
7951,261,49.16,10,0.2
7951,426,130.08,7,0.1
7951,612,488.72,9,0.15
7951,398,265.16,9,0.15
7952,519,423.66,10,0.1
7952,67,194.04,8,0.15
7953,661,409.12,5,0.2
7954,981,72.35,5,0.15
7955,988,334.13,9,0.0
7955,23,222.72,5,0.0
7955,168,49.56,5,0.2
7955,376,297.45,10,0.0
7955,616,66.49,4,0.0
7956,959,247.24,9,0.05
7956,573,461.37,3,0.0
7957,843,332.55,2,0.1
7957,857,219.11,8,0.0
7957,665,480.98,2,0.05
7957,988,260.41,10,0.0
7958,765,69.86,8,0.1
7958,146,427.81,6,0.05
7959,310,219.22,3,0.05
7959,890,454.99,2,0.15
7959,232,489.22,6,0.0
7959,734,226.64,6,0.15
7959,551,368.02,1,0.1
7960,843,299.89,2,0.05
7960,578,390.37,5,0.05
7960,659,282.87,9,0.15
7960,901,287.87,1,0.1
7961,147,389.85,7,0.15
7961,431,237.65,1,0.0
7962,529,348.54,9,0.0
7962,950,355.93,8,0.15
7962,714,422.85,3,0.05
7962,396,52.43,8,0.0
7963,755,448.36,6,0.05
7964,808,108.48,7,0.15
7964,407,433.51,4,0.2
7964,357,438.58,6,0.1
7964,193,135.84,6,0.1
7965,529,170.7,5,0.05
7965,688,239.53,8,0.0
7965,141,441.38,9,0.1
7965,904,328.98,2,0.15
7966,688,41.18,9,0.1
7966,479,277.28,6,0.15
7966,499,153.81,9,0.0
7966,42,119.63,7,0.15
7966,17,371.67,2,0.0
7967,427,37.27,9,0.15
7967,292,113.75,3,0.05
7967,900,350.17,6,0.05
7968,401,269.73,8,0.05
7968,947,69.63,4,0.0
7968,929,313.78,1,0.05
7968,118,34.59,7,0.2
7968,686,47.37,4,0.15
7969,123,340.68,2,0.05
7969,133,383.98,4,0.2
7969,257,276.27,8,0.05
7969,532,132.64,1,0.0
7969,639,396.47,5,0.05
7970,264,439.02,1,0.1
7970,7,291.99,2,0.05
7971,49,45.16,9,0.0
7971,768,123.76,8,0.2
7971,911,488.4,3,0.1
7971,556,481.74,2,0.15
7971,976,134.76,3,0.15
7972,259,178.31,1,0.0
7972,574,10.52,3,0.0
7972,548,378.43,2,0.05
7973,276,29.92,9,0.0
7973,979,139.55,3,0.15
7974,254,163.86,4,0.1
7974,177,261.37,6,0.1
7974,946,343.77,6,0.1
7974,504,446.28,8,0.2
7975,647,296.54,4,0.05
7975,710,448.77,9,0.15
7975,748,219.04,5,0.05
7975,596,289.85,8,0.1
7976,968,147.52,2,0.15
7976,159,486.86,4,0.2
7977,874,117.58,3,0.0
7977,495,378.3,3,0.15
7977,478,121.68,6,0.2
7977,371,370.58,1,0.15
7978,62,190.88,8,0.0
7978,154,460.71,8,0.15
7978,301,27.8,2,0.1
7978,497,246.11,5,0.1
7978,882,426.65,1,0.0
7979,760,392.48,4,0.1
7979,567,331.88,10,0.2
7979,650,119.9,9,0.1
7980,682,168.88,4,0.0
7980,712,229.62,7,0.15
7980,452,397.7,4,0.15
7981,871,18.28,7,0.2
7981,955,220.17,8,0.2
7981,436,312.08,3,0.2
7981,903,197.15,1,0.2
7982,330,416.29,4,0.2
7982,799,398.48,1,0.0
7983,273,195.16,8,0.0
7983,227,142.02,5,0.2
7983,65,80.05,3,0.1
7984,881,458.28,7,0.15
7985,21,499.48,7,0.1
7985,798,32.01,7,0.1
7985,897,197.72,8,0.2
7985,841,281.73,7,0.15
7986,529,12.18,4,0.0
7986,12,104.56,8,0.1
7987,706,231.75,8,0.15
7987,469,335.73,9,0.05
7987,517,488.67,4,0.0
7987,49,80.76,8,0.2
7987,473,187.19,6,0.05
7988,438,328.08,10,0.2
7988,271,257.47,7,0.0
7988,538,438.68,2,0.05
7988,684,298.62,6,0.1
7988,632,122.74,1,0.1
7989,904,48.54,3,0.1
7989,675,472.86,6,0.2
7989,690,37.49,9,0.0
7990,864,302.64,8,0.05
7990,717,380.15,9,0.15
7990,518,385.69,7,0.0
7990,411,188.34,2,0.0
7991,363,184.76,4,0.2
7991,217,498.03,6,0.05
7992,514,22.82,10,0.15
7992,63,104.8,9,0.0
7992,54,392.78,1,0.2
7993,741,367.26,7,0.15
7993,651,400.84,6,0.2
7993,414,120.24,8,0.05
7993,249,401.6,6,0.0
7993,203,54.75,4,0.2
7994,12,205.69,10,0.1
7995,780,71.12,3,0.1
7995,698,333.13,2,0.2
7995,486,312.69,4,0.1
7995,205,271.07,3,0.05
7995,8,499.71,8,0.0
7996,671,68.55,2,0.1
7996,334,444.16,3,0.2
7996,718,435.74,5,0.2
7997,364,55.78,10,0.15
7997,632,320.42,10,0.0
7997,536,71.8,4,0.2
7997,451,217.32,7,0.0
7997,745,320.78,2,0.2
7998,579,364.12,8,0.1
7998,314,81.26,8,0.0
7999,595,480.91,1,0.1
7999,692,87.43,1,0.2
8000,510,197.27,10,0.2
8000,292,69.83,5,0.1
8001,212,242.14,1,0.2
8001,655,34.55,10,0.0
8002,179,365.34,2,0.05
8002,634,308.28,5,0.0
8002,614,16.47,5,0.0
8002,976,201.36,4,0.0
8003,478,253.5,1,0.0
8003,833,363.21,2,0.15
8003,404,152.49,7,0.0
8004,737,349.99,4,0.0
8004,782,264.43,7,0.15
8004,77,132.98,4,0.0
8004,321,403.85,10,0.1
8004,576,178.26,3,0.05
8005,132,103.33,7,0.0
8005,108,361.12,6,0.1
8005,623,119.95,5,0.1
8005,10,68.94,3,0.15
8006,167,390.18,7,0.05
8006,661,123.04,7,0.05
8007,335,200.91,3,0.15
8007,996,110.22,6,0.05
8007,577,173.01,3,0.05
8008,720,268.02,1,0.15
8008,470,218.58,7,0.0
8008,269,464.32,10,0.15
8008,894,496.37,5,0.1
8009,170,140.64,10,0.1
8009,653,371.69,2,0.15
8009,899,499.6,5,0.05
8009,641,470.53,10,0.05
8009,326,99.53,4,0.2
8010,545,277.06,8,0.15
8010,915,46.37,1,0.1
8010,957,315.25,9,0.05
8011,953,302.54,1,0.2
8011,43,234.87,2,0.05
8011,783,53.96,10,0.15
8011,429,86.46,9,0.1
8012,949,10.43,3,0.0
8012,56,459.33,7,0.1
8012,156,199.65,1,0.05
8012,842,268.34,9,0.05
8012,822,210.43,6,0.15
8013,421,411.15,9,0.0
8013,39,135.44,10,0.05
8013,743,377.98,9,0.2
8013,92,343.24,2,0.2
8013,355,220.78,10,0.15
8014,342,156.87,5,0.05
8014,840,357.58,8,0.15
8014,6,99.2,1,0.15
8014,306,334.54,1,0.05
8015,975,120.09,9,0.0
8015,161,293.47,10,0.2
8015,714,499.94,9,0.2
8015,471,172.93,8,0.15
8015,756,161.56,7,0.2
8016,27,446.21,6,0.0
8016,296,28.04,6,0.2
8017,499,429.18,10,0.2
8017,564,220.29,1,0.1
8018,143,269.95,7,0.2
8018,369,309.7,6,0.1
8018,73,18.61,8,0.2
8019,269,191.15,1,0.2
8019,233,442.21,2,0.2
8019,595,49.06,10,0.2
8019,586,447.54,4,0.1
8019,844,485.32,3,0.15
8020,159,436.86,10,0.0
8020,904,439.5,10,0.15
8020,543,118.82,8,0.15
8021,989,270.73,9,0.0
8021,573,129.97,6,0.15
8021,113,176.85,5,0.0
8021,50,19.74,4,0.0
8022,962,497.88,2,0.05
8022,600,290.98,4,0.2
8022,621,450.44,7,0.1
8022,400,51.44,3,0.1
8023,151,144.78,3,0.2
8023,620,84.84,5,0.0
8024,301,277.44,6,0.05
8024,339,481.71,8,0.2
8024,211,383.07,5,0.0
8024,240,305.52,4,0.1
8025,111,456.31,3,0.2
8025,550,191.75,4,0.05
8025,557,109.03,2,0.2
8025,866,180.41,3,0.0
8026,276,457.82,9,0.15
8026,828,275.3,10,0.15
8026,825,30.66,8,0.1
8027,500,313.75,7,0.0
8027,270,496.34,4,0.1
8027,61,423.02,7,0.05
8027,865,421.68,1,0.2
8028,242,323.32,2,0.0
8028,187,69.63,6,0.0
8029,192,154.63,9,0.15
8029,788,326.57,2,0.1
8029,925,48.44,4,0.1
8029,908,174.17,6,0.15
8029,984,256.85,5,0.0
8030,356,386.39,8,0.1
8030,834,244.76,6,0.1
8030,815,284.71,8,0.2
8031,511,386.51,7,0.05
8031,396,158.64,5,0.15
8031,491,235.05,9,0.15
8032,205,386.88,2,0.2
8032,85,225.65,6,0.15
8033,256,328.33,5,0.1
8033,64,108.06,1,0.15
8033,970,142.62,8,0.0
8034,78,491.65,4,0.2
8034,260,211.72,3,0.15
8035,582,333.85,9,0.05
8036,650,495.78,1,0.15
8036,618,336.92,1,0.1
8036,904,226.24,8,0.0
8036,759,392.57,8,0.1
8037,269,427.43,8,0.1
8038,32,414.57,2,0.1
8038,100,304.01,10,0.05
8038,690,45.22,9,0.1
8039,925,301.9,8,0.1
8039,782,409.8,7,0.1
8039,711,133.63,8,0.2
8039,75,169.89,9,0.2
8040,745,106.23,8,0.15
8040,261,86.65,2,0.0
8040,955,262.02,8,0.1
8041,980,358.07,3,0.0
8041,787,255.13,5,0.2
8041,364,344.9,4,0.2
8041,755,353.31,6,0.0
8041,987,452.08,1,0.1
8042,456,352.41,4,0.0
8042,126,265.64,7,0.05
8042,524,195.47,4,0.2
8042,444,322.99,5,0.0
8043,91,148.83,1,0.0
8043,248,236.78,10,0.15
8043,829,60.01,7,0.1
8044,132,167.26,5,0.0
8045,604,439.28,7,0.1
8045,960,280.74,8,0.05
8045,350,442.16,8,0.2
8045,19,393.87,6,0.0
8045,536,230.75,4,0.2
8046,951,351.6,3,0.1
8046,895,80.56,8,0.1
8046,795,346.07,1,0.1
8047,337,234.06,8,0.15
8047,463,320.93,2,0.1
8047,93,403.08,9,0.15
8047,652,97.33,4,0.0
8048,5,400.1,10,0.2
8048,838,392.35,10,0.05
8048,830,18.56,4,0.2
8048,552,92.79,7,0.05
8049,321,441.86,3,0.1
8049,775,256.37,9,0.2
8049,720,463.05,1,0.05
8050,69,445.77,5,0.1
8050,145,403.12,5,0.0
8051,792,196.97,5,0.1
8051,114,288.55,9,0.05
8051,674,381.28,1,0.15
8051,390,144.56,4,0.2
8052,856,183.35,3,0.05
8052,121,488.43,10,0.15
8052,707,140.09,5,0.15
8052,303,206.33,3,0.2
8052,704,218.19,2,0.15
8053,833,368.37,10,0.15
8054,935,281.34,9,0.2
8055,71,219.74,3,0.05
8055,446,360.71,5,0.0
8056,381,107.03,9,0.15
8056,416,280.99,1,0.1
8056,929,223.68,1,0.15
8056,487,90.81,8,0.1
8057,191,111.18,9,0.05
8057,438,368.4,4,0.0
8057,615,82.54,7,0.15
8057,151,490.07,8,0.15
8058,834,292.06,9,0.2
8058,449,494.76,1,0.0
8059,312,455.83,9,0.1
8059,727,67.64,10,0.15
8059,662,301.2,9,0.0
8059,215,112.98,3,0.05
8059,526,337.34,3,0.1
8060,370,91.2,10,0.0
8060,281,101.9,6,0.05
8060,200,216.21,5,0.1
8060,951,119.0,9,0.0
8060,689,178.7,6,0.2
8061,339,229.7,9,0.05
8061,789,382.58,1,0.1
8061,685,428.34,7,0.15
8061,754,182.33,5,0.15
8061,187,414.02,4,0.2
8062,720,97.11,3,0.15
8062,543,213.73,1,0.2
8063,401,185.12,8,0.0
8063,207,413.12,8,0.15
8063,709,232.51,7,0.15
8063,85,92.74,1,0.05
8064,421,40.22,5,0.1
8064,707,440.57,10,0.15
8064,389,276.44,6,0.1
8065,52,135.18,8,0.2
8066,888,188.93,9,0.2
8066,156,248.4,2,0.15
8066,419,326.26,3,0.2
8066,137,208.82,10,0.2
8067,979,286.54,3,0.2
8068,4,258.02,2,0.15
8069,674,66.67,6,0.15
8069,557,413.31,6,0.2
8069,158,278.31,9,0.0
8069,908,86.84,7,0.05
8070,485,461.94,5,0.0
8070,894,363.65,4,0.15
8070,109,128.74,8,0.15
8071,185,12.41,9,0.05
8071,931,186.18,8,0.2
8071,843,145.18,2,0.15
8071,397,17.88,9,0.15
8072,71,137.25,1,0.15
8073,572,149.2,10,0.1
8073,937,416.65,8,0.1
8073,6,494.46,6,0.05
8074,713,134.74,2,0.1
8074,448,437.53,6,0.15
8074,447,17.29,10,0.2
8074,406,44.16,1,0.15
8075,575,47.92,5,0.05
8075,772,462.22,9,0.0
8075,287,381.22,1,0.1
8075,356,356.58,1,0.2
8075,652,171.8,4,0.2
8076,826,172.5,3,0.05
8076,269,407.54,8,0.2
8076,729,136.75,2,0.1
8077,667,470.74,7,0.0
8078,857,453.51,2,0.05
8078,372,210.5,5,0.05
8078,584,350.57,10,0.15
8078,441,362.75,2,0.2
8079,389,306.38,4,0.05
8079,270,239.09,3,0.15
8079,54,351.24,6,0.0
8079,200,149.12,3,0.0
8080,337,265.45,7,0.2
8080,294,300.24,7,0.1
8080,451,181.36,1,0.2
8081,183,222.43,5,0.05
8081,38,467.74,8,0.0
8081,460,15.61,1,0.0
8081,390,397.41,9,0.2
8082,473,407.41,8,0.2
8082,721,204.35,2,0.2
8082,788,433.38,1,0.2
8083,846,323.8,4,0.15
8084,176,13.28,7,0.05
8085,433,34.52,5,0.1
8085,568,11.83,10,0.2
8085,687,471.75,8,0.1
8085,725,420.25,8,0.0
8085,439,222.41,9,0.1
8086,388,260.09,7,0.05
8087,316,114.12,8,0.2
8088,810,165.13,2,0.1
8088,93,41.78,1,0.2
8088,819,350.6,3,0.15
8088,676,378.76,3,0.1
8088,821,228.42,7,0.2
8089,455,279.53,3,0.05
8090,765,414.76,1,0.1
8090,272,270.02,4,0.1
8090,308,15.72,8,0.0
8090,736,237.97,9,0.1
8090,871,232.92,4,0.2
8091,413,105.9,6,0.05
8091,205,15.06,9,0.05
8091,294,188.41,9,0.0
8092,995,299.2,3,0.1
8092,897,52.95,7,0.05
8093,85,329.02,3,0.15
8093,884,313.6,7,0.15
8093,404,391.7,5,0.0
8093,467,411.86,1,0.0
8093,749,75.67,4,0.1
8094,956,91.0,8,0.05
8094,634,427.02,1,0.2
8094,963,116.5,8,0.0
8095,628,111.71,8,0.2
8095,884,478.74,9,0.1
8095,7,482.01,10,0.15
8095,347,494.73,3,0.2
8095,924,154.28,6,0.1
8096,392,144.29,10,0.15
8097,447,490.15,10,0.0
8097,555,114.11,4,0.2
8097,624,156.38,2,0.2
8097,482,169.26,1,0.0
8098,102,387.56,10,0.15
8099,827,50.68,9,0.2
8099,213,112.87,1,0.2
8099,694,283.23,10,0.2
8099,362,131.08,6,0.2
8099,275,170.47,3,0.05
8100,432,137.11,4,0.15
8100,177,431.24,8,0.0
8100,417,497.61,8,0.2
8100,730,298.47,4,0.15
8101,200,424.76,8,0.05
8102,138,257.08,3,0.2
8102,763,470.56,2,0.1
8102,127,161.19,8,0.2
8102,478,162.74,7,0.2
8103,865,171.71,8,0.05
8103,145,195.52,5,0.1
8104,850,340.28,3,0.2
8104,32,29.95,10,0.0
8104,640,288.14,9,0.0
8104,139,86.15,4,0.1
8104,361,80.5,5,0.2
8105,454,338.37,3,0.1
8105,955,157.88,8,0.15
8105,770,274.33,3,0.15
8106,367,188.83,1,0.1
8106,421,347.36,9,0.1
8106,324,126.15,1,0.1
8106,992,448.27,4,0.1
8106,878,83.54,7,0.1
8107,163,121.62,5,0.2
8107,162,30.56,6,0.05
8107,41,393.89,4,0.0
8108,384,272.6,3,0.15
8108,302,323.38,6,0.2
8108,249,157.18,6,0.2
8108,809,447.99,4,0.2
8108,503,390.89,6,0.05
8109,303,305.87,8,0.2
8110,489,251.75,1,0.05
8110,876,387.18,5,0.1
8110,403,34.7,2,0.0
8111,199,33.64,5,0.2
8111,184,261.75,4,0.15
8111,778,90.43,2,0.15
8112,534,155.6,6,0.0
8112,866,189.38,9,0.05
8112,449,282.81,7,0.0
8112,573,495.81,8,0.1
8112,319,271.66,3,0.2
8113,385,149.85,3,0.2
8113,472,127.89,10,0.05
8113,788,161.6,3,0.0
8113,376,347.82,2,0.15
8113,342,87.63,6,0.1
8114,384,285.89,10,0.1
8114,519,94.54,10,0.15
8115,788,474.36,5,0.0
8115,235,450.64,2,0.0
8116,974,131.19,6,0.0
8116,112,63.37,8,0.05
8117,268,306.03,7,0.05
8117,933,426.08,3,0.0
8117,683,95.81,6,0.1
8117,841,391.41,5,0.05
8118,545,307.76,5,0.15
8118,627,172.51,5,0.05
8119,287,248.99,9,0.0
8119,4,196.05,3,0.0
8119,129,304.27,3,0.05
8119,657,225.9,2,0.1
8120,639,442.86,3,0.05
8120,346,36.32,6,0.0
8120,747,350.77,3,0.1
8120,966,208.45,7,0.05
8120,664,245.02,1,0.2
8121,926,54.03,5,0.2
8121,625,471.59,7,0.2
8121,411,272.96,2,0.2
8121,279,446.39,2,0.0
8121,819,391.94,10,0.0
8122,461,81.14,10,0.1
8122,843,66.44,2,0.0
8122,830,231.51,3,0.05
8122,273,407.83,7,0.15
8122,894,17.94,9,0.0
8123,30,252.44,9,0.15
8123,126,54.05,1,0.05
8123,241,213.83,4,0.0
8123,869,120.11,5,0.15
8123,103,307.25,2,0.2
8124,227,355.64,9,0.15
8125,493,425.84,2,0.2
8126,399,468.88,8,0.0
8126,35,144.5,10,0.2
8126,390,42.73,4,0.05
8127,718,59.96,8,0.05
8128,897,105.71,2,0.0
8128,366,223.85,2,0.05
8128,527,261.33,9,0.2
8129,423,380.2,5,0.0
8130,585,127.74,7,0.1
8130,997,398.54,1,0.2
8130,385,354.42,9,0.05
8131,7,279.98,1,0.2
8131,212,40.34,2,0.15
8131,101,201.09,7,0.15
8131,999,177.42,1,0.2
8131,119,189.43,3,0.1
8132,981,263.61,2,0.0
8132,345,311.84,5,0.05
8132,202,288.57,9,0.1
8133,324,447.64,8,0.2
8133,563,247.45,3,0.15
8133,369,168.81,5,0.1
8133,97,267.01,2,0.1
8134,7,492.02,4,0.1
8134,944,181.03,10,0.2
8135,497,387.18,7,0.15
8135,280,94.07,2,0.15
8136,547,381.57,7,0.0
8136,325,171.7,8,0.2
8136,363,449.42,2,0.15
8136,338,200.13,10,0.0
8137,619,144.84,9,0.05
8137,400,56.38,5,0.2
8138,669,385.7,1,0.15
8138,811,142.23,6,0.2
8138,548,413.47,10,0.15
8139,96,271.53,9,0.15
8139,977,323.01,9,0.15
8140,985,97.29,6,0.0
8140,542,298.38,1,0.2
8140,524,191.83,7,0.0
8140,963,173.11,1,0.1
8140,663,491.8,9,0.0
8141,679,327.51,2,0.05
8141,468,100.11,2,0.1
8141,593,243.79,4,0.2
8142,924,296.58,6,0.2
8143,277,268.47,2,0.0
8143,583,135.86,2,0.0
8143,64,303.54,10,0.05
8143,792,297.92,7,0.05
8143,136,166.66,5,0.0
8144,18,294.31,4,0.15
8144,768,110.56,3,0.15
8144,791,26.45,1,0.2
8145,549,467.61,4,0.2
8145,453,282.64,7,0.1
8146,430,269.9,3,0.0
8146,377,73.36,7,0.05
8146,304,446.24,7,0.2
8146,692,174.72,1,0.0
8147,658,434.94,9,0.2
8148,417,283.37,6,0.2
8149,65,180.08,2,0.0
8149,963,222.42,4,0.2
8149,426,376.91,4,0.0
8150,476,33.58,9,0.15
8150,252,259.62,4,0.2
8150,956,246.6,8,0.0
8150,763,156.96,3,0.1
8150,232,360.12,2,0.2
8151,351,23.3,10,0.1
8151,179,216.33,5,0.1
8151,599,304.02,5,0.0
8151,55,163.11,2,0.2
8151,244,250.81,7,0.1
8152,856,192.99,9,0.1
8153,932,174.97,3,0.0
8153,245,85.43,2,0.05
8153,299,153.58,9,0.05
8154,178,147.34,4,0.05
8155,906,99.86,8,0.05
8155,244,168.5,10,0.1
8155,186,70.25,8,0.05
8155,526,383.55,2,0.15
8155,60,276.64,6,0.2
8156,877,328.43,9,0.1
8156,352,242.48,5,0.05
8156,564,113.33,2,0.15
8156,393,147.06,9,0.2
8157,974,102.04,7,0.0
8157,70,417.12,8,0.1
8157,59,356.55,4,0.2
8157,343,275.7,10,0.2
8158,633,12.65,6,0.0
8159,794,119.2,6,0.2
8159,244,475.29,10,0.2
8159,746,279.85,9,0.15
8160,273,209.01,9,0.0
8161,618,114.38,7,0.2
8161,256,256.76,4,0.0
8161,981,66.13,2,0.15
8162,964,212.42,2,0.15
8163,523,363.07,6,0.15
8163,812,340.29,4,0.0
8163,84,480.03,10,0.15
8163,680,395.36,3,0.0
8164,254,209.5,9,0.2
8164,995,238.37,6,0.05
8164,857,179.37,9,0.15
8164,89,280.94,7,0.05
8164,714,264.35,9,0.1
8165,473,444.04,7,0.15
8165,727,294.58,1,0.05
8165,143,167.09,6,0.2
8165,784,284.65,1,0.1
8166,200,166.2,8,0.1
8166,167,308.5,8,0.1
8167,877,409.82,10,0.15
8167,684,446.6,5,0.05
8167,846,97.64,1,0.05
8167,558,158.63,6,0.2
8167,498,310.04,3,0.05
8168,793,73.78,5,0.0
8168,35,81.06,5,0.0
8168,725,430.51,8,0.2
8168,923,273.87,9,0.1
8169,952,266.9,7,0.2
8169,857,445.15,8,0.0
8169,156,134.62,10,0.0
8169,926,443.24,10,0.15
8169,900,282.89,1,0.0
8170,671,282.68,6,0.0
8170,664,11.52,2,0.0
8170,589,271.73,5,0.05
8171,645,146.32,6,0.0
8171,190,247.82,6,0.2
8171,435,286.06,2,0.2
8172,647,242.54,10,0.1
8173,941,147.97,7,0.05
8173,111,409.59,10,0.15
8174,990,306.07,8,0.15
8174,647,210.15,7,0.1
8174,780,457.05,1,0.0
8175,134,91.92,3,0.1
8175,32,394.51,9,0.1
8175,215,403.01,8,0.05
8175,983,359.5,3,0.2
8176,670,60.37,2,0.1
8176,631,239.92,6,0.1
8176,498,34.91,5,0.2
8177,563,312.0,8,0.1
8177,54,21.79,5,0.05
8177,298,351.24,7,0.2
8177,780,454.32,2,0.15
8178,955,305.3,8,0.0
8178,395,460.44,6,0.2
8178,464,469.72,4,0.0
8178,842,422.86,1,0.15
8179,652,233.34,9,0.2
8180,314,439.33,2,0.15
8180,262,389.02,1,0.05
8180,378,39.97,7,0.2
8181,229,47.24,6,0.2
8181,834,392.43,4,0.0
8181,251,65.92,2,0.05
8181,611,147.06,9,0.15
8182,185,251.6,10,0.2
8182,134,414.03,6,0.05
8182,992,157.4,2,0.1
8183,604,436.72,1,0.0
8183,537,22.02,9,0.2
8184,464,159.63,9,0.2
8185,115,309.62,8,0.15
8186,461,356.59,9,0.15
8186,994,94.69,9,0.05
8187,30,317.48,5,0.05
8187,651,142.92,2,0.1
8187,626,184.11,10,0.2
8188,697,50.95,4,0.0
8188,846,391.75,5,0.0
8188,643,209.74,9,0.2
8188,978,214.06,10,0.2
8188,598,487.23,8,0.1
8189,351,402.68,7,0.0
8189,90,133.68,4,0.1
8189,525,143.38,5,0.0
8189,404,407.21,7,0.0
8189,348,20.09,4,0.05
8190,571,449.86,10,0.15
8190,782,420.55,9,0.15
8190,953,486.94,8,0.0
8191,75,214.73,9,0.05
8191,8,190.69,8,0.05
8192,891,486.22,5,0.0
8192,449,100.93,8,0.0
8192,919,264.9,4,0.1
8192,569,183.35,4,0.0
8192,982,229.4,2,0.0
8193,336,352.98,3,0.2
8193,752,201.29,8,0.05
8194,459,155.62,8,0.05
8194,239,373.77,1,0.1
8194,691,29.56,7,0.1
8194,201,226.93,5,0.15
8194,971,202.29,7,0.05
8195,106,353.71,1,0.0
8195,210,122.38,3,0.15
8195,66,178.71,8,0.05
8195,139,495.36,4,0.2
8196,548,472.58,6,0.05
8196,377,128.26,6,0.1
8196,53,403.4,5,0.2
8196,255,308.91,3,0.0
8197,390,67.49,4,0.05
8197,475,322.74,5,0.1
8197,726,115.54,7,0.1
8197,336,348.23,2,0.1
8197,36,118.0,8,0.15
8198,648,167.16,9,0.1
8198,631,460.7,5,0.05
8199,495,36.08,9,0.1
8199,799,191.31,4,0.0
8200,900,481.27,4,0.15
8200,542,196.5,2,0.05
8201,708,359.1,9,0.2
8201,522,143.98,8,0.15
8201,889,332.91,6,0.0
8202,645,232.3,6,0.2
8202,609,315.32,10,0.0
8203,79,65.71,9,0.0
8204,343,275.24,9,0.2
8204,866,122.14,1,0.2
8204,30,86.54,1,0.15
8204,371,292.23,1,0.2
8204,176,463.75,8,0.2
8205,951,174.9,4,0.1
8205,44,239.77,4,0.15
8205,574,91.99,9,0.05
8205,512,39.79,10,0.05
8205,305,379.54,7,0.05
8206,572,455.3,2,0.15
8206,385,35.17,3,0.05
8207,800,352.72,2,0.15
8207,279,281.23,3,0.15
8207,683,226.37,2,0.0
8207,158,382.48,1,0.0
8208,795,164.91,3,0.0
8208,237,110.29,9,0.05
8208,174,485.33,9,0.05
8208,363,120.2,4,0.05
8208,724,466.65,7,0.05
8209,419,133.15,5,0.0
8209,891,408.47,2,0.15
8210,830,312.38,5,0.1
8210,174,486.33,4,0.2
8210,371,108.26,4,0.05
8211,488,218.88,9,0.0
8211,914,344.21,10,0.2
8211,42,179.8,7,0.0
8211,457,177.36,5,0.1
8212,575,319.68,8,0.15
8213,19,28.12,8,0.1
8214,572,212.69,9,0.15
8214,620,341.11,9,0.0
8214,549,497.58,2,0.15
8214,947,147.74,1,0.05
8215,816,104.63,9,0.2
8215,870,223.62,7,0.1
8215,555,104.23,7,0.15
8216,221,359.82,8,0.05
8216,51,238.11,6,0.15
8216,458,321.09,2,0.2
8216,169,434.17,10,0.0
8217,77,119.7,9,0.15
8217,809,380.07,8,0.2
8218,836,249.09,7,0.05
8218,907,87.94,3,0.05
8219,277,452.07,4,0.2
8219,309,207.28,4,0.2
8219,385,350.96,7,0.15
8220,106,288.71,4,0.05
8220,616,11.64,5,0.0
8220,494,163.88,10,0.2
8220,397,136.74,5,0.2
8220,891,221.95,10,0.1
8221,678,62.18,7,0.15
8221,835,192.29,7,0.2
8221,808,335.59,9,0.1
8221,319,322.72,5,0.2
8221,464,132.48,1,0.2
8222,516,49.93,6,0.0
8222,615,335.61,5,0.0
8222,771,409.63,4,0.1
8222,56,328.75,3,0.15
8222,564,478.54,5,0.0
8223,362,477.03,6,0.0
8223,720,156.52,10,0.1
8223,922,232.94,3,0.2
8223,584,59.11,1,0.1
8223,349,314.18,7,0.0
8224,143,48.98,7,0.2
8224,394,235.75,9,0.0
8224,459,302.11,7,0.15
8225,125,278.88,3,0.1
8225,312,397.01,10,0.1
8226,42,18.77,3,0.0
8226,333,204.19,6,0.0
8226,687,164.45,3,0.0
8226,881,98.07,2,0.2
8227,360,115.19,3,0.15
8228,608,200.56,9,0.1
8228,807,368.34,10,0.0
8229,661,85.45,7,0.15
8229,217,191.21,9,0.0
8229,387,297.59,1,0.0
8230,491,34.1,8,0.2
8231,690,469.87,8,0.15
8231,108,143.95,10,0.2
8232,34,78.27,8,0.1
8232,406,20.11,2,0.05
8232,480,312.31,3,0.1
8232,366,276.48,9,0.15
8233,249,76.9,3,0.2
8234,363,262.93,10,0.0
8234,257,21.18,7,0.15
8234,155,158.41,9,0.05
8234,668,327.08,5,0.05
8235,336,28.27,5,0.2
8236,580,240.88,4,0.0
8236,67,20.74,7,0.1
8237,560,393.87,5,0.0
8237,476,381.47,8,0.1
8237,592,473.58,10,0.2
8237,504,139.76,4,0.05
8238,367,486.68,10,0.15
8239,926,287.88,8,0.05
8239,656,35.08,8,0.05
8239,550,370.62,10,0.05
8239,150,445.86,1,0.15
8240,289,168.51,7,0.15
8240,573,172.59,5,0.2
8241,4,299.78,5,0.2
8241,655,299.59,8,0.1
8241,58,229.17,10,0.05
8241,728,251.03,1,0.2
8241,687,193.21,4,0.0
8242,404,37.67,4,0.1
8242,812,422.46,9,0.1
8242,869,206.34,2,0.0
8242,357,490.07,8,0.0
8243,156,393.06,9,0.05
8243,243,453.37,10,0.2
8243,58,399.97,2,0.05
8243,188,347.6,3,0.0
8244,734,81.98,6,0.15
8244,506,174.81,3,0.15
8245,321,154.78,4,0.0
8245,325,165.12,3,0.05
8246,221,249.41,7,0.2
8246,39,387.3,2,0.1
8246,894,181.13,1,0.2
8246,113,185.12,10,0.0
8246,99,78.61,5,0.2
8247,444,347.06,2,0.1
8247,574,454.43,4,0.0
8247,917,141.01,8,0.15
8247,55,18.98,2,0.1
8248,526,87.53,1,0.1
8248,607,407.92,7,0.05
8249,549,54.5,2,0.0
8249,342,70.07,10,0.2
8249,131,430.44,1,0.15
8250,40,244.3,3,0.2
8250,360,239.93,4,0.05
8250,864,115.34,6,0.15
8250,501,188.79,4,0.05
8251,313,368.78,9,0.2
8251,400,346.95,5,0.1
8251,30,100.47,10,0.15
8251,125,353.49,4,0.05
8251,154,255.26,5,0.15
8252,981,297.16,8,0.0
8252,437,242.09,3,0.15
8253,11,331.32,4,0.2
8253,560,320.54,7,0.2
8253,497,243.69,6,0.0
8253,248,229.49,4,0.2
8253,211,268.04,6,0.1
8254,622,110.5,6,0.1
8254,637,205.09,7,0.1
8254,775,457.13,3,0.2
8254,118,288.08,6,0.05
8254,645,362.06,10,0.15
8255,570,486.1,6,0.15
8255,435,340.41,10,0.2
8255,64,91.74,10,0.15
8255,69,348.81,10,0.2
8255,49,425.51,2,0.1
8256,530,308.96,4,0.05
8256,911,491.78,8,0.1
8256,588,481.74,1,0.1
8256,548,190.66,1,0.2
8257,772,463.56,5,0.0
8257,269,111.87,3,0.2
8258,635,444.81,8,0.2
8258,333,417.33,9,0.2
8258,332,245.94,10,0.05
8258,290,493.79,7,0.2
8258,319,287.81,9,0.0
8259,678,59.14,9,0.1
8259,93,284.47,9,0.1
8260,838,304.98,3,0.2
8260,211,191.23,9,0.15
8261,847,420.41,6,0.05
8261,19,166.42,7,0.05
8261,841,39.47,9,0.0
8262,930,27.37,4,0.2
8263,26,387.57,8,0.1
8264,179,222.43,1,0.0
8265,92,267.94,8,0.05
8265,55,301.22,10,0.1
8265,229,405.78,5,0.15
8265,76,134.88,3,0.05
8265,143,208.77,10,0.15
8266,37,128.77,9,0.15
8266,511,119.26,2,0.2
8266,395,206.14,4,0.1
8267,736,386.85,8,0.0
8267,373,213.79,1,0.15
8267,322,255.1,6,0.1
8268,453,65.23,3,0.2
8269,634,287.62,2,0.0
8269,609,250.47,7,0.05
8269,787,49.97,6,0.2
8269,952,261.82,4,0.0
8269,499,145.28,1,0.05
8270,112,76.01,6,0.05
8270,380,343.43,6,0.05
8271,152,281.47,2,0.05
8271,36,344.61,5,0.2
8272,247,35.54,1,0.0
8272,609,472.93,3,0.2
8272,81,141.82,1,0.0
8272,813,408.75,8,0.05
8272,616,429.69,5,0.1
8273,742,463.53,10,0.1
8273,511,90.25,7,0.2
8273,499,417.28,10,0.0
8273,647,270.68,3,0.15
8274,88,84.44,9,0.05
8274,829,295.32,10,0.15
8274,823,308.23,9,0.2
8274,326,30.63,5,0.2
8274,270,435.75,2,0.2
8275,666,11.78,1,0.0
8275,987,478.87,6,0.2
8275,69,65.94,10,0.15
8275,496,229.41,8,0.1
8275,845,376.95,4,0.1
8276,643,430.64,2,0.15
8276,753,340.78,4,0.2
8276,520,397.89,2,0.1
8276,938,188.0,1,0.1
8277,657,345.33,3,0.0
8277,726,75.54,5,0.15
8277,318,159.27,3,0.2
8277,954,375.94,6,0.2
8278,148,91.04,10,0.05
8278,722,476.24,5,0.05
8278,349,350.32,10,0.0
8279,157,180.48,5,0.05
8279,680,96.29,10,0.2
8279,652,54.13,8,0.2
8280,492,252.13,3,0.1
8281,112,147.01,7,0.05
8281,941,102.18,8,0.2
8281,1000,281.41,5,0.1
8282,225,309.61,10,0.2
8282,26,248.89,9,0.1
8282,335,83.74,6,0.15
8282,9,480.47,5,0.2
8282,448,86.15,6,0.2
8283,481,419.47,7,0.2
8283,428,218.5,7,0.2
8283,272,22.1,7,0.1
8283,21,145.19,3,0.05
8283,779,425.8,8,0.0
8284,789,451.86,5,0.0
8285,890,42.28,1,0.1
8285,926,392.74,2,0.15
8285,375,248.91,6,0.15
8286,858,126.42,6,0.2
8286,387,477.46,8,0.15
8286,86,197.51,7,0.2
8286,665,34.52,10,0.0
8286,157,51.12,10,0.15
8287,785,124.35,3,0.1
8287,169,102.3,9,0.15
8288,38,231.62,2,0.05
8288,898,392.44,2,0.15
8289,567,34.87,4,0.05
8289,979,334.45,3,0.05
8289,622,58.35,5,0.2
8289,457,465.81,9,0.15
8289,540,135.11,10,0.0
8290,38,17.4,1,0.15
8290,330,398.38,5,0.15
8290,563,30.09,1,0.2
8290,810,310.8,9,0.15
8291,274,40.89,2,0.0
8291,304,383.9,10,0.15
8292,12,442.23,4,0.0
8292,935,405.67,6,0.0
8293,395,162.27,7,0.2
8293,777,485.79,2,0.0
8293,547,227.75,7,0.1
8293,86,126.18,3,0.15
8293,799,421.55,2,0.1
8294,268,450.06,3,0.05
8294,226,136.3,5,0.05
8295,953,193.63,9,0.1
8295,344,56.79,3,0.1
8295,108,24.7,8,0.1
8295,993,99.97,7,0.0
8295,996,347.88,7,0.1
8296,757,70.38,2,0.05
8296,927,323.33,1,0.2
8296,222,210.92,4,0.15
8297,302,317.08,2,0.2
8297,64,382.82,3,0.05
8297,788,258.89,3,0.05
8297,683,28.17,4,0.05
8298,653,12.82,3,0.05
8299,966,165.77,5,0.15
8300,143,160.45,6,0.15
8300,966,354.36,4,0.1
8300,481,217.69,6,0.05
8300,502,365.19,8,0.1
8300,201,313.33,9,0.2
8301,937,175.79,2,0.2
8301,860,304.33,8,0.15
8302,478,221.15,1,0.15
8302,853,91.22,10,0.05
8303,504,230.35,5,0.1
8303,164,440.3,6,0.05
8303,294,310.8,7,0.0
8303,327,268.2,7,0.0
8304,523,134.45,2,0.2
8304,612,189.64,5,0.2
8304,590,218.57,9,0.15
8305,977,276.06,10,0.1
8305,403,165.13,2,0.2
8306,685,124.97,10,0.05
8306,918,358.94,7,0.15
8306,66,190.67,1,0.05
8306,764,447.21,2,0.0
8306,858,309.9,9,0.2
8307,188,233.04,8,0.05
8307,634,376.23,7,0.15
8307,373,269.72,9,0.2
8307,388,386.04,2,0.2
8307,197,468.72,3,0.05
8308,98,73.59,2,0.0
8308,270,497.51,3,0.1
8309,278,15.06,5,0.1
8309,905,319.75,1,0.15
8310,776,424.03,2,0.05
8310,91,166.49,7,0.15
8311,882,182.96,2,0.0
8311,588,113.69,4,0.1
8311,797,127.57,2,0.2
8311,723,116.17,7,0.05
8312,594,299.77,6,0.15
8312,342,242.37,10,0.15
8313,736,92.43,7,0.1
8313,895,65.31,5,0.2
8313,396,88.39,2,0.0
8313,105,39.57,10,0.15
8314,37,260.84,2,0.05
8314,20,212.36,3,0.0
8314,850,210.72,7,0.0
8314,279,13.44,3,0.0
8314,87,49.54,8,0.1
8315,117,376.24,9,0.2
8315,690,130.15,8,0.15
8315,809,118.5,1,0.0
8316,747,25.21,1,0.0
8317,7,494.32,6,0.2
8317,768,242.02,8,0.0
8318,118,170.53,6,0.0
8318,180,293.91,2,0.05
8318,859,490.31,3,0.05
8318,286,326.44,7,0.15
8319,44,275.05,2,0.15
8319,617,320.93,1,0.1
8319,914,214.57,5,0.2
8320,288,169.67,9,0.2
8321,504,318.87,6,0.0
8321,122,95.91,1,0.1
8321,265,431.23,6,0.0
8322,521,278.12,4,0.15
8322,181,171.66,9,0.1
8322,761,363.31,7,0.2
8323,841,390.03,1,0.05
8323,644,231.09,10,0.0
8323,263,48.27,5,0.1
8323,272,434.0,2,0.2
8324,66,192.98,1,0.1
8324,169,258.92,5,0.1
8324,24,323.65,8,0.15
8325,136,119.56,3,0.0
8325,910,149.13,7,0.0
8325,352,473.66,8,0.2
8325,314,424.58,2,0.2
8325,70,422.07,5,0.05
8326,708,416.39,8,0.2
8326,232,432.54,5,0.15
8326,631,210.65,6,0.0
8326,874,176.73,8,0.15
8326,378,252.92,5,0.1
8327,84,457.69,9,0.15
8327,252,245.14,3,0.05
8328,183,494.49,9,0.1
8328,945,366.46,3,0.05
8328,699,412.36,5,0.0
8328,507,163.46,2,0.15
8329,806,225.12,8,0.05
8330,150,104.57,2,0.05
8330,568,265.16,5,0.05
8331,696,392.24,3,0.2
8332,673,149.46,1,0.05
8332,975,210.12,8,0.1
8332,249,201.01,10,0.1
8332,704,84.08,5,0.05
8333,228,355.07,3,0.0
8333,149,264.55,7,0.0
8333,440,247.28,10,0.2
8333,471,375.61,8,0.05
8333,265,46.9,2,0.15
8334,908,48.83,3,0.1
8335,779,102.88,1,0.05
8336,9,263.54,6,0.15
8336,553,360.0,9,0.1
8336,145,296.08,8,0.1
8336,482,361.66,3,0.2
8337,820,31.95,10,0.05
8338,630,305.77,4,0.2
8339,412,122.94,4,0.05
8339,232,434.77,6,0.2
8339,373,363.21,3,0.15
8339,381,258.46,6,0.0
8339,191,124.62,9,0.1
8340,911,147.69,5,0.2
8341,669,48.43,4,0.05
8341,51,315.2,1,0.0
8341,109,162.64,3,0.0
8341,49,311.19,9,0.2
8342,931,199.74,1,0.15
8342,609,104.89,2,0.05
8343,430,202.11,5,0.05
8343,713,31.09,3,0.0
8343,754,139.43,1,0.05
8344,591,263.82,9,0.2
8344,607,132.26,5,0.05
8344,680,61.83,8,0.0
8345,329,71.95,4,0.0
8346,551,414.95,5,0.0
8346,667,401.73,6,0.05
8347,491,341.82,10,0.05
8347,385,474.73,6,0.05
8347,366,380.39,5,0.05
8347,742,165.49,5,0.15
8348,585,200.55,5,0.2
8348,332,96.99,9,0.2
8348,484,216.47,2,0.2
8349,336,339.63,3,0.2
8349,171,70.44,1,0.05
8349,532,455.84,3,0.1
8349,575,164.08,6,0.05
8350,302,338.03,2,0.15
8350,844,438.04,3,0.0
8351,236,263.81,7,0.0
8351,741,336.07,9,0.15
8351,568,93.75,3,0.15
8351,529,401.94,6,0.2
8351,921,48.78,5,0.0
8352,915,136.07,6,0.0
8352,448,426.4,6,0.15
8352,640,332.35,10,0.15
8352,858,483.01,6,0.2
8353,988,281.79,2,0.2
8353,208,350.08,3,0.0
8354,524,393.45,2,0.1
8354,355,192.77,4,0.2
8354,755,477.37,5,0.15
8354,703,290.61,8,0.1
8354,757,415.14,4,0.2
8355,476,487.42,10,0.05
8355,224,252.0,7,0.15
8355,395,471.91,2,0.05
8356,737,244.5,2,0.1
8357,768,11.18,5,0.2
8357,428,460.77,1,0.2
8357,375,228.94,3,0.2
8357,754,323.2,1,0.0
8357,714,15.77,7,0.15
8358,281,181.91,5,0.0
8358,887,185.44,1,0.05
8358,645,430.94,2,0.2
8358,684,226.73,3,0.2
8359,764,443.27,1,0.2
8359,408,37.24,4,0.2
8359,335,17.44,4,0.1
8360,340,454.23,3,0.1
8360,30,358.12,4,0.0
8360,971,242.67,1,0.05
8360,787,31.27,9,0.1
8361,765,124.2,5,0.2
8361,656,303.82,4,0.15
8361,190,469.05,7,0.05
8362,603,262.72,8,0.05
8362,337,360.23,7,0.1
8362,648,153.17,8,0.15
8362,428,132.78,1,0.0
8362,52,335.88,1,0.2
8363,897,436.58,10,0.0
8363,194,424.21,7,0.05
8363,640,183.88,8,0.1
8364,263,203.39,1,0.05
8365,208,314.56,6,0.2
8365,20,324.91,1,0.05
8365,13,327.01,5,0.1
8366,592,188.67,5,0.0
8366,742,66.64,8,0.15
8366,70,153.6,10,0.1
8366,744,19.77,6,0.1
8366,584,134.65,3,0.1
8367,739,165.25,9,0.0
8367,55,103.26,6,0.0
8368,892,212.93,5,0.0
8368,673,22.59,10,0.05
8369,673,494.45,9,0.15
8369,457,469.01,1,0.15
8369,360,343.49,7,0.1
8369,330,106.34,7,0.15
8369,639,105.12,8,0.1
8370,153,243.53,9,0.15
8371,884,90.13,2,0.2
8371,399,154.92,2,0.15
8372,924,165.67,9,0.1
8372,878,452.06,10,0.0
8372,264,50.26,7,0.0
8372,341,246.98,5,0.15
8373,183,46.12,10,0.0
8373,191,151.39,2,0.1
8373,826,438.23,1,0.2
8374,48,62.84,1,0.05
8374,971,322.92,3,0.05
8374,985,149.42,3,0.1
8374,494,29.91,7,0.0
8375,991,426.3,7,0.05
8375,234,278.84,9,0.0
8375,851,426.94,9,0.2
8375,19,364.35,10,0.05
8375,237,88.11,5,0.0
8376,838,236.89,3,0.15
8377,214,93.5,5,0.0
8377,990,454.75,2,0.0
8377,77,322.62,3,0.05
8377,696,428.53,10,0.0
8377,222,213.95,4,0.1
8378,217,156.27,2,0.0
8378,767,193.23,9,0.2
8378,977,435.01,2,0.2
8379,240,439.11,4,0.0
8379,126,376.42,6,0.05
8379,45,392.78,1,0.05
8379,923,133.69,2,0.2
8379,960,322.59,5,0.0
8380,216,13.58,6,0.1
8380,523,451.06,1,0.1
8380,721,383.79,6,0.1
8381,385,80.47,5,0.15
8381,854,188.91,8,0.05
8381,312,381.2,4,0.0
8381,272,407.93,4,0.1
8381,324,62.85,2,0.15
8382,576,155.99,9,0.05
8382,528,191.92,8,0.1
8383,714,497.9,9,0.0
8383,68,267.45,1,0.05
8384,133,122.78,3,0.2
8384,240,422.99,2,0.2
8384,962,372.97,1,0.0
8384,656,74.59,8,0.2
8385,398,425.45,8,0.05
8386,752,21.46,9,0.0
8386,327,373.05,8,0.1
8386,731,159.53,2,0.15
8386,542,30.37,8,0.05
8386,37,362.78,1,0.2
8387,303,313.86,2,0.2
8387,413,418.22,8,0.2
8387,416,264.26,6,0.2
8387,448,323.64,5,0.05
8387,161,145.0,2,0.15
8388,780,220.69,3,0.2
8388,352,49.32,4,0.0
8388,64,180.73,2,0.05
8388,252,238.16,10,0.2
8389,62,465.63,9,0.1
8390,817,165.46,3,0.1
8390,975,320.29,9,0.2
8390,417,74.7,6,0.05
8391,287,38.42,1,0.15
8391,219,438.69,3,0.1
8392,578,198.43,2,0.0
8392,380,105.98,3,0.1
8393,377,148.85,8,0.2
8394,342,275.96,1,0.0
8394,837,90.17,1,0.2
8394,534,110.96,10,0.05
8394,73,58.0,2,0.15
8394,715,452.9,5,0.15
8395,902,67.91,7,0.1
8396,124,339.48,9,0.1
8396,537,74.82,4,0.15
8396,245,405.29,2,0.15
8397,664,243.11,1,0.0
8397,744,159.33,2,0.0
8397,91,56.79,1,0.2
8397,582,481.01,10,0.2
8398,632,241.71,9,0.1
8398,8,257.14,7,0.1
8398,683,423.42,10,0.0
8398,339,254.09,7,0.0
8398,422,273.23,1,0.1
8399,663,409.71,7,0.05
8399,102,116.72,1,0.0
8400,409,57.15,10,0.05
8400,255,117.93,8,0.05
8400,222,207.04,8,0.2
8400,908,277.68,5,0.2
8401,619,192.11,8,0.1
8401,952,328.56,9,0.1
8401,516,108.55,3,0.1
8401,832,384.52,8,0.1
8401,208,313.79,2,0.15
8402,927,392.6,10,0.15
8402,780,323.02,5,0.15
8402,995,352.61,5,0.0
8403,118,386.5,5,0.2
8404,205,132.24,1,0.2
8405,478,425.61,7,0.05
8405,948,63.93,7,0.05
8405,912,43.11,8,0.15
8406,90,498.49,4,0.1
8406,361,170.41,2,0.05
8406,474,196.99,10,0.05
8406,296,317.47,2,0.15
8407,699,78.75,7,0.15
8407,290,327.35,5,0.05
8407,768,151.94,8,0.0
8407,381,49.91,10,0.05
8407,907,230.45,2,0.0
8408,761,312.23,8,0.1
8408,386,441.21,3,0.2
8409,852,26.01,7,0.05
8409,24,417.77,7,0.1
8409,400,111.69,5,0.1
8409,407,367.39,8,0.2
8409,582,220.58,10,0.15
8410,662,442.26,6,0.15
8410,840,199.03,7,0.15
8410,995,397.15,1,0.0
8410,97,378.76,2,0.05
8411,22,43.86,9,0.0
8411,23,470.68,1,0.2
8411,147,258.05,3,0.1
8411,307,351.7,4,0.05
8411,201,163.11,7,0.1
8412,753,285.49,7,0.05
8412,294,335.81,7,0.1
8412,459,419.02,6,0.15
8412,13,236.45,10,0.2
8412,183,425.5,2,0.1
8413,525,191.99,5,0.2
8413,771,486.34,6,0.05
8413,984,263.99,3,0.1
8413,748,378.31,1,0.2
8414,884,481.33,7,0.15
8414,209,263.84,10,0.05
8415,879,441.26,6,0.1
8415,477,273.97,10,0.15
8416,150,409.06,9,0.15
8416,960,83.81,7,0.2
8416,635,429.63,4,0.15
8416,528,158.36,9,0.15
8417,594,413.24,9,0.1
8417,870,320.29,6,0.1
8418,499,256.84,9,0.05
8418,185,288.45,2,0.05
8419,828,351.74,7,0.0
8419,1,242.11,4,0.15
8419,252,235.88,6,0.0
8420,76,34.52,7,0.1
8420,249,302.37,1,0.05
8420,664,476.19,9,0.0
8420,542,251.55,4,0.2
8421,922,435.85,1,0.1
8421,968,33.73,8,0.2
8422,757,476.72,3,0.05
8422,91,209.7,3,0.2
8422,433,315.95,10,0.05
8423,874,337.21,8,0.1
8423,801,374.44,5,0.1
8424,852,182.57,8,0.1
8424,553,94.03,8,0.15
8424,166,99.26,5,0.05
8425,223,17.83,10,0.1
8425,287,59.86,5,0.15
8425,995,463.38,8,0.2
8425,338,449.13,2,0.05
8425,214,312.02,1,0.05
8426,375,202.68,9,0.0
8426,275,308.88,4,0.05
8426,217,374.33,1,0.2
8426,201,200.93,8,0.05
8426,435,473.51,7,0.05
8427,696,280.4,6,0.15
8427,441,273.23,5,0.05
8427,976,156.32,6,0.2
8428,8,33.93,7,0.0
8428,562,28.94,8,0.05
8428,926,213.58,6,0.05
8429,925,203.6,2,0.1
8429,699,295.6,6,0.1
8429,896,121.59,2,0.0
8429,752,183.01,1,0.15
8429,263,188.96,9,0.2
8430,945,225.27,9,0.05
8430,645,92.05,6,0.1
8430,935,457.12,10,0.2
8430,930,492.39,10,0.05
8431,844,420.88,10,0.2
8431,109,426.79,2,0.1
8432,251,379.91,1,0.0
8432,947,175.02,2,0.15
8433,649,112.21,5,0.05
8433,363,43.22,5,0.15
8433,148,176.43,8,0.1
8433,837,451.36,10,0.2
8434,430,411.27,9,0.1
8435,952,444.65,2,0.1
8435,191,441.36,6,0.15
8435,276,16.92,5,0.0
8435,763,44.22,5,0.15
8436,361,443.86,6,0.1
8436,895,59.91,9,0.0
8437,283,176.51,6,0.05
8437,815,145.41,1,0.0
8437,627,300.66,7,0.15
8437,202,149.9,1,0.1
8437,9,62.12,5,0.1
8438,378,300.29,2,0.1
8438,832,324.05,5,0.15
8438,218,18.13,8,0.2
8438,228,22.65,9,0.05
8439,190,135.74,6,0.05
8440,499,363.48,3,0.05
8441,772,498.4,2,0.1
8441,585,228.54,3,0.05
8441,903,58.46,9,0.2
8441,372,294.51,8,0.1
8441,344,188.89,6,0.2
8442,519,102.54,10,0.05
8442,267,475.3,9,0.2
8442,993,282.39,6,0.15
8442,121,451.79,10,0.2
8443,927,281.77,6,0.15
8444,855,477.49,9,0.05
8444,897,177.99,9,0.15
8444,905,194.74,8,0.1
8444,131,196.74,7,0.15
8444,52,116.18,2,0.1
8445,744,424.12,8,0.2
8445,276,407.78,9,0.1
8445,128,49.62,10,0.0
8445,478,238.26,6,0.0
8445,103,193.46,3,0.0
8446,337,497.82,4,0.15
8446,34,267.7,1,0.15
8447,964,161.99,7,0.1
8447,899,51.98,4,0.1
8447,540,333.12,9,0.2
8447,279,92.13,8,0.0
8448,661,196.28,9,0.05
8449,615,86.36,1,0.05
8450,325,197.04,5,0.2
8450,32,207.85,5,0.2
8450,451,385.48,10,0.2
8451,874,180.1,6,0.0
8452,494,35.34,2,0.2
8452,277,251.28,1,0.05
8452,252,18.76,4,0.1
8452,293,263.35,4,0.05
8453,314,465.72,7,0.05
8453,885,139.86,2,0.1
8454,104,283.35,7,0.15
8454,215,322.3,2,0.15
8455,260,158.72,6,0.2
8456,806,237.99,4,0.2
8457,342,265.36,6,0.2
8457,820,195.49,7,0.05
8457,403,462.68,9,0.1
8458,813,446.34,9,0.2
8458,798,388.54,4,0.0
8459,293,277.54,9,0.2
8459,579,404.52,9,0.0
8459,762,423.85,3,0.05
8460,695,232.9,10,0.15
8460,641,303.7,1,0.0
8460,837,268.01,1,0.15
8460,692,266.88,5,0.2
8460,402,295.18,1,0.05
8461,167,369.1,7,0.05
8461,755,60.28,6,0.0
8462,449,111.57,7,0.15
8462,436,335.45,4,0.2
8462,612,19.28,9,0.2
8462,544,186.6,1,0.2
8463,264,30.97,3,0.2
8463,157,94.64,4,0.0
8463,283,190.28,3,0.0
8464,366,270.48,1,0.15
8464,528,168.49,8,0.0
8465,689,465.35,5,0.1
8465,954,83.46,10,0.2
8466,303,262.89,9,0.1
8467,550,189.24,1,0.0
8467,51,452.15,10,0.2
8467,667,174.78,7,0.2
8468,16,387.23,10,0.05
8468,326,172.91,5,0.0
8468,142,20.95,4,0.15
8469,55,416.89,3,0.05
8469,542,184.37,5,0.15
8470,657,322.99,9,0.0
8470,840,221.06,5,0.1
8470,285,374.01,9,0.0
8471,244,22.28,1,0.05
8471,298,211.43,8,0.05
8472,43,487.55,1,0.05
8472,111,266.59,2,0.1
8472,516,164.67,1,0.2
8472,884,454.64,1,0.15
8473,148,348.96,5,0.2
8473,300,153.48,2,0.0
8473,765,67.88,5,0.2
8473,850,386.34,5,0.2
8473,565,435.58,9,0.2
8474,974,213.87,5,0.2
8474,687,196.09,5,0.1
8474,43,313.23,1,0.0
8474,614,328.86,9,0.0
8475,249,55.16,4,0.1
8475,377,268.76,3,0.2
8475,47,393.05,9,0.0
8475,907,477.35,9,0.2
8476,538,22.58,1,0.2
8476,232,23.46,2,0.15
8476,845,26.45,10,0.0
8476,602,96.82,9,0.0
8477,230,410.26,3,0.15
8478,16,288.13,2,0.1
8478,624,260.63,4,0.15
8478,118,249.27,4,0.1
8478,90,424.73,7,0.15
8478,913,44.66,5,0.2
8479,958,279.29,2,0.0
8479,346,211.93,1,0.2
8479,417,275.48,1,0.05
8480,507,421.81,7,0.15
8480,327,84.65,6,0.1
8480,214,199.78,10,0.1
8480,694,403.02,9,0.05
8480,372,226.07,10,0.05
8481,341,170.53,10,0.05
8481,485,458.43,7,0.0
8481,295,401.39,9,0.2
8481,38,193.14,3,0.2
8481,776,383.55,9,0.0
8482,131,445.46,5,0.15
8483,297,47.04,3,0.1
8484,8,449.23,10,0.1
8484,261,371.99,2,0.0
8484,876,187.37,10,0.15
8484,683,405.12,3,0.2
8484,521,244.3,5,0.0
8485,956,393.97,9,0.2
8485,972,208.67,4,0.05
8485,371,364.1,7,0.05
8485,399,114.5,3,0.15
8485,474,183.34,8,0.05
8486,983,136.29,4,0.2
8486,884,36.22,8,0.1
8486,263,137.87,2,0.1
8487,341,489.36,8,0.2
8487,836,136.82,8,0.15
8487,870,148.0,2,0.1
8487,890,415.91,8,0.2
8487,46,340.21,9,0.1
8488,148,484.44,7,0.05
8488,447,181.2,3,0.2
8489,735,347.52,5,0.1
8489,95,91.15,5,0.2
8489,440,282.6,10,0.15
8489,618,497.82,6,0.15
8490,293,449.99,9,0.1
8490,393,163.35,2,0.05
8490,66,445.1,1,0.05
8490,105,305.73,10,0.2
8490,776,23.81,1,0.05
8491,138,188.75,3,0.1
8491,27,407.3,6,0.15
8491,975,466.05,3,0.0
8491,624,137.91,8,0.1
8492,959,33.18,7,0.1
8492,65,201.27,7,0.05
8493,852,485.06,7,0.0
8493,406,222.32,10,0.1
8493,36,75.48,3,0.05
8493,941,372.06,3,0.1
8494,539,123.2,9,0.1
8494,378,70.66,5,0.2
8494,988,444.66,10,0.2
8494,129,327.85,8,0.1
8494,641,23.94,9,0.0
8495,419,471.09,1,0.0
8495,534,480.36,1,0.05
8495,963,170.03,2,0.1
8495,118,303.61,5,0.2
8496,195,205.3,2,0.15
8496,955,235.35,5,0.15
8497,214,115.05,2,0.0
8497,73,245.97,1,0.05
8497,228,409.22,3,0.2
8497,655,363.79,4,0.1
8498,585,85.8,9,0.15
8498,485,279.0,8,0.0
8498,249,241.54,8,0.1
8499,189,406.54,5,0.2
8500,615,66.48,1,0.15
8500,604,338.52,6,0.1
8501,530,465.28,4,0.15
8501,599,369.27,8,0.1
8501,762,493.87,3,0.05
8501,192,433.35,6,0.15
8501,957,185.11,6,0.0
8502,951,287.0,8,0.1
8502,799,392.42,5,0.0
8502,126,409.67,7,0.15
8503,527,471.76,9,0.05
8503,363,144.57,3,0.1
8503,531,349.63,1,0.1
8504,598,385.52,2,0.0
8505,784,206.75,9,0.0
8506,791,67.22,6,0.2
8506,515,183.25,3,0.1
8507,279,317.39,5,0.1
8508,435,71.3,5,0.15
8508,686,54.46,5,0.2
8509,948,425.5,5,0.15
8509,34,297.83,4,0.1
8509,521,124.81,4,0.0
8509,46,194.66,7,0.15
8509,263,29.84,6,0.05
8510,430,497.08,10,0.05
8510,737,117.03,9,0.05
8511,38,439.83,1,0.05
8511,880,182.77,9,0.0
8512,572,315.3,7,0.2
8512,789,483.74,1,0.1
8513,487,492.42,10,0.1
8513,846,419.27,10,0.2
8514,433,271.99,7,0.1
8514,517,349.81,7,0.1
8514,120,335.18,7,0.1
8514,620,288.55,4,0.1
8515,953,265.99,8,0.0
8515,255,438.48,2,0.05
8516,683,441.52,2,0.0
8516,497,289.58,4,0.1
8517,244,369.56,4,0.2
8517,497,123.68,3,0.1
8517,673,384.01,1,0.0
8517,733,417.14,10,0.05
8518,487,475.45,10,0.15
8518,676,448.9,8,0.0
8519,123,170.04,4,0.15
8519,13,67.73,9,0.0
8520,542,473.31,4,0.05
8520,151,470.75,8,0.1
8520,22,117.55,3,0.2
8520,896,145.11,8,0.2
8520,322,133.9,4,0.0
8521,768,49.48,7,0.1
8521,641,346.47,5,0.1
8521,146,370.92,8,0.1
8522,892,243.79,8,0.2
8522,78,365.59,1,0.0
8523,932,93.96,6,0.15
8523,483,190.18,9,0.05
8523,365,196.21,5,0.2
8524,569,306.54,7,0.15
8524,733,439.63,9,0.0
8525,873,222.19,4,0.0
8526,944,245.61,3,0.0
8527,874,178.61,6,0.05
8527,175,275.86,2,0.2
8527,778,62.98,9,0.2
8527,405,210.1,5,0.05
8527,707,312.58,5,0.05
8528,81,139.4,5,0.2
8528,845,121.71,6,0.1
8529,314,373.89,9,0.15
8529,119,367.44,8,0.15
8529,5,331.35,9,0.15
8529,627,290.9,1,0.2
8529,508,228.97,1,0.2
8530,635,353.15,8,0.15
8530,761,448.71,10,0.05
8530,210,50.85,8,0.0
8530,376,250.1,3,0.05
8530,275,333.62,10,0.15
8531,595,480.78,1,0.05
8531,301,65.01,10,0.0
8531,110,171.28,8,0.05
8531,436,61.64,4,0.0
8532,622,199.23,6,0.0
8532,406,187.07,1,0.05
8532,118,172.8,9,0.05
8533,724,383.35,1,0.2
8533,411,63.1,9,0.05
8533,43,90.52,3,0.2
8533,297,379.55,3,0.2
8533,686,320.36,1,0.0
8534,323,91.91,6,0.2
8534,360,43.73,8,0.05
8534,395,436.2,10,0.15
8534,308,59.97,3,0.1
8535,680,73.15,3,0.15
8535,796,59.59,8,0.05
8536,407,211.38,6,0.05
8536,786,265.46,10,0.1
8537,325,484.23,10,0.0
8537,171,323.29,5,0.0
8537,997,117.61,4,0.15
8538,366,128.56,8,0.2
8539,236,156.32,6,0.1
8539,623,306.01,3,0.2
8539,713,316.31,6,0.0
8540,996,407.66,4,0.15
8540,319,447.3,4,0.0
8540,484,290.35,4,0.15
8541,348,127.35,5,0.15
8541,148,52.97,9,0.0
8541,686,186.08,5,0.05
8541,2,291.88,2,0.05
8542,161,317.82,7,0.0
8542,379,498.65,2,0.0
8543,300,344.41,5,0.15
8544,975,432.24,8,0.1
8544,244,259.16,3,0.15
8544,439,496.33,4,0.05
8544,993,401.1,9,0.15
8544,282,462.51,2,0.2
8545,630,368.92,7,0.05
8545,970,182.27,10,0.0
8545,69,79.84,5,0.15
8545,517,12.82,4,0.0
8545,857,323.83,5,0.0
8546,654,149.87,10,0.2
8546,75,57.44,5,0.2
8547,95,55.18,8,0.0
8547,271,21.31,2,0.2
8548,809,483.15,6,0.1
8549,169,445.82,5,0.2
8550,425,133.16,1,0.1
8551,566,337.25,1,0.0
8551,738,361.97,7,0.2
8551,437,116.73,8,0.0
8551,200,24.6,4,0.1
8551,214,287.07,4,0.2
8552,10,67.4,4,0.15
8553,970,492.89,6,0.0
8554,318,196.31,7,0.0
8554,455,105.11,7,0.0
8554,844,48.89,8,0.15
8554,364,383.54,5,0.15
8555,299,318.05,7,0.0
8555,33,402.05,9,0.1
8556,411,56.35,9,0.1
8557,446,25.93,1,0.2
8557,788,59.2,2,0.2
8557,872,151.7,6,0.0
8558,950,475.77,1,0.15
8558,133,248.86,3,0.15
8559,337,221.49,9,0.1
8560,235,149.06,8,0.15
8560,695,266.84,5,0.15
8560,250,121.11,9,0.2
8560,114,122.47,9,0.15
8560,664,331.24,4,0.0
8561,537,462.19,5,0.1
8562,866,491.14,1,0.05
8562,707,189.26,3,0.2
8562,998,141.39,2,0.05
8563,381,409.69,1,0.05
8563,279,192.97,10,0.1
8563,236,230.74,4,0.2
8563,124,19.15,7,0.15
8563,233,100.49,3,0.1
8564,861,393.03,5,0.05
8564,295,439.11,4,0.05
8565,666,52.34,3,0.15
8566,216,475.9,7,0.2
8566,284,233.1,10,0.15
8566,143,35.06,10,0.2
8566,124,338.31,5,0.1
8567,848,78.46,6,0.2
8567,955,358.48,10,0.2
8568,984,189.92,5,0.05
8568,285,354.12,4,0.0
8568,687,180.05,2,0.15
8568,755,447.3,1,0.2
8568,864,476.27,9,0.05
8569,918,67.68,10,0.1
8569,536,234.65,7,0.15
8570,682,391.12,10,0.2
8570,901,406.55,7,0.0
8570,530,177.15,2,0.05
8570,492,326.01,10,0.15
8571,513,80.75,7,0.05
8571,564,180.0,6,0.2
8572,149,38.84,9,0.1
8572,74,478.21,7,0.1
8573,398,253.62,3,0.2
8573,559,323.53,3,0.15
8573,12,258.26,9,0.2
8573,119,265.12,2,0.1
8574,647,202.22,8,0.2
8574,104,47.62,10,0.0
8574,602,385.23,3,0.05
8575,257,353.16,5,0.0
8576,253,442.47,2,0.05
8576,359,240.2,3,0.15
8576,312,455.6,9,0.2
8577,58,417.22,6,0.2
8577,982,91.59,10,0.05
8578,462,482.52,2,0.2
8578,299,61.67,7,0.2
8578,901,334.75,6,0.0
8579,758,44.56,6,0.2
8579,67,36.69,5,0.15
8579,728,182.25,3,0.0
8579,308,57.82,8,0.05
8580,724,413.71,10,0.15
8580,769,313.46,1,0.05
8580,548,193.69,6,0.0
8580,267,44.33,10,0.2
8580,210,255.53,1,0.15
8581,661,156.62,1,0.05
8581,534,63.62,1,0.1
8581,843,359.89,6,0.05
8581,722,97.51,6,0.0
8582,690,337.45,7,0.15
8582,369,79.12,10,0.15
8582,535,200.06,3,0.1
8582,28,378.99,5,0.15
8582,270,141.88,10,0.05
8583,632,287.55,5,0.15
8583,449,328.38,9,0.1
8583,427,38.81,6,0.05
8584,144,37.84,1,0.15
8584,75,279.67,5,0.05
8584,920,241.0,1,0.0
8584,175,424.04,2,0.1
8585,628,84.14,5,0.0
8585,93,369.51,1,0.15
8586,803,202.51,2,0.1
8586,460,256.97,10,0.0
8587,901,127.11,10,0.05
8587,371,68.24,2,0.05
8587,85,410.78,2,0.2
8588,292,333.56,1,0.2
8588,566,476.55,4,0.15
8589,900,441.29,2,0.05
8590,510,19.02,10,0.1
8590,745,40.68,3,0.2
8590,641,98.04,9,0.2
8590,499,128.23,5,0.1
8591,546,344.39,1,0.1
8591,189,430.99,2,0.2
8591,704,15.9,8,0.2
8591,930,147.19,10,0.2
8592,694,412.89,7,0.1
8593,384,288.85,6,0.15
8593,230,199.02,6,0.0
8593,259,430.01,10,0.15
8593,785,35.06,4,0.0
8593,481,120.43,2,0.0
8594,645,120.31,3,0.1
8594,13,235.85,8,0.0
8594,757,398.69,3,0.1
8594,874,207.13,4,0.2
8595,541,284.29,10,0.2
8595,269,223.76,10,0.05
8595,88,164.15,3,0.2
8596,5,223.55,10,0.15
8596,105,224.62,4,0.1
8596,268,109.63,7,0.2
8597,703,476.37,10,0.15
8597,390,41.17,1,0.05
8597,442,470.74,8,0.1
8597,827,373.9,2,0.0
8598,463,347.1,5,0.2
8599,324,377.96,7,0.15
8599,109,379.03,2,0.0
8600,696,239.59,7,0.1
8600,506,270.16,7,0.2
8601,603,365.84,7,0.15
8601,946,350.72,4,0.2
8601,872,415.63,6,0.05
8602,109,231.99,7,0.1
8602,594,378.03,9,0.0
8603,89,446.32,1,0.15
8603,615,147.31,8,0.0
8603,776,29.41,3,0.1
8603,884,204.38,10,0.1
8604,389,186.33,2,0.2
8604,519,158.72,3,0.1
8604,901,333.0,10,0.1
8604,26,475.01,8,0.15
8605,122,338.85,9,0.1
8605,937,120.06,5,0.0
8605,172,443.0,1,0.0
8605,444,98.39,8,0.15
8606,219,51.66,2,0.05
8606,445,428.07,5,0.1
8606,30,175.23,3,0.05
8606,378,218.13,10,0.2
8607,744,49.62,5,0.15
8607,604,43.5,3,0.1
8607,553,179.84,6,0.15
8607,369,492.39,3,0.05
8608,534,403.27,2,0.1
8609,873,197.59,4,0.1
8609,383,57.6,9,0.05
8610,807,313.62,9,0.1
8610,912,328.73,9,0.15
8610,209,20.64,7,0.0
8610,249,342.99,1,0.1
8611,370,430.02,10,0.0
8611,315,485.55,1,0.05
8611,526,371.64,1,0.2
8611,491,411.22,10,0.0
8611,320,136.92,10,0.15
8612,413,98.76,10,0.1
8612,386,498.03,9,0.05
8612,284,428.22,8,0.1
8613,706,463.04,8,0.0
8613,956,157.58,2,0.15
8613,223,159.35,2,0.1
8614,282,398.11,7,0.1
8614,601,235.33,4,0.15
8614,608,462.3,2,0.0
8614,796,235.35,2,0.1
8615,16,228.51,5,0.0
8615,920,134.82,9,0.15
8615,172,45.05,2,0.15
8615,866,92.5,8,0.2
8616,125,127.5,5,0.15
8616,262,49.91,10,0.05
8616,681,132.69,1,0.0
8616,428,54.76,3,0.0
8616,359,85.74,9,0.2
8617,367,407.44,2,0.15
8617,732,96.07,8,0.05
8617,316,44.59,3,0.2
8618,291,134.09,3,0.0
8618,44,45.55,5,0.1
8619,823,212.94,8,0.0
8619,62,162.08,7,0.05
8619,149,21.98,10,0.15
8619,756,317.86,2,0.15
8620,390,230.64,5,0.05
8620,260,303.86,7,0.0
8620,566,373.2,1,0.2
8620,616,421.6,7,0.15
8620,884,272.95,1,0.0
8621,802,457.35,4,0.0
8622,298,310.81,3,0.1
8622,794,245.53,2,0.0
8623,664,330.78,10,0.0
8623,738,470.62,6,0.1
8623,83,385.32,6,0.15
8623,600,93.17,10,0.1
8623,832,299.47,2,0.2
8624,336,275.31,10,0.1
8624,211,486.46,8,0.15
8624,618,304.28,1,0.2
8624,946,141.04,6,0.2
8625,229,419.48,1,0.05
8625,108,177.27,10,0.0
8625,592,209.28,3,0.1
8625,378,278.1,2,0.05
8626,900,379.27,5,0.05
8626,908,391.71,9,0.15
8626,704,72.55,8,0.15
8626,137,167.52,2,0.1
8626,601,27.04,1,0.0
8627,672,67.54,1,0.15
8627,776,337.61,3,0.15
8627,711,245.52,7,0.15
8627,193,219.72,4,0.2
8628,475,385.6,1,0.1
8629,259,429.33,1,0.15
8629,729,498.62,9,0.15
8630,511,97.49,2,0.15
8630,644,496.67,7,0.0
8630,619,374.8,2,0.1
8631,749,262.14,5,0.1
8631,862,275.11,6,0.15
8631,650,146.55,7,0.1
8631,531,423.2,10,0.15
8632,278,180.43,2,0.15
8632,954,52.2,2,0.1
8632,363,362.05,10,0.15
8632,614,350.38,10,0.1
8632,112,173.49,2,0.1
8633,185,368.52,2,0.05
8633,253,251.57,2,0.2
8633,955,428.99,10,0.05
8633,19,82.54,8,0.15
8634,379,211.67,6,0.05
8634,930,16.72,5,0.1
8634,137,32.55,5,0.05
8634,737,206.58,5,0.1
8635,584,318.87,7,0.15
8635,13,470.61,5,0.1
8635,166,32.79,10,0.2
8635,281,234.45,9,0.2
8636,256,304.54,8,0.05
8636,128,127.96,6,0.05
8637,538,32.82,2,0.2
8637,542,341.58,7,0.05
8637,734,55.47,3,0.2
8638,543,173.68,7,0.2
8639,159,418.21,3,0.1
8639,115,122.04,1,0.2
8639,939,66.81,10,0.15
8639,856,326.63,3,0.1
8640,683,345.91,10,0.0
8640,712,167.35,5,0.05
8640,657,290.56,7,0.2
8640,979,301.66,6,0.15
8640,193,470.63,10,0.2
8641,781,208.46,8,0.0
8641,454,263.75,1,0.2
8641,173,404.78,6,0.05
8641,765,390.56,6,0.0
8641,786,349.49,4,0.05
8642,18,421.55,2,0.05
8642,577,226.24,4,0.2
8642,734,276.77,10,0.1
8642,755,462.13,4,0.1
8642,792,127.23,9,0.1
8643,505,364.47,8,0.15
8643,680,293.0,4,0.1
8643,717,184.62,1,0.2
8643,180,148.37,9,0.05
8643,752,80.48,2,0.15
8644,389,272.05,8,0.2
8644,272,431.91,7,0.2
8644,345,193.48,7,0.15
8644,419,411.34,9,0.15
8645,273,182.77,9,0.05
8645,36,379.87,10,0.0
8646,669,33.94,5,0.15
8646,819,399.55,4,0.05
8646,930,84.49,4,0.1
8646,872,295.74,5,0.15
8646,480,51.51,6,0.1
8647,652,334.65,2,0.0
8647,314,291.72,9,0.15
8648,669,136.95,10,0.2
8648,738,491.64,1,0.15
8648,765,358.55,8,0.0
8648,962,350.22,8,0.1
8649,280,227.02,1,0.0
8649,514,377.29,10,0.2
8650,890,304.35,6,0.1
8651,35,344.29,9,0.1
8651,294,50.71,7,0.05
8651,181,181.01,8,0.05
8651,740,13.34,10,0.15
8651,67,436.79,2,0.2
8652,249,193.61,7,0.2
8652,420,338.83,10,0.2
8652,82,399.84,3,0.0
8652,443,203.51,2,0.2
8652,311,292.77,9,0.2
8653,284,351.45,8,0.2
8653,139,372.43,1,0.2
8654,57,24.63,6,0.05
8654,771,475.8,8,0.0
8655,172,206.37,1,0.05
8655,167,224.09,7,0.1
8655,484,144.39,4,0.05
8656,557,178.37,8,0.1
8656,812,341.17,10,0.05
8656,973,413.91,3,0.15
8656,535,469.97,8,0.05
8657,694,75.7,7,0.0
8658,106,186.29,9,0.15
8658,434,438.96,6,0.0
8659,225,357.83,1,0.1
8659,843,421.61,2,0.15
8659,591,475.68,8,0.0
8659,620,259.84,9,0.15
8660,609,445.96,3,0.05
8660,262,69.07,9,0.0
8660,266,42.7,1,0.15
8661,100,315.02,10,0.15
8661,838,181.58,7,0.2
8662,180,411.3,8,0.0
8662,412,141.16,6,0.15
8663,932,215.87,5,0.2
8663,574,451.98,7,0.1
8663,994,133.02,3,0.05
8663,460,111.95,1,0.05
8663,893,23.98,9,0.1
8664,230,254.13,6,0.15
8664,562,247.84,9,0.0
8664,914,86.6,1,0.05
8664,962,136.26,3,0.05
8664,568,129.66,3,0.05
8665,904,441.0,1,0.2
8665,562,285.39,8,0.0
8665,59,107.96,5,0.1
8665,525,265.23,1,0.15
8666,200,353.9,5,0.1
8666,779,102.58,6,0.05
8666,514,164.6,7,0.2
8666,968,366.92,7,0.2
8667,557,291.51,6,0.0
8667,859,166.54,7,0.2
8668,421,190.08,5,0.0
8668,811,205.63,1,0.2
8668,499,113.12,4,0.15
8668,391,161.63,1,0.0
8669,657,77.82,10,0.1
8669,991,448.24,9,0.1
8669,229,37.12,2,0.05
8669,629,325.21,9,0.05
8670,678,143.06,9,0.1
8670,823,93.84,9,0.1
8670,887,52.67,8,0.1
8670,479,219.97,7,0.1
8671,530,348.94,9,0.0
8671,718,200.32,5,0.15
8671,259,125.31,9,0.0
8671,420,184.81,5,0.1
8671,602,230.7,10,0.1
8672,450,32.34,5,0.2
8673,155,253.15,2,0.15
8673,786,181.35,4,0.05
8673,667,370.82,3,0.15
8674,260,396.75,6,0.0
8674,180,468.16,8,0.15
8674,436,77.97,3,0.15
8674,707,213.43,4,0.1
8675,328,395.54,8,0.0
8676,592,376.81,8,0.2
8676,777,320.43,7,0.15
8676,108,316.57,5,0.05
8677,828,370.21,9,0.05
8677,231,184.82,3,0.15
8677,208,372.58,4,0.15
8677,144,55.94,10,0.0
8677,213,415.35,3,0.0
8678,3,409.43,10,0.15
8678,304,391.25,9,0.05
8678,362,474.97,1,0.0
8678,306,388.51,4,0.1
8679,941,172.75,3,0.2
8679,176,465.21,8,0.2
8679,432,387.31,4,0.1
8679,378,259.13,2,0.2
8679,751,454.65,8,0.0
8680,821,124.76,8,0.0
8680,736,308.0,4,0.1
8680,410,415.16,6,0.05
8681,465,171.98,2,0.15
8681,944,240.75,8,0.05
8681,55,114.14,4,0.05
8681,611,295.3,8,0.15
8681,413,430.28,2,0.0
8682,97,386.82,4,0.05
8682,537,196.96,9,0.2
8683,941,85.42,8,0.2
8683,791,475.91,9,0.0
8683,784,216.57,5,0.1
8684,481,223.2,5,0.0
8684,409,283.4,1,0.0
8685,502,495.21,6,0.2
8685,310,254.75,2,0.15
8686,98,93.25,8,0.1
8686,313,156.72,1,0.2
8686,728,165.61,10,0.15
8686,134,163.53,9,0.1
8687,150,194.26,2,0.05
8687,26,141.45,5,0.1
8687,420,124.83,9,0.1
8688,151,387.85,10,0.2
8688,29,318.18,7,0.0
8688,733,407.97,8,0.2
8689,716,104.37,10,0.05
8689,695,291.5,5,0.05
8689,521,333.49,9,0.0
8690,139,330.72,7,0.05
8691,917,446.47,3,0.2
8691,735,270.06,8,0.15
8691,222,274.73,8,0.05
8691,559,70.75,4,0.1
8691,840,441.11,4,0.1
8692,265,293.31,6,0.0
8692,254,494.54,4,0.2
8692,250,226.27,9,0.15
8692,957,120.98,5,0.0
8693,298,255.31,9,0.15
8693,108,208.12,2,0.2
8693,609,110.04,8,0.1
8693,516,210.98,4,0.05
8694,253,153.53,10,0.1
8695,474,492.67,8,0.15
8695,789,282.5,7,0.15
8695,819,26.83,9,0.0
8695,43,106.09,4,0.1
8696,789,16.66,10,0.0
8696,765,393.78,6,0.1
8697,274,230.57,3,0.0
8697,737,314.79,7,0.2
8697,79,68.37,3,0.0
8697,396,284.46,9,0.0
8698,678,223.78,2,0.0
8698,148,51.33,4,0.2
8699,51,305.2,7,0.15
8699,574,94.04,3,0.05
8699,699,67.44,2,0.05
8699,419,97.39,7,0.15
8699,165,183.14,6,0.05
8700,200,449.21,8,0.2
8700,484,381.52,10,0.2
8700,671,251.82,4,0.1
8700,213,439.96,7,0.2
8700,761,357.19,4,0.2
8701,566,389.89,6,0.05
8702,915,390.21,5,0.15
8703,806,278.08,10,0.05
8703,322,281.64,1,0.05
8703,622,447.42,9,0.1
8703,592,372.08,5,0.15
8703,203,366.19,9,0.2
8704,630,393.53,2,0.0
8704,682,405.28,6,0.2
8704,258,179.54,2,0.2
8705,900,411.28,5,0.2
8705,932,374.96,9,0.2
8705,523,324.17,1,0.05
8705,28,299.09,2,0.2
8706,546,51.16,5,0.0
8707,663,288.18,9,0.2
8707,979,443.39,4,0.0
8707,988,266.89,1,0.0
8707,140,443.91,8,0.0
8708,702,249.77,8,0.15
8708,899,132.24,4,0.2
8708,828,381.2,9,0.15
8709,287,434.45,10,0.15
8710,604,267.84,4,0.05
8711,878,107.19,6,0.1
8711,30,148.63,9,0.0
8712,505,91.2,8,0.15
8712,830,224.2,4,0.0
8713,700,165.2,4,0.15
8714,374,371.31,1,0.15
8714,107,241.68,2,0.05
8714,802,121.46,5,0.05
8714,708,356.98,7,0.05
8715,535,374.16,8,0.15
8716,946,91.03,1,0.15
8717,614,109.73,9,0.2
8717,688,171.33,5,0.0
8718,498,250.73,8,0.2
8718,675,131.52,3,0.0
8718,890,257.5,3,0.2
8719,107,283.53,10,0.1
8719,533,440.22,10,0.1
8719,649,278.19,5,0.15
8720,211,459.81,7,0.2
8721,264,211.98,2,0.05
8721,834,262.71,2,0.15
8721,654,116.36,2,0.0
8721,196,165.84,2,0.1
8722,187,372.28,2,0.05
8722,511,121.19,5,0.05
8722,943,310.98,10,0.05
8722,572,198.12,8,0.15
8723,425,130.18,2,0.2
8723,329,175.22,8,0.15
8723,839,102.36,10,0.1
8723,53,177.03,10,0.15
8723,984,229.92,2,0.1
8724,644,492.84,7,0.2
8724,953,373.47,8,0.0
8725,624,400.83,1,0.1
8725,688,478.14,5,0.1
8725,88,154.23,3,0.15
8726,70,340.76,10,0.15
8726,218,439.85,7,0.15
8726,953,310.85,4,0.1
8727,796,400.23,8,0.1
8727,308,89.82,8,0.05
8727,611,381.64,9,0.15
8727,61,107.94,2,0.05
8728,207,322.92,2,0.05
8728,227,84.83,2,0.15
8728,859,21.14,7,0.05
8729,348,429.66,1,0.05
8729,31,446.67,9,0.1
8729,437,10.0,7,0.2
8729,320,230.49,3,0.1
8730,192,71.78,1,0.15
8730,252,100.02,7,0.1
8730,657,83.86,8,0.05
8730,70,168.22,7,0.0
8731,834,474.37,7,0.1
8731,431,112.5,5,0.05
8731,268,401.86,7,0.2
8731,473,480.25,10,0.1
8731,501,360.54,1,0.1
8732,65,464.8,8,0.2
8732,906,463.43,8,0.15
8732,527,475.72,10,0.15
8732,89,202.46,3,0.2
8733,214,103.96,4,0.1
8733,456,66.68,5,0.05
8734,766,362.08,5,0.1
8734,725,349.2,3,0.1
8735,535,347.5,4,0.05
8736,206,86.29,7,0.2
8736,102,269.9,3,0.15
8736,445,388.18,9,0.15
8736,561,455.62,6,0.0
8736,770,367.67,2,0.05
8737,50,199.99,9,0.05
8737,514,409.37,2,0.15
8737,43,142.81,3,0.15
8737,968,136.95,9,0.2
8738,564,355.95,9,0.05
8738,554,329.36,9,0.1
8738,122,92.76,7,0.05
8738,391,369.98,1,0.1
8738,762,47.67,9,0.1
8739,411,219.68,1,0.2
8739,357,448.01,9,0.2
8739,490,125.33,7,0.2
8740,620,10.31,10,0.1
8741,258,198.51,4,0.05
8741,365,166.82,6,0.05
8741,673,216.24,6,0.2
8742,761,56.97,1,0.1
8742,191,324.73,7,0.05
8742,391,177.0,7,0.15
8742,527,278.48,4,0.15
8742,945,456.04,3,0.15
8743,128,453.71,4,0.1
8743,898,325.67,8,0.05
8743,763,335.26,3,0.05
8744,187,37.1,1,0.0
8744,852,484.37,5,0.15
8744,623,215.75,7,0.2
8745,979,399.07,7,0.2
8745,324,22.86,8,0.05
8745,617,30.15,10,0.0
8746,643,117.66,4,0.0
8746,335,134.87,5,0.15
8746,169,460.7,2,0.1
8746,221,98.43,6,0.1
8746,889,426.87,2,0.2
8747,510,220.45,7,0.1
8747,323,364.64,9,0.0
8747,502,389.88,3,0.0
8747,506,392.28,1,0.0
8748,883,451.6,3,0.05
8748,129,389.73,9,0.15
8748,127,109.97,4,0.2
8748,713,227.83,10,0.05
8749,660,141.28,9,0.2
8750,310,146.86,6,0.05
8751,388,145.48,8,0.0
8751,983,334.11,3,0.15
8751,400,445.4,10,0.0
8751,869,448.11,9,0.0
8752,45,60.09,8,0.05
8752,381,111.7,6,0.0
8752,270,359.71,6,0.15
8753,370,460.44,9,0.1
8753,223,424.42,7,0.05
8754,401,85.15,9,0.05
8754,145,455.08,10,0.15
8755,476,70.07,6,0.15
8756,674,484.88,10,0.1
8756,870,130.56,7,0.2
8756,392,392.84,2,0.05
8756,419,296.69,8,0.1
8756,615,301.26,4,0.1
8757,396,241.56,4,0.15
8757,463,42.93,6,0.05
8757,471,498.35,8,0.05
8757,803,119.09,1,0.0
8757,576,403.39,7,0.05
8758,966,320.84,2,0.0
8758,451,318.99,6,0.15
8758,146,300.46,5,0.15
8758,989,352.97,2,0.05
8759,497,36.95,4,0.05
8759,230,68.24,5,0.0
8759,432,243.03,10,0.0
8759,343,13.12,9,0.05
8760,447,31.38,3,0.0
8760,149,364.34,3,0.05
8761,597,16.1,9,0.15
8762,163,18.13,9,0.1
8763,217,171.36,4,0.05
8763,64,350.73,6,0.05
8763,393,454.96,9,0.1
8763,775,354.39,1,0.05
8763,884,335.83,2,0.2
8764,808,498.62,7,0.1
8764,323,418.23,4,0.0
8764,504,365.02,7,0.15
8764,143,167.41,10,0.2
8765,979,455.54,8,0.1
8766,326,349.6,10,0.0
8766,670,153.48,7,0.15
8766,318,117.24,1,0.1
8767,358,448.21,3,0.15
8767,144,105.7,10,0.0
8767,595,146.17,5,0.05
8767,341,499.72,8,0.1
8768,483,45.75,1,0.05
8768,900,18.4,7,0.0
8768,404,61.99,6,0.15
8768,399,225.41,4,0.0
8769,564,140.47,9,0.2
8769,286,106.79,7,0.2
8769,148,490.04,3,0.2
8769,799,21.4,6,0.1
8769,147,153.97,4,0.2
8770,161,284.87,6,0.2
8771,607,113.56,9,0.0
8771,277,446.09,3,0.1
8772,727,93.11,1,0.05
8773,917,98.67,9,0.1
8773,950,429.24,10,0.1
8773,316,260.63,1,0.0
8774,129,143.64,8,0.05
8774,400,482.6,10,0.2
8775,493,447.84,5,0.2
8775,32,382.8,7,0.1
8775,640,113.73,2,0.05
8776,664,230.24,10,0.05
8776,378,197.33,3,0.1
8776,383,158.13,1,0.0
8776,936,318.74,1,0.05
8776,176,374.23,8,0.1
8777,932,395.89,8,0.15
8777,502,277.18,7,0.05
8777,30,396.5,8,0.2
8777,292,41.81,1,0.15
8777,96,178.39,10,0.15
8778,224,269.49,2,0.1
8778,644,333.61,4,0.1
8779,462,179.53,2,0.0
8779,206,177.62,6,0.05
8779,714,134.43,6,0.15
8779,731,228.23,3,0.1
8779,210,275.64,6,0.05
8780,935,291.06,3,0.05
8781,963,475.89,9,0.05
8781,902,377.09,4,0.2
8781,389,65.5,5,0.1
8781,374,485.59,10,0.05
8782,567,392.76,6,0.15
8782,619,305.13,9,0.0
8783,194,241.37,9,0.1
8783,767,327.54,3,0.05
8783,210,94.37,10,0.1
8784,223,143.15,1,0.0
8784,809,417.66,7,0.0
8784,343,489.95,2,0.0
8784,665,404.76,9,0.2
8784,442,196.47,10,0.15
8785,449,139.15,9,0.1
8785,66,362.39,8,0.05
8785,702,256.91,7,0.05
8786,558,71.0,2,0.2
8787,462,318.65,8,0.0
8787,649,485.92,3,0.15
8787,967,113.63,8,0.05
8787,249,245.28,1,0.0
8788,32,23.97,8,0.0
8788,534,261.67,2,0.15
8788,373,208.06,8,0.1
8789,673,336.96,7,0.0
8790,965,494.96,8,0.15
8791,917,176.88,4,0.2
8791,574,222.21,10,0.05
8791,866,345.67,9,0.0
8791,521,390.42,8,0.2
8791,816,368.3,9,0.05
8792,466,354.34,3,0.0
8792,620,401.22,8,0.2
8792,428,187.14,8,0.0
8792,718,315.31,4,0.05
8793,277,65.35,2,0.2
8794,235,305.92,10,0.0
8794,801,55.99,5,0.0
8794,777,129.68,8,0.05
8795,253,94.77,2,0.1
8795,285,157.6,9,0.0
8796,838,233.59,10,0.05
8797,432,351.13,8,0.2
8797,359,267.83,2,0.1
8798,574,135.39,3,0.05
8798,346,219.16,1,0.1
8798,444,95.34,8,0.05
8798,744,187.12,5,0.0
8799,261,496.74,7,0.0
8800,451,459.71,10,0.0
8800,97,172.57,7,0.05
8801,73,393.57,4,0.1
8801,449,110.93,9,0.2
8801,969,306.91,10,0.15
8801,511,388.76,10,0.1
8802,299,201.03,10,0.05
8802,660,437.35,1,0.1
8802,875,283.77,1,0.15
8802,401,128.07,7,0.1
8802,613,202.45,2,0.2
8803,757,359.85,5,0.2
8803,775,297.59,2,0.0
8803,265,426.12,6,0.05
8803,52,314.91,2,0.1
8804,640,206.0,5,0.05
8804,881,397.5,1,0.15
8804,885,32.9,2,0.2
8804,450,87.42,10,0.1
8804,197,11.38,6,0.0
8805,432,13.48,10,0.0
8805,951,369.18,7,0.1
8805,809,28.6,10,0.05
8805,400,290.98,9,0.0
8805,81,395.26,1,0.1
8806,171,266.9,2,0.05
8806,90,36.72,7,0.05
8806,962,218.48,6,0.05
8807,386,217.55,4,0.15
8807,341,287.56,3,0.0
8808,379,426.87,6,0.05
8808,982,129.81,10,0.05
8808,289,357.71,3,0.1
8808,148,50.25,7,0.2
8809,976,362.47,3,0.2
8809,41,173.42,1,0.0
8809,776,249.09,9,0.2
8809,887,312.43,6,0.0
8809,676,327.01,2,0.2
8810,944,338.92,6,0.0
8811,777,391.94,2,0.0
8812,983,378.34,5,0.1
8812,834,17.23,2,0.0
8812,988,318.34,9,0.05
8812,209,77.39,3,0.1
8812,87,257.16,8,0.15
8813,172,285.66,1,0.15
8814,624,385.64,6,0.15
8815,353,465.11,3,0.2
8816,955,416.1,7,0.05
8816,660,176.9,9,0.0
8816,723,351.96,4,0.15
8817,419,271.13,9,0.0
8817,945,35.32,8,0.05
8817,87,144.77,6,0.2
8817,793,192.55,6,0.05
8818,934,77.38,3,0.0
8819,379,104.02,5,0.1
8819,415,336.18,5,0.1
8819,699,344.18,9,0.1
8820,904,417.73,3,0.15
8820,912,314.34,5,0.05
8820,467,365.04,10,0.05
8820,334,233.68,1,0.15
8821,983,164.99,6,0.2
8821,494,131.39,2,0.0
8821,416,37.57,2,0.05
8821,822,104.21,9,0.2
8821,458,131.34,3,0.05
8822,299,339.69,2,0.2
8822,654,473.12,6,0.2
8822,343,266.39,2,0.15
8822,94,373.06,7,0.0
8823,746,148.91,7,0.15
8823,681,495.44,2,0.05
8823,49,39.67,1,0.05
8823,486,407.96,7,0.05
8823,616,488.4,3,0.0
8824,925,16.62,7,0.1
8824,348,240.62,3,0.0
8825,384,341.86,3,0.0
8825,546,126.03,4,0.0
8825,481,376.75,8,0.0
8825,414,488.9,6,0.0
8825,13,303.92,6,0.2
8826,206,449.35,6,0.0
8826,491,111.97,4,0.2
8827,1000,309.56,6,0.1
8827,776,222.77,3,0.05
8827,220,258.22,8,0.05
8827,590,69.31,6,0.15
8828,229,143.13,6,0.05
8828,897,132.16,10,0.0
8829,432,307.26,7,0.15
8829,348,172.62,10,0.05
8830,206,37.74,7,0.05
8830,975,280.63,2,0.15
8830,828,249.6,3,0.0
8830,46,405.3,2,0.0
8831,887,262.6,4,0.0
8831,178,50.38,1,0.05
8832,876,482.17,10,0.1
8832,474,223.28,5,0.15
8832,300,330.96,5,0.15
8832,486,353.31,2,0.05
8832,158,352.06,8,0.05
8833,432,62.06,3,0.2
8834,283,220.23,1,0.15
8834,587,316.6,2,0.15
8835,992,114.64,3,0.05
8835,717,25.39,9,0.0
8835,567,94.8,6,0.2
8836,540,318.89,2,0.0
8836,872,400.39,6,0.05
8836,116,249.56,7,0.0
8836,660,78.46,7,0.0
8837,710,94.9,6,0.2
8837,98,222.22,2,0.1
8837,295,174.89,9,0.05
8837,750,120.97,4,0.2
8838,169,238.43,4,0.05
8838,574,108.2,8,0.15
8838,965,478.06,8,0.1
8839,318,142.99,5,0.15
8839,512,155.64,3,0.05
8840,363,414.69,6,0.1
8841,132,66.09,5,0.05
8842,923,302.58,5,0.15
8842,218,463.0,1,0.15
8842,342,16.31,2,0.1
8842,777,34.27,4,0.15
8842,654,252.89,10,0.0
8843,228,341.11,8,0.2
8843,360,61.57,1,0.0
8844,201,204.73,8,0.1
8844,100,448.78,10,0.0
8845,183,441.28,10,0.2
8845,35,201.23,10,0.1
8845,503,52.06,4,0.0
8845,998,207.14,6,0.2
8846,325,384.11,8,0.15
8846,755,181.9,5,0.2
8846,943,69.65,7,0.0
8847,90,375.86,6,0.15
8847,999,210.38,10,0.15
8847,503,97.8,10,0.1
8847,170,142.97,10,0.05
8848,301,36.38,7,0.1
8849,808,241.33,1,0.1
8849,459,310.18,10,0.15
8849,79,415.62,5,0.0
8849,12,59.2,8,0.1
8849,147,152.2,5,0.0
8850,836,127.77,2,0.15
8851,472,165.49,10,0.0
8852,818,475.34,1,0.0
8853,816,80.57,9,0.05
8854,40,209.91,3,0.0
8854,154,79.9,9,0.05
8854,358,407.83,7,0.05
8854,745,484.71,1,0.1
8855,727,295.15,6,0.0
8855,518,37.87,5,0.0
8856,966,200.52,9,0.15
8856,70,393.37,3,0.0
8857,55,81.97,4,0.05
8857,113,246.65,4,0.05
8857,134,21.1,1,0.1
8858,395,78.03,7,0.05
8858,705,46.57,2,0.1
8858,909,203.05,8,0.0
8858,122,490.62,8,0.0
8859,133,283.26,2,0.1
8859,428,183.72,7,0.15
8859,512,370.25,8,0.1
8859,920,27.4,7,0.0
8860,534,280.82,7,0.0
8860,428,371.2,4,0.1
8860,111,439.54,2,0.15
8861,643,430.27,10,0.2
8861,96,415.56,7,0.15
8861,676,418.4,5,0.2
8861,200,388.81,10,0.15
8862,453,218.67,3,0.15
8862,570,182.48,10,0.0
8863,491,306.16,7,0.05
8864,85,324.58,4,0.2
8864,71,255.47,4,0.1
8864,498,18.73,3,0.1
8864,612,257.29,3,0.15
8864,177,113.53,1,0.2
8865,624,448.55,2,0.0
8865,169,341.86,9,0.15
8865,468,126.73,8,0.1
8865,243,94.79,5,0.1
8866,831,440.75,7,0.1
8866,327,262.65,8,0.2
8867,261,291.45,1,0.1
8867,59,237.99,7,0.1
8867,404,123.89,9,0.15
8867,136,385.23,4,0.1
8867,449,357.83,3,0.05
8868,726,142.91,9,0.15
8868,412,386.61,3,0.05
8868,287,415.64,2,0.05
8869,872,145.08,1,0.0
8870,971,370.25,5,0.2
8870,67,213.64,10,0.05
8870,167,171.28,1,0.1
8871,368,34.4,6,0.05
8871,201,225.15,4,0.05
8871,446,12.93,7,0.0
8871,665,120.16,3,0.15
8871,293,118.76,9,0.05
8872,282,154.33,2,0.05
8872,942,39.48,9,0.2
8872,940,181.68,2,0.05
8872,709,192.31,3,0.15
8872,191,71.69,3,0.2
8873,727,183.12,1,0.0
8873,524,369.0,10,0.0
8873,95,366.69,8,0.15
8873,18,174.41,10,0.1
8873,562,67.55,6,0.0
8874,104,251.85,2,0.0
8874,602,67.14,8,0.0
8875,977,79.27,4,0.2
8875,500,172.9,5,0.15
8875,954,211.52,9,0.1
8875,575,237.4,7,0.15
8875,765,163.45,1,0.15
8876,287,238.93,10,0.1
8876,259,493.3,5,0.05
8877,269,216.6,5,0.1
8877,54,67.41,7,0.0
8877,491,290.97,1,0.2
8877,416,393.0,5,0.0
8878,146,27.83,4,0.2
8878,152,251.97,7,0.15
8879,698,367.38,3,0.2
8879,548,367.61,9,0.1
8880,782,128.89,2,0.2
8880,98,76.32,6,0.0
8880,146,373.61,5,0.0
8880,142,373.17,7,0.1
8881,303,91.09,3,0.15
8881,43,445.76,8,0.05
8882,434,231.73,6,0.0
8883,194,487.76,5,0.1
8883,507,127.04,10,0.15
8883,897,349.22,5,0.05
8884,595,458.43,9,0.0
8884,465,482.6,9,0.15
8885,840,176.44,3,0.2
8886,363,55.43,6,0.2
8886,240,232.58,8,0.2
8886,676,48.65,5,0.2
8887,711,339.93,4,0.2
8888,854,454.73,1,0.2
8888,168,203.29,5,0.1
8888,595,318.69,2,0.1
8888,527,463.71,10,0.05
8888,874,499.08,6,0.0
8889,551,296.55,10,0.15
8889,73,493.81,6,0.05
8889,536,127.92,8,0.0
8889,70,367.59,10,0.15
8889,288,368.07,4,0.05
8890,306,399.92,2,0.0
8890,213,387.84,9,0.05
8891,850,466.68,5,0.2
8891,660,205.73,5,0.0
8891,106,398.37,3,0.2
8892,659,39.0,3,0.05
8892,514,14.27,5,0.2
8892,246,224.57,9,0.15
8893,682,311.65,5,0.05
8893,231,348.01,9,0.15
8893,669,425.43,3,0.0
8894,646,456.19,5,0.0
8894,125,446.94,9,0.0
8895,120,34.75,9,0.2
8895,651,202.59,6,0.2
8895,456,264.47,5,0.0
8895,576,489.41,4,0.05
8896,303,87.41,2,0.05
8896,663,257.27,7,0.0
8897,327,170.05,8,0.05
8897,659,326.59,10,0.1
8897,325,464.66,7,0.05
8897,429,371.75,7,0.0
8898,916,117.75,9,0.1
8898,892,90.53,6,0.2
8898,301,382.18,8,0.0
8898,829,274.45,5,0.0
8898,758,346.21,3,0.1
8899,500,459.79,4,0.0
8899,535,18.85,6,0.0
8899,569,237.58,4,0.1
8900,336,97.72,5,0.1
8900,196,309.76,10,0.1
8901,938,278.35,2,0.05
8901,822,283.74,7,0.0
8901,609,37.22,5,0.05
8901,471,373.72,3,0.1
8902,134,470.85,8,0.15
8902,845,167.92,7,0.15
8902,282,361.66,7,0.05
8902,952,10.85,2,0.15
8903,119,59.35,3,0.1
8903,837,369.02,5,0.05
8904,426,370.4,10,0.15
8905,694,440.52,7,0.0
8906,991,456.96,5,0.0
8907,742,447.15,4,0.15
8907,814,342.4,7,0.15
8907,193,203.98,3,0.15
8907,790,447.74,9,0.2
8907,953,483.03,6,0.2
8908,866,438.2,1,0.05
8908,720,171.94,6,0.2
8908,204,143.2,4,0.15
8908,643,253.17,10,0.15
8908,485,479.28,5,0.0
8909,318,50.83,6,0.2
8909,11,77.74,2,0.05
8909,259,350.78,4,0.1
8909,509,404.03,9,0.2
8910,993,134.0,3,0.0
8910,900,448.46,1,0.1
8910,29,486.21,7,0.2
8910,818,431.12,10,0.2
8911,53,406.83,9,0.2
8912,334,400.26,4,0.1
8912,442,485.15,6,0.2
8912,491,255.57,5,0.0
8912,783,375.19,8,0.0
8913,336,228.78,7,0.2
8913,718,124.31,9,0.2
8913,176,171.58,3,0.0
8913,303,13.88,6,0.05
8914,349,86.84,3,0.1
8914,408,396.2,6,0.2
8914,821,223.01,4,0.1
8914,978,234.86,2,0.1
8914,284,154.04,1,0.0
8915,513,261.45,2,0.1
8915,798,127.4,2,0.2
8916,290,102.01,9,0.2
8916,367,10.42,8,0.15
8917,162,108.83,10,0.0
8917,306,204.01,6,0.1
8918,170,56.1,2,0.05
8918,230,461.51,6,0.0
8919,564,117.84,1,0.15
8919,225,311.44,1,0.0
8920,63,97.93,3,0.15
8920,162,287.36,4,0.0
8921,404,397.49,5,0.0
8921,242,477.52,1,0.2
8921,744,53.51,5,0.15
8921,707,390.51,9,0.1
8922,365,77.52,6,0.2
8923,159,352.04,4,0.0
8923,743,73.59,5,0.05
8923,514,269.31,1,0.0
8923,6,228.58,10,0.05
8923,733,63.75,1,0.05
8924,550,363.08,2,0.2
8924,257,81.85,4,0.05
8924,624,246.61,10,0.15
8924,810,157.21,10,0.05
8925,355,420.54,7,0.05
8925,17,378.52,10,0.1
8925,724,75.07,1,0.1
8926,422,408.29,2,0.0
8926,213,92.73,1,0.1
8926,240,70.38,5,0.1
8926,9,458.1,10,0.2
8927,135,252.41,9,0.1
8927,477,227.38,1,0.0
8927,912,72.47,4,0.2
8928,547,171.36,2,0.15
8928,799,247.86,9,0.2
8928,422,190.05,1,0.1
8928,270,406.66,2,0.2
8929,901,404.19,8,0.0
8930,225,321.68,6,0.0
8931,918,393.53,7,0.05
8931,818,374.1,8,0.05
8931,795,471.16,8,0.1
8931,763,45.74,8,0.2
8931,964,84.36,3,0.05
8932,294,98.82,4,0.05
8932,957,79.98,4,0.0
8933,961,37.46,2,0.05
8933,652,199.21,3,0.0
8933,472,125.17,5,0.05
8933,936,415.43,8,0.1
8933,648,472.57,4,0.15
8934,847,76.58,10,0.2
8934,775,443.44,8,0.0
8935,396,218.43,10,0.1
8936,794,246.14,3,0.1
8936,586,76.54,8,0.2
8937,930,367.05,3,0.2
8937,303,29.25,6,0.05
8938,451,177.68,9,0.2
8938,492,429.34,8,0.0
8939,240,175.15,10,0.05
8939,705,138.54,10,0.15
8939,408,36.16,3,0.2
8940,302,151.83,6,0.15
8940,751,177.27,5,0.2
8940,50,321.48,7,0.15
8940,275,296.69,1,0.2
8940,782,315.28,5,0.1
8941,110,69.2,1,0.15
8941,707,493.78,8,0.2
8941,156,41.4,9,0.2
8941,724,85.87,7,0.0
8942,64,392.57,4,0.1
8942,92,119.78,1,0.1
8942,653,325.02,7,0.1
8942,230,346.34,3,0.2
8943,530,236.12,6,0.05
8943,177,183.91,10,0.1
8943,572,259.99,8,0.0
8943,24,382.3,7,0.2
8944,65,122.03,6,0.0
8944,236,486.15,7,0.05
8945,526,139.27,9,0.05
8946,125,191.58,8,0.0
8946,199,285.51,2,0.15
8946,305,241.89,4,0.1
8947,226,148.98,8,0.2
8947,485,497.39,10,0.1
8948,372,23.02,6,0.05
8948,793,319.27,7,0.0
8948,229,345.58,9,0.0
8949,726,192.96,4,0.1
8950,283,351.31,9,0.05
8950,997,283.17,9,0.05
8950,707,173.25,10,0.15
8950,807,274.07,5,0.1
8951,325,161.9,2,0.1
8951,19,278.42,8,0.2
8951,960,396.78,1,0.1
8952,825,390.32,8,0.2
8952,54,495.39,3,0.1
8952,923,357.2,10,0.05
8952,390,471.46,3,0.05
8952,41,52.59,3,0.0
8953,903,35.39,7,0.2
8953,875,440.94,5,0.0
8953,616,393.87,9,0.2
8954,813,136.39,4,0.1
8954,3,252.11,5,0.15
8954,634,315.09,8,0.2
8955,529,434.56,3,0.1
8955,155,168.57,9,0.05
8955,431,45.38,5,0.0
8955,523,293.01,8,0.0
8956,495,26.89,4,0.2
8956,180,107.04,6,0.1
8956,451,474.66,10,0.2
8957,329,122.48,3,0.05
8957,207,314.58,8,0.15
8958,56,369.28,8,0.2
8958,448,115.99,3,0.1
8958,203,190.49,10,0.0
8959,977,402.8,9,0.1
8959,113,186.39,7,0.05
8959,733,107.87,2,0.05
8960,399,135.61,2,0.1
8960,506,194.39,8,0.0
8960,454,253.94,1,0.0
8960,315,464.77,5,0.1
8960,249,93.14,8,0.05
8961,146,491.03,10,0.0
8961,648,42.93,4,0.1
8961,935,358.1,4,0.15
8962,306,288.4,5,0.1
8962,909,35.32,5,0.0
8962,394,62.82,8,0.15
8962,296,438.25,6,0.05
8962,353,441.63,1,0.05
8963,592,139.72,2,0.0
8963,618,164.11,10,0.2
8963,751,88.51,5,0.1
8964,571,320.07,2,0.0
8965,385,24.32,4,0.0
8965,837,173.21,5,0.15
8965,484,187.04,9,0.15
8965,159,440.62,8,0.1
8965,294,325.17,8,0.15
8966,321,412.89,3,0.2
8966,928,279.65,7,0.05
8966,88,101.33,4,0.0
8966,579,437.57,3,0.2
8966,247,283.58,10,0.2
8967,241,144.72,7,0.2
8967,522,316.01,8,0.15
8967,6,376.94,8,0.0
8967,784,257.52,4,0.05
8967,714,292.57,7,0.15
8968,569,117.22,10,0.15
8968,273,355.45,4,0.15
8968,596,85.18,2,0.1
8969,645,429.39,8,0.05
8970,930,495.04,4,0.0
8970,154,157.73,7,0.15
8971,149,112.35,9,0.05
8971,901,269.05,2,0.1
8971,537,295.15,7,0.05
8971,515,127.01,5,0.0
8971,344,330.7,3,0.0
8972,263,217.94,8,0.0
8972,726,309.67,5,0.05
8972,428,306.09,9,0.15
8972,803,71.78,9,0.05
8973,689,476.79,5,0.05
8973,186,74.61,8,0.0
8973,189,453.05,2,0.1
8973,582,450.52,4,0.1
8973,853,365.95,9,0.0
8974,976,65.5,9,0.0
8974,906,98.07,1,0.1
8974,566,350.86,5,0.0
8975,528,340.13,10,0.0
8975,134,147.55,5,0.0
8975,507,369.14,7,0.2
8976,357,208.03,4,0.2
8977,304,25.18,5,0.1
8978,186,460.11,7,0.1
8978,851,146.32,1,0.15
8978,384,249.93,3,0.15
8979,561,154.92,6,0.2
8979,521,463.11,10,0.15
8979,920,361.89,7,0.05
8979,238,10.05,6,0.15
8979,255,423.43,6,0.1
8980,672,108.55,7,0.1
8981,526,121.75,4,0.2
8981,595,17.2,8,0.1
8981,966,223.39,9,0.15
8981,117,289.82,2,0.0
8982,885,466.28,9,0.05
8982,5,469.21,9,0.15
8982,427,252.34,7,0.05
8983,908,223.83,10,0.2
8984,909,192.48,4,0.15
8984,258,216.53,1,0.1
8984,663,50.54,2,0.0
8984,53,205.31,3,0.1
8985,64,465.69,6,0.15
8985,414,302.06,4,0.1
8986,982,350.1,3,0.0
8987,515,275.07,2,0.1
8987,932,176.33,8,0.2
8987,755,441.81,7,0.0
8988,431,244.97,8,0.15
8988,785,485.51,2,0.0
8988,34,258.34,3,0.1
8989,29,166.0,2,0.05
8989,869,193.44,4,0.05
8990,9,323.21,10,0.1
8990,411,344.24,2,0.15
8991,488,361.47,5,0.1
8991,772,347.13,2,0.1
8992,161,30.37,3,0.0
8993,748,73.5,9,0.05
8994,991,102.12,6,0.1
8994,526,447.7,8,0.1
8994,431,137.37,8,0.05
8995,726,360.37,3,0.1
8995,327,362.69,2,0.0
8995,931,477.18,2,0.15
8995,297,295.59,8,0.05
8995,66,431.4,7,0.15
8996,279,375.97,9,0.0
8996,4,31.0,5,0.05
8996,762,260.81,6,0.05
8997,875,279.96,7,0.0
8997,536,165.21,10,0.0
8997,293,474.27,1,0.2
8997,87,10.88,6,0.2
8998,952,55.29,7,0.2
8998,537,430.34,7,0.1
8998,785,451.99,6,0.15
8999,406,348.3,9,0.0
8999,246,90.29,6,0.1
8999,204,115.18,4,0.0
8999,47,431.55,8,0.15
9000,514,341.91,5,0.15
9000,473,138.58,7,0.0
9000,322,352.26,7,0.05
9000,128,457.5,2,0.0
9000,758,141.63,3,0.2
9001,76,338.08,5,0.1
9002,444,207.57,7,0.1
9002,617,454.75,10,0.15
9002,411,107.76,1,0.0
9003,213,41.19,10,0.2
9003,779,188.1,7,0.15
9004,408,242.93,6,0.1
9004,586,110.98,7,0.0
9005,288,77.76,2,0.2
9005,587,246.55,6,0.2
9005,403,267.64,1,0.2
9005,664,65.42,3,0.1
9006,656,356.25,4,0.05
9007,533,379.18,1,0.2
9007,601,443.76,5,0.0
9007,512,196.2,9,0.1
9007,488,40.36,7,0.0
9007,178,430.0,8,0.05
9008,244,408.52,10,0.0
9008,368,221.15,9,0.05
9008,423,390.73,1,0.0
9008,81,203.1,6,0.0
9009,439,257.15,1,0.05
9010,266,474.49,4,0.15
9011,772,82.16,2,0.05
9011,659,218.67,1,0.1
9011,601,30.27,10,0.2
9012,674,466.75,7,0.05
9012,856,480.56,2,0.1
9013,421,322.21,8,0.2
9014,428,447.84,1,0.15
9014,279,50.16,2,0.0
9015,990,316.77,9,0.15
9015,839,443.86,3,0.15
9016,535,124.44,8,0.0
9017,878,370.98,5,0.2
9017,202,496.71,8,0.0
9017,784,471.85,5,0.0
9018,795,184.06,8,0.0
9018,200,113.21,5,0.2
9018,582,379.99,6,0.05
9018,479,84.85,6,0.15
9018,933,222.76,6,0.0
9019,877,371.6,5,0.1
9020,101,121.37,5,0.15
9020,293,470.43,10,0.0
9020,161,177.36,5,0.0
9020,894,389.84,10,0.05
9020,190,333.89,2,0.1
9021,889,299.84,8,0.1
9021,309,392.34,9,0.05
9021,43,209.66,10,0.2
9022,612,81.05,7,0.2
9022,6,421.28,9,0.0
9022,934,150.52,9,0.15
9022,950,47.27,1,0.15
9022,345,298.05,7,0.05
9023,859,47.58,7,0.1
9023,925,384.4,10,0.05
9023,794,343.66,10,0.15
9024,78,244.08,2,0.2
9024,449,52.43,1,0.15
9025,165,54.04,7,0.2
9026,903,88.68,2,0.2
9026,259,383.82,7,0.0
9027,354,460.5,9,0.15
9028,755,305.43,5,0.1
9028,600,455.78,2,0.0
9028,645,24.06,3,0.2
9029,212,207.01,9,0.1
9030,823,415.69,5,0.0
9031,951,260.13,8,0.15
9031,759,498.58,4,0.0
9031,679,441.62,8,0.2
9031,575,276.49,9,0.0
9031,245,46.86,4,0.05
9032,854,332.5,9,0.05
9032,567,46.54,7,0.05
9032,862,209.74,3,0.15
9032,928,82.16,1,0.2
9033,859,24.36,7,0.05
9033,174,154.25,10,0.2
9033,698,399.65,8,0.05
9033,389,159.81,6,0.2
9033,843,37.21,10,0.1
9034,12,33.24,4,0.05
9034,145,41.77,6,0.1
9035,238,287.51,4,0.2
9036,32,234.96,8,0.0
9036,883,103.41,5,0.2
9036,220,459.4,6,0.15
9037,116,476.16,5,0.1
9037,268,158.81,6,0.05
9037,731,250.92,1,0.0
9038,486,393.41,4,0.05
9038,469,12.88,7,0.1
9038,937,495.55,7,0.05
9038,851,55.4,7,0.0
9039,478,203.73,1,0.05
9039,86,86.39,5,0.2
9040,641,179.98,1,0.0
9040,760,405.61,1,0.15
9040,708,44.18,7,0.2
9040,203,433.01,8,0.1
9041,575,225.0,9,0.15
9042,978,324.66,5,0.2
9043,749,332.58,7,0.0
9043,209,67.74,5,0.15
9043,96,188.68,6,0.05
9043,291,46.7,5,0.05
9044,677,411.61,8,0.0
9045,41,202.19,9,0.05
9046,360,234.28,3,0.2
9046,901,100.15,9,0.2
9046,143,249.28,6,0.2
9046,460,316.44,6,0.1
9046,987,56.77,3,0.05
9047,290,468.27,9,0.15
9047,624,38.56,10,0.05
9047,285,147.71,8,0.1
9048,869,351.51,7,0.2
9048,520,13.31,4,0.15
9048,290,335.75,7,0.15
9049,64,230.65,1,0.1
9049,373,91.79,9,0.15
9050,780,101.65,8,0.2
9050,121,44.2,2,0.05
9050,742,466.22,7,0.2
9050,66,273.61,9,0.0
9051,611,286.31,2,0.15
9051,899,260.63,6,0.15
9052,339,20.21,2,0.05
9052,467,380.75,9,0.0
9052,161,122.3,3,0.1
9052,38,65.84,3,0.1
9053,580,485.17,4,0.05
9053,436,482.59,9,0.1
9053,5,388.17,4,0.15
9054,103,295.84,8,0.15
9054,581,412.75,8,0.1
9054,782,288.05,8,0.0
9054,830,434.61,5,0.15
9054,59,418.72,3,0.1
9055,710,290.61,8,0.0
9056,619,62.11,2,0.15
9057,203,243.19,6,0.1
9057,815,215.38,3,0.2
9057,903,157.48,1,0.15
9058,395,333.68,3,0.2
9059,589,212.69,8,0.1
9059,884,346.03,8,0.05
9060,552,17.77,2,0.1
9060,931,290.96,10,0.0
9060,368,282.12,2,0.15
9060,907,87.69,6,0.05
9060,261,462.44,4,0.2
9061,231,399.67,2,0.1
9061,811,469.24,1,0.1
9062,555,181.61,7,0.0
9062,459,80.27,1,0.15
9062,111,220.35,8,0.0
9062,918,460.64,6,0.1
9063,349,497.7,8,0.15
9063,15,188.64,6,0.0
9063,267,178.98,7,0.0
9063,681,178.27,8,0.05
9064,387,148.84,8,0.1
9064,655,281.97,1,0.2
9065,578,245.46,7,0.15
9065,12,49.51,5,0.15
9066,205,62.14,9,0.05
9066,332,331.33,3,0.05
9067,889,162.05,6,0.2
9067,560,67.98,6,0.05
9067,564,439.74,8,0.0
9068,884,125.12,6,0.0
9069,445,278.0,4,0.1
9069,494,186.46,4,0.1
9069,513,107.39,8,0.1
9069,972,299.17,4,0.1
9070,682,312.45,5,0.0
9071,516,309.24,8,0.2
9071,64,487.04,8,0.2
9072,65,334.28,4,0.2
9072,674,402.96,9,0.1
9072,307,97.74,4,0.2
9073,823,236.55,10,0.2
9073,389,409.22,4,0.15
9073,257,469.35,8,0.2
9073,659,134.54,4,0.2
9074,670,366.79,5,0.05
9074,581,78.97,2,0.1
9074,351,153.22,1,0.2
9075,475,97.76,6,0.2
9076,875,102.84,10,0.15
9077,491,64.04,7,0.05
9077,514,114.64,7,0.1
9078,346,54.25,6,0.15
9078,398,423.84,5,0.0
9078,615,50.48,7,0.15
9078,889,75.47,1,0.15
9078,744,410.58,4,0.05
9079,818,208.59,3,0.15
9079,30,176.92,5,0.1
9079,413,139.77,3,0.1
9079,924,123.67,4,0.15
9080,878,397.58,4,0.0
9080,575,463.05,9,0.0
9080,27,223.3,6,0.15
9080,773,459.15,9,0.15
9080,328,83.33,1,0.15
9081,319,336.79,9,0.05
9081,351,33.22,6,0.0
9081,673,438.95,3,0.05
9082,411,102.83,9,0.15
9083,464,333.84,2,0.1
9084,192,302.54,8,0.15
9084,80,173.58,6,0.15
9084,539,147.83,5,0.0
9084,122,459.85,8,0.1
9084,386,470.62,9,0.0
9085,393,150.25,10,0.1
9085,199,309.31,4,0.1
9085,86,123.2,2,0.0
9085,442,130.62,8,0.1
9085,735,279.88,2,0.15
9086,306,205.79,10,0.0
9086,356,417.24,1,0.0
9086,989,398.2,4,0.05
9087,975,216.86,1,0.0
9088,840,199.06,9,0.2
9088,585,42.13,10,0.15
9088,915,480.1,6,0.0
9088,726,286.5,2,0.15
9089,589,449.58,9,0.05
9089,613,236.79,8,0.2
9089,654,178.78,1,0.2
9090,493,224.41,8,0.15
9090,57,361.34,1,0.0
9090,921,155.24,3,0.1
9091,476,197.55,6,0.2
9091,754,351.26,6,0.05
9092,669,36.78,5,0.1
9092,721,120.02,4,0.05
9092,127,499.89,9,0.0
9093,32,51.57,5,0.0
9093,896,492.24,7,0.1
9093,918,101.57,4,0.1
9094,438,350.11,10,0.15
9094,28,388.74,3,0.1
9094,353,405.67,10,0.15
9094,974,497.97,5,0.2
9094,212,91.1,10,0.1
9095,848,390.16,5,0.05
9095,451,384.9,8,0.05
9095,116,141.05,8,0.0
9095,157,334.63,1,0.2
9095,426,101.66,9,0.15
9096,249,280.37,10,0.05
9096,698,295.71,2,0.1
9096,95,390.99,5,0.0
9096,990,44.08,5,0.0
9097,340,78.68,6,0.0
9098,44,420.48,1,0.15
9098,979,318.54,5,0.15
9099,715,426.06,2,0.05
9099,103,177.87,1,0.2
9099,510,309.54,5,0.1
9100,484,468.12,7,0.2
9100,652,50.66,2,0.0
9100,168,151.86,5,0.1
9100,882,352.62,8,0.1
9101,61,223.02,6,0.0
9101,423,51.01,1,0.0
9101,269,303.82,9,0.1
9101,800,439.01,6,0.05
9101,677,314.49,4,0.0
9102,661,294.19,6,0.15
9102,574,49.24,8,0.2
9103,243,170.1,3,0.05
9103,422,83.19,4,0.05
9103,347,234.12,2,0.2
9104,998,99.18,1,0.05
9105,439,188.73,9,0.05
9105,406,403.84,5,0.2
9106,256,332.75,3,0.05
9107,223,481.16,5,0.2
9107,16,353.18,7,0.2
9107,771,163.28,5,0.1
9108,724,102.02,3,0.0
9109,73,134.08,6,0.15
9109,41,185.17,10,0.05
9109,556,487.86,5,0.2
9109,786,431.92,2,0.1
9110,63,293.58,10,0.05
9110,850,379.82,2,0.1
9110,447,90.74,5,0.2
9110,737,145.26,8,0.15
9110,65,138.08,8,0.05
9111,968,142.89,1,0.2
9112,987,467.33,7,0.0
9112,664,281.23,5,0.1
9112,497,99.69,4,0.1
9112,552,344.71,6,0.05
9112,228,155.7,4,0.15
9113,6,36.98,4,0.2
9113,83,236.56,10,0.15
9113,501,379.01,1,0.1
9113,924,347.34,9,0.1
9113,1000,105.61,2,0.15
9114,474,150.53,7,0.2
9114,367,191.1,7,0.0
9114,72,253.06,9,0.05
9115,108,443.8,6,0.15
9115,653,223.33,2,0.0
9116,191,51.52,5,0.15
9116,364,146.78,5,0.0
9117,867,496.52,7,0.2
9117,764,231.75,2,0.15
9118,883,273.87,6,0.2
9118,840,208.81,3,0.15
9118,241,432.77,6,0.15
9118,177,423.92,2,0.15
9118,940,329.61,10,0.1
9119,841,208.89,6,0.0
9119,403,49.04,3,0.05
9120,313,305.82,8,0.1
9120,460,21.51,3,0.0
9120,211,181.13,8,0.05
9120,71,377.76,9,0.0
9121,879,173.74,5,0.1
9121,371,230.17,2,0.15
9121,345,186.53,7,0.0
9121,413,429.22,3,0.05
9121,578,29.73,10,0.2
9122,899,250.34,4,0.0
9122,957,236.07,3,0.05
9123,468,19.45,4,0.1
9124,6,350.22,7,0.05
9124,804,148.29,10,0.15
9125,501,21.04,9,0.1
9126,603,475.58,2,0.05
9127,781,28.85,4,0.0
9128,330,102.95,7,0.0
9128,214,183.53,10,0.0
9128,567,264.2,1,0.05
9129,213,485.76,8,0.2
9129,451,210.72,5,0.05
9130,697,12.92,10,0.05
9130,646,121.19,8,0.0
9130,811,248.13,1,0.05
9130,95,188.61,9,0.0
9130,179,246.45,10,0.2
9131,241,135.82,8,0.15
9131,125,24.19,6,0.0
9131,636,21.13,5,0.05
9131,407,266.75,3,0.2
9131,817,215.58,2,0.1
9132,214,452.14,8,0.0
9133,252,303.27,8,0.2
9133,780,281.47,4,0.0
9133,790,448.5,3,0.05
9134,126,33.53,4,0.2
9135,547,460.53,3,0.2
9135,571,467.92,7,0.1
9135,935,347.06,4,0.1
9135,92,295.34,3,0.2
9136,701,415.07,4,0.15
9136,73,444.07,10,0.05
9137,495,413.84,9,0.2
9137,665,205.27,8,0.0
9137,343,321.88,10,0.1
9137,442,306.54,5,0.15
9137,599,438.86,3,0.05
9138,792,387.82,1,0.0
9138,861,253.78,5,0.05
9138,407,138.9,4,0.05
9138,970,252.27,1,0.1
9139,597,80.36,4,0.0
9139,2,367.75,3,0.2
9139,459,384.73,9,0.05
9139,703,164.17,3,0.0
9139,813,325.99,3,0.1
9140,250,41.46,2,0.15
9140,310,459.02,10,0.0
9140,197,297.58,8,0.2
9140,799,106.3,7,0.2
9141,907,203.62,9,0.05
9142,471,350.02,7,0.05
9142,853,172.84,10,0.15
9142,21,97.86,2,0.1
9142,18,304.1,7,0.0
9142,892,431.69,5,0.05
9143,66,328.63,7,0.15
9143,618,175.76,7,0.2
9143,296,114.61,4,0.05
9144,88,352.46,4,0.05
9144,610,127.55,9,0.05
9145,390,443.9,4,0.15
9145,395,453.55,3,0.2
9145,29,481.76,1,0.0
9146,359,224.11,6,0.05
9146,707,19.46,2,0.2
9146,51,214.24,4,0.05
9147,313,160.78,7,0.1
9148,290,484.16,7,0.2
9148,621,26.41,7,0.1
9148,616,91.35,8,0.05
9149,311,130.69,9,0.0
9150,92,145.99,6,0.1
9150,155,216.12,5,0.1
9150,68,420.7,6,0.15
9151,154,495.97,6,0.0
9151,50,481.27,9,0.0
9151,4,137.61,9,0.2
9151,569,185.88,3,0.2
9152,187,169.42,10,0.2
9152,219,265.14,3,0.05
9152,95,157.15,3,0.2
9153,608,273.01,7,0.15
9153,452,41.47,1,0.0
9153,216,429.88,8,0.2
9154,694,479.27,10,0.2
9154,743,419.49,5,0.2
9154,353,297.35,6,0.15
9155,751,41.4,10,0.1
9155,367,445.42,8,0.05
9155,416,62.61,8,0.2
9155,817,494.64,10,0.1
9155,896,485.46,1,0.05
9156,709,439.85,7,0.1
9156,410,146.31,9,0.2
9156,679,170.49,9,0.0
9156,797,168.02,4,0.1
9157,158,175.38,9,0.2
9157,385,101.56,7,0.2
9158,127,390.23,9,0.2
9158,950,498.89,1,0.0
9158,838,91.61,10,0.2
9158,360,493.8,1,0.15
9158,14,228.92,6,0.2
9159,934,35.8,8,0.05
9159,547,254.9,6,0.2
9160,453,467.18,6,0.2
9160,306,267.99,10,0.0
9160,145,172.84,4,0.0
9160,530,288.42,2,0.05
9161,85,271.53,8,0.2
9161,752,28.69,1,0.05
9161,871,249.9,4,0.15
9161,172,416.6,8,0.2
9162,351,277.76,10,0.1
9162,705,450.66,2,0.1
9163,474,174.82,9,0.1
9163,158,294.97,2,0.2
9164,138,259.76,3,0.2
9164,845,337.32,6,0.0
9165,975,462.29,10,0.1
9165,492,35.26,1,0.15
9166,862,236.98,1,0.05
9166,796,313.04,10,0.15
9166,536,360.27,8,0.15
9166,243,469.31,8,0.0
9167,150,234.02,10,0.05
9167,199,458.39,1,0.05
9168,478,461.41,6,0.0
9169,821,37.74,7,0.15
9169,740,29.89,10,0.0
9169,488,476.7,10,0.2
9170,472,281.52,2,0.05
9171,409,22.33,5,0.2
9172,128,398.43,10,0.05
9173,866,122.93,10,0.2
9173,345,424.82,6,0.15
9173,54,277.79,4,0.1
9173,38,110.82,8,0.0
9174,213,164.45,2,0.05
9175,362,416.18,5,0.15
9175,888,278.51,7,0.05
9175,721,12.18,7,0.2
9175,622,256.74,4,0.15
9175,151,422.04,6,0.15
9176,834,472.86,1,0.15
9177,174,68.91,3,0.05
9177,780,175.68,8,0.05
9177,306,175.92,6,0.15
9177,857,401.89,5,0.1
9177,508,381.07,4,0.15
9178,662,42.66,4,0.0
9178,914,37.5,6,0.1
9178,195,221.29,5,0.2
9178,952,296.59,8,0.15
9179,304,314.57,2,0.15
9179,677,240.83,6,0.2
9179,664,78.27,2,0.15
9180,971,215.38,8,0.0
9180,548,410.86,7,0.0
9180,966,51.39,7,0.2
9181,985,133.4,5,0.05
9182,597,425.59,7,0.2
9182,658,39.57,5,0.15
9182,924,122.43,5,0.0
9182,295,169.48,1,0.1
9183,673,220.87,8,0.15
9183,541,90.92,4,0.2
9184,733,483.88,2,0.1
9184,840,223.13,10,0.15
9185,356,389.09,4,0.2
9185,80,17.78,9,0.15
9185,145,298.42,5,0.05
9185,863,328.57,4,0.15
9185,413,133.32,3,0.1
9186,177,395.83,5,0.0
9186,840,334.96,1,0.05
9186,779,490.77,6,0.05
9187,273,149.46,8,0.15
9187,883,255.33,4,0.05
9188,96,28.87,8,0.05
9188,401,265.55,7,0.15
9188,407,103.81,8,0.2
9189,939,276.79,7,0.15
9189,890,61.78,8,0.0
9189,420,363.89,3,0.0
9189,734,307.37,3,0.05
9189,722,388.45,3,0.15
9190,855,89.21,7,0.15
9190,485,82.67,3,0.05
9190,940,426.03,10,0.0
9190,178,235.92,7,0.2
9191,569,408.45,2,0.2
9192,331,228.36,5,0.15
9192,894,198.72,10,0.15
9192,483,59.38,10,0.0
9193,427,308.02,2,0.0
9194,662,494.07,10,0.05
9194,551,151.93,6,0.0
9194,247,461.79,5,0.2
9194,742,207.07,8,0.0
9194,964,265.83,4,0.15
9195,404,404.47,3,0.05
9196,460,323.46,1,0.05
9196,891,207.88,7,0.15
9197,360,98.41,6,0.0
9197,220,361.39,5,0.15
9197,781,21.63,2,0.1
9197,305,404.18,2,0.15
9197,227,223.61,8,0.05
9198,936,326.64,6,0.2
9198,582,412.07,1,0.2
9198,676,262.23,4,0.15
9198,550,215.96,5,0.0
9198,896,423.9,6,0.0
9199,736,202.07,4,0.2
9199,960,481.09,6,0.15
9199,400,190.4,8,0.0
9199,375,483.85,6,0.05
9200,318,409.74,10,0.0
9200,72,325.97,1,0.2
9201,644,168.5,4,0.2
9202,291,30.65,5,0.1
9203,108,65.65,8,0.15
9203,892,473.94,4,0.1
9203,568,38.23,4,0.15
9204,50,394.73,6,0.2
9205,707,416.72,3,0.05
9205,521,444.07,4,0.15
9205,697,305.72,1,0.15
9205,661,108.2,1,0.15
9206,600,253.75,10,0.0
9206,420,442.71,7,0.1
9206,640,127.31,9,0.1
9206,951,86.02,3,0.05
9207,821,207.89,4,0.2
9207,437,498.83,9,0.2
9207,238,226.76,6,0.05
9207,601,244.24,9,0.05
9207,128,231.71,4,0.1
9208,846,410.13,7,0.15
9208,530,496.33,10,0.0
9208,994,148.92,3,0.1
9209,316,331.3,6,0.1
9209,146,341.68,10,0.05
9209,333,398.07,9,0.1
9210,205,340.82,8,0.15
9210,872,168.09,8,0.1
9211,146,139.21,6,0.2
9211,264,349.41,9,0.05
9211,30,296.88,7,0.15
9211,568,34.23,6,0.05
9211,234,226.09,9,0.05
9212,105,18.08,8,0.0
9212,924,218.25,8,0.2
9212,335,391.97,6,0.1
9212,584,248.55,3,0.2
9212,366,30.86,8,0.2
9213,366,368.1,5,0.05
9213,666,482.37,10,0.1
9213,529,454.8,5,0.2
9213,938,212.39,8,0.05
9213,984,194.19,7,0.0
9214,646,403.38,9,0.0
9214,104,173.17,9,0.05
9214,849,119.24,1,0.1
9214,181,91.51,9,0.1
9214,199,351.83,4,0.2
9215,517,43.46,1,0.05
9215,197,424.6,6,0.2
9215,349,105.88,6,0.15
9215,125,126.15,9,0.1
9216,553,342.83,10,0.05
9216,994,404.96,6,0.15
9216,359,330.95,3,0.2
9216,247,76.0,8,0.2
9217,204,459.28,9,0.0
9217,986,449.91,4,0.0
9218,249,11.35,3,0.1
9218,320,312.14,4,0.2
9218,135,232.6,7,0.2
9219,931,333.48,9,0.1
9219,687,309.11,1,0.0
9219,911,194.15,1,0.05
9220,750,308.62,7,0.2
9220,190,283.81,4,0.0
9221,332,220.06,6,0.05
9221,390,417.96,3,0.1
9221,714,60.16,7,0.1
9222,743,409.34,6,0.05
9222,874,327.59,2,0.2
9222,919,458.7,9,0.1
9222,844,340.57,1,0.1
9223,726,357.69,6,0.0
9223,1000,186.5,6,0.15
9223,742,198.08,9,0.2
9223,463,164.42,3,0.1
9224,788,96.89,2,0.15
9224,48,245.9,9,0.0
9225,909,231.87,8,0.2
9225,461,328.09,10,0.0
9225,421,51.64,4,0.2
9226,762,121.27,10,0.0
9226,287,57.13,4,0.1
9226,60,311.04,3,0.05
9227,342,376.74,2,0.2
9227,614,282.72,8,0.05
9227,57,71.73,6,0.05
9228,230,118.23,8,0.2
9229,251,471.11,7,0.15
9229,176,379.53,3,0.15
9229,522,410.45,9,0.0
9229,689,63.65,9,0.05
9229,582,330.21,10,0.05
9230,564,440.56,4,0.05
9230,763,171.52,8,0.1
9231,315,215.1,4,0.1
9231,344,272.28,6,0.1
9231,645,48.1,4,0.05
9232,474,232.53,10,0.15
9232,567,427.42,7,0.0
9232,563,71.01,1,0.0
9232,861,406.09,5,0.1
9233,118,160.26,9,0.15
9233,897,270.25,1,0.15
9233,50,118.75,7,0.15
9234,748,496.2,5,0.2
9235,56,232.53,10,0.05
9235,400,419.93,2,0.05
9235,324,444.01,2,0.0
9235,595,173.58,8,0.0
9235,235,221.11,10,0.2
9236,231,52.56,9,0.1
9236,578,444.33,7,0.2
9236,908,223.24,8,0.1
9237,670,494.02,9,0.15
9237,290,368.09,2,0.2
9237,460,250.8,5,0.0
9237,996,323.7,6,0.15
9237,903,13.34,3,0.05
9238,344,85.28,8,0.0
9238,569,409.27,1,0.1
9238,354,459.91,8,0.15
9239,860,275.5,1,0.0
9240,680,454.82,4,0.1
9240,383,452.78,2,0.05
9240,128,106.5,2,0.1
9241,693,418.31,4,0.15
9242,496,400.03,8,0.1
9242,681,478.47,7,0.15
9242,701,483.54,9,0.2
9242,857,212.93,1,0.0
9243,200,391.2,1,0.15
9244,917,406.84,8,0.15
9244,236,458.29,3,0.05
9244,78,483.04,9,0.0
9244,829,155.55,5,0.05
9245,864,196.83,1,0.15
9245,907,93.96,10,0.2
9245,122,393.16,6,0.1
9246,781,171.0,6,0.15
9246,293,269.52,4,0.1
9247,185,435.79,10,0.05
9247,664,136.61,9,0.1
9247,147,322.83,4,0.05
9247,458,105.26,3,0.1
9247,489,470.16,9,0.2
9248,814,12.29,2,0.2
9249,591,468.34,9,0.15
9250,692,317.72,5,0.15
9250,676,103.64,4,0.05
9250,666,497.67,3,0.0
9250,86,337.93,4,0.05
9251,625,61.5,4,0.1
9251,383,362.27,6,0.1
9251,676,478.18,6,0.0
9251,232,62.41,6,0.05
9251,288,37.68,8,0.05
9252,31,95.44,10,0.0
9253,688,225.94,4,0.15
9254,336,382.2,5,0.15
9254,383,384.39,3,0.0
9254,378,382.69,4,0.15
9254,37,305.1,10,0.1
9255,734,262.98,3,0.2
9255,356,296.34,10,0.0
9255,252,363.18,3,0.0
9255,856,73.83,1,0.05
9256,235,94.33,7,0.1
9257,82,365.51,7,0.15
9258,527,389.55,8,0.2
9258,633,326.8,4,0.0
9259,96,470.98,6,0.0
9259,816,239.51,7,0.0
9259,822,396.11,4,0.0
9259,694,269.78,9,0.1
9259,367,20.04,1,0.0
9260,437,93.4,1,0.2
9260,955,313.66,1,0.15
9260,740,87.33,8,0.2
9260,590,461.69,10,0.0
9261,826,436.2,10,0.1
9261,372,211.22,1,0.2
9261,896,445.75,7,0.1
9261,146,223.61,7,0.05
9261,350,427.73,4,0.1
9262,244,139.62,10,0.2
9263,973,185.16,10,0.1
9263,344,495.24,6,0.05
9264,853,220.59,8,0.05
9264,632,73.79,4,0.1
9264,816,25.2,9,0.15
9264,160,298.66,6,0.15
9264,94,103.24,4,0.15
9265,620,117.98,5,0.15
9265,584,198.36,10,0.15
9265,333,252.02,2,0.05
9266,86,385.68,10,0.15
9266,469,175.16,1,0.05
9266,233,167.62,9,0.15
9266,417,377.84,3,0.2
9267,143,294.98,4,0.0
9268,203,343.02,4,0.0
9268,89,440.43,2,0.05
9268,84,388.27,6,0.1
9269,37,67.07,10,0.05
9270,334,390.02,7,0.15
9270,846,329.41,5,0.0
9271,490,305.67,9,0.2
9271,917,421.12,7,0.1
9271,808,322.2,1,0.15
9271,272,264.43,6,0.2
9271,156,14.55,7,0.2
9272,777,156.89,10,0.1
9272,982,305.19,8,0.2
9272,274,183.78,3,0.05
9272,243,83.6,5,0.15
9272,934,495.29,2,0.1
9273,129,229.01,3,0.0
9273,647,277.52,1,0.15
9273,845,327.53,5,0.2
9273,853,400.87,6,0.1
9274,560,17.19,7,0.15
9274,81,52.28,9,0.0
9275,283,436.52,1,0.2
9275,126,351.3,7,0.05
9275,228,434.21,6,0.2
9275,189,480.73,8,0.2
9276,853,79.89,6,0.2
9276,76,52.89,7,0.0
9277,856,288.48,9,0.2
9277,904,336.14,10,0.0
9278,659,175.59,3,0.1
9278,170,364.29,8,0.1
9278,104,64.99,3,0.05
9279,84,316.27,2,0.2
9279,322,52.76,9,0.15
9279,201,268.06,6,0.2
9279,814,74.87,8,0.05
9279,274,173.97,7,0.05
9280,178,64.8,1,0.05
9280,398,239.71,1,0.05
9281,708,444.25,5,0.05
9282,782,37.76,2,0.0
9282,724,31.73,10,0.0
9282,113,388.22,6,0.05
9283,50,376.42,9,0.15
9283,823,340.98,2,0.15
9283,985,72.87,10,0.05
9283,676,454.29,9,0.2
9284,142,330.05,9,0.05
9284,135,381.65,5,0.15
9285,177,93.14,8,0.0
9286,210,249.42,8,0.1
9286,75,355.51,7,0.05
9286,950,262.23,8,0.2
9286,638,434.83,8,0.1
9287,410,203.47,8,0.05
9287,226,392.65,6,0.1
9287,719,455.09,3,0.1
9287,466,24.98,9,0.2
9288,370,315.5,10,0.0
9289,978,282.96,6,0.15
9290,795,171.54,6,0.1
9290,529,400.31,6,0.0
9290,391,376.59,4,0.1
9290,942,341.3,10,0.05
9290,116,438.44,1,0.15
9291,425,349.78,10,0.2
9291,499,441.44,9,0.1
9291,609,75.12,8,0.1
9291,533,376.71,9,0.1
9292,795,106.59,5,0.2
9292,403,203.41,3,0.05
9292,650,235.49,8,0.15
9292,131,431.03,9,0.15
9293,360,243.81,9,0.0
9294,594,46.83,5,0.05
9295,147,215.73,4,0.0
9295,599,85.16,9,0.2
9295,429,168.69,9,0.05
9296,759,331.71,5,0.05
9297,847,15.53,10,0.0
9298,552,400.06,8,0.05
9298,457,273.37,1,0.2
9298,689,494.93,6,0.15
9298,690,468.64,2,0.0
9298,390,58.7,1,0.05
9299,255,138.4,5,0.15
9299,914,210.71,8,0.05
9299,64,304.23,2,0.15
9300,497,363.69,1,0.2
9300,636,251.44,3,0.05
9300,813,129.94,6,0.0
9301,583,105.09,10,0.05
9301,123,329.7,1,0.05
9302,593,357.35,10,0.0
9302,165,155.62,7,0.15
9303,936,477.33,1,0.15
9303,220,20.97,10,0.15
9304,91,295.54,5,0.2
9304,371,26.48,9,0.15
9305,109,195.43,10,0.05
9305,669,407.97,9,0.15
9305,989,177.35,7,0.0
9305,631,135.82,9,0.15
9305,330,293.22,2,0.05
9306,53,273.96,9,0.05
9306,439,65.0,4,0.1
9306,338,480.72,2,0.15
9306,962,61.67,7,0.1
9306,716,249.77,6,0.2
9307,713,347.04,10,0.05
9307,562,309.91,5,0.15
9307,175,279.71,6,0.0
9308,418,467.98,4,0.2
9309,208,403.62,7,0.0
9309,994,167.75,1,0.15
9310,448,449.84,8,0.0
9310,434,211.87,6,0.15
9311,387,222.41,6,0.15
9311,896,461.53,2,0.15
9312,472,400.71,6,0.2
9312,803,20.75,9,0.05
9312,289,416.68,1,0.05
9313,33,50.4,10,0.05
9314,743,33.31,7,0.15
9314,477,290.45,2,0.2
9315,375,248.52,7,0.1
9316,968,323.37,2,0.05
9316,680,223.39,3,0.1
9317,582,155.87,6,0.15
9317,912,483.42,9,0.1
9318,40,207.16,6,0.2
9319,79,132.68,4,0.1
9319,345,284.28,2,0.1
9319,850,460.69,10,0.0
9319,519,343.23,9,0.05
9320,211,400.34,8,0.1
9320,942,348.25,9,0.0
9320,447,31.51,7,0.15
9321,171,252.87,3,0.0
9321,500,15.16,1,0.15
9322,251,393.22,2,0.0
9322,721,177.5,10,0.0
9322,130,432.81,2,0.15
9323,409,438.24,6,0.1
9324,122,97.6,6,0.0
9324,97,229.53,9,0.1
9324,728,51.53,8,0.1
9325,674,101.67,3,0.15
9326,230,291.54,3,0.05
9326,681,468.47,10,0.05
9326,107,286.02,3,0.0
9326,125,294.52,4,0.05
9326,399,425.47,1,0.0
9327,169,62.71,2,0.2
9327,702,457.57,9,0.1
9327,778,152.99,3,0.15
9327,682,10.51,1,0.2
9328,333,133.95,7,0.05
9328,351,438.81,10,0.0
9328,465,384.19,5,0.05
9329,116,218.56,3,0.0
9329,689,234.0,9,0.1
9330,820,172.79,3,0.0
9330,462,201.89,2,0.05
9331,861,381.29,3,0.15
9331,124,62.96,4,0.2
9331,933,232.41,5,0.1
9332,167,67.76,5,0.1
9333,110,190.48,8,0.1
9333,93,310.54,9,0.15
9334,978,61.58,3,0.15
9334,290,44.5,6,0.1
9334,204,37.26,3,0.1
9334,627,145.49,1,0.2
9335,309,180.82,3,0.2
9335,918,56.27,10,0.1
9336,655,94.24,4,0.15
9336,484,391.31,3,0.15
9336,48,143.71,3,0.1
9336,622,285.51,4,0.2
9336,349,214.04,6,0.0
9337,595,269.8,4,0.1
9337,591,171.56,1,0.2
9338,933,211.9,6,0.05
9338,829,267.41,9,0.05
9338,270,345.25,5,0.05
9338,464,87.59,5,0.15
9339,93,120.97,4,0.2
9339,941,117.6,6,0.0
9339,69,209.55,10,0.15
9339,319,340.7,5,0.1
9340,435,337.93,8,0.0
9340,853,229.8,10,0.0
9340,574,311.11,6,0.1
9341,628,387.8,1,0.15
9341,983,54.84,10,0.15
9342,210,224.75,1,0.2
9342,186,66.24,8,0.15
9342,66,327.49,9,0.15
9343,618,348.81,7,0.1
9343,854,367.99,6,0.2
9343,980,334.61,10,0.1
9344,146,192.79,6,0.15
9344,77,38.77,5,0.0
9344,690,292.1,10,0.05
9344,320,204.27,4,0.15
9344,507,312.29,1,0.05
9345,820,163.23,6,0.05
9345,816,182.12,7,0.0
9345,529,80.54,10,0.1
9346,29,307.58,6,0.1
9346,91,460.49,9,0.2
9346,463,285.39,5,0.05
9347,46,43.54,6,0.05
9347,175,258.24,4,0.1
9347,295,310.43,4,0.05
9347,887,39.03,4,0.15
9348,121,495.83,8,0.0
9348,511,132.82,8,0.15
9348,180,279.55,10,0.15
9349,191,352.0,1,0.0
9350,574,101.07,9,0.15
9350,112,35.56,8,0.2
9350,797,355.28,4,0.05
9351,712,17.75,3,0.1
9352,438,393.71,4,0.15
9352,651,130.22,3,0.15
9353,937,499.24,5,0.15
9354,767,301.81,4,0.15
9354,801,60.16,3,0.0
9354,11,278.24,6,0.05
9354,391,274.55,2,0.05
9355,226,374.73,9,0.0
9355,125,385.22,2,0.2
9355,28,390.97,5,0.2
9355,425,491.94,7,0.05
9356,493,253.61,1,0.0
9356,43,319.79,2,0.0
9356,683,23.53,6,0.2
9356,173,24.8,10,0.2
9357,399,90.07,7,0.1
9357,761,213.67,9,0.0
9358,921,185.41,4,0.2
9358,149,275.73,6,0.05
9358,558,222.95,2,0.15
9359,327,242.67,9,0.05
9359,216,188.58,2,0.1
9359,847,321.67,9,0.0
9359,279,398.94,5,0.15
9360,527,275.02,1,0.05
9361,35,61.81,3,0.15
9362,507,164.04,1,0.2
9362,36,406.05,6,0.15
9362,677,234.2,7,0.05
9363,382,134.29,7,0.1
9364,622,453.17,7,0.0
9364,781,277.08,8,0.1
9364,998,128.52,7,0.15
9364,478,469.8,6,0.0
9365,782,255.59,6,0.0
9365,791,277.54,2,0.2
9366,836,42.96,3,0.1
9366,246,129.66,4,0.0
9366,527,411.73,5,0.0
9367,44,304.4,6,0.15
9368,164,375.69,2,0.2
9368,737,306.07,7,0.1
9368,595,350.45,1,0.1
9368,872,266.84,3,0.15
9368,274,349.77,2,0.1
9369,48,299.21,7,0.2
9369,780,358.42,2,0.0
9369,195,210.52,3,0.0
9370,935,437.8,5,0.2
9370,933,85.64,3,0.0
9370,465,231.18,6,0.1
9370,261,202.53,3,0.0
9370,38,74.28,3,0.2
9371,591,191.37,2,0.05
9371,290,319.82,10,0.2
9371,857,406.94,5,0.2
9372,774,245.79,1,0.15
9372,906,42.09,8,0.05
9372,954,401.88,3,0.0
9373,414,495.56,4,0.2
9373,739,299.2,8,0.15
9373,31,175.73,9,0.1
9374,472,43.18,1,0.1
9374,411,87.75,1,0.15
9374,165,272.72,1,0.15
9375,840,409.57,4,0.1
9375,432,120.24,8,0.0
9375,106,351.03,1,0.05
9375,200,377.02,4,0.1
9375,564,224.7,1,0.1
9376,740,34.63,3,0.05
9376,139,395.06,9,0.0
9376,681,327.76,10,0.05
9376,586,228.27,10,0.2
9377,119,91.49,3,0.0
9377,572,429.57,9,0.0
9377,503,430.47,5,0.1
9377,403,31.98,10,0.05
9377,256,445.02,7,0.2
9378,559,246.5,3,0.0
9378,178,134.95,9,0.1
9378,806,200.08,5,0.15
9379,462,242.98,5,0.05
9379,803,182.2,7,0.05
9380,53,72.16,4,0.0
9380,507,75.86,6,0.15
9381,884,56.6,5,0.15
9381,962,447.62,10,0.1
9381,798,201.49,5,0.05
9381,400,490.86,7,0.15
9381,395,325.91,1,0.1
9382,193,288.42,1,0.05
9382,762,118.02,1,0.0
9383,546,272.73,4,0.2
9383,997,208.23,2,0.1
9383,609,248.03,5,0.05
9383,805,373.06,3,0.2
9383,799,268.83,2,0.2
9384,898,479.95,3,0.2
9384,409,257.24,3,0.0
9384,842,64.54,8,0.05
9385,676,238.03,2,0.15
9385,550,150.16,9,0.2
9386,563,419.76,4,0.15
9386,696,121.36,3,0.0
9386,622,405.94,6,0.05
9386,545,492.7,4,0.2
9387,324,147.84,3,0.15
9387,769,448.2,7,0.1
9387,681,343.7,7,0.0
9387,931,252.03,2,0.15
9388,893,122.62,5,0.15
9388,533,286.04,5,0.0
9388,87,313.99,9,0.1
9388,648,190.22,4,0.2
9388,78,290.55,2,0.15
9389,962,318.89,1,0.2
9389,653,173.71,2,0.1
9389,58,283.9,9,0.0
9390,603,113.91,5,0.05
9391,609,374.09,8,0.0
9391,245,124.4,5,0.1
9391,544,128.48,2,0.1
9392,218,182.75,6,0.2
9392,664,138.35,7,0.1
9392,855,166.12,6,0.05
9392,419,354.72,3,0.0
9392,511,433.1,4,0.05
9393,686,490.37,1,0.05
9393,850,15.48,2,0.1
9393,494,174.66,9,0.05
9393,769,381.2,2,0.2
9393,640,429.41,7,0.1
9394,231,373.64,9,0.05
9394,128,331.0,4,0.0
9394,189,484.19,10,0.0
9394,66,326.83,10,0.05
9395,322,322.67,10,0.0
9395,991,300.52,2,0.2
9395,120,450.39,1,0.0
9395,144,336.63,10,0.0
9395,948,130.03,3,0.1
9396,76,60.68,10,0.0
9396,821,349.65,8,0.05
9397,744,330.58,2,0.2
9397,14,185.24,4,0.05
9397,245,188.16,1,0.1
9397,709,128.45,1,0.05
9398,414,167.0,6,0.0
9398,345,383.04,3,0.1
9398,525,124.24,7,0.0
9399,105,130.1,5,0.0
9399,841,285.5,1,0.0
9399,35,154.95,6,0.0
9400,967,454.52,7,0.1
9400,397,301.54,8,0.2
9401,312,498.4,8,0.15
9401,914,425.14,1,0.2
9401,693,389.81,6,0.2
9402,293,271.09,8,0.2
9402,382,340.99,2,0.1
9402,161,266.12,2,0.05
9403,804,56.0,8,0.2
9403,963,59.51,3,0.2
9403,982,49.27,7,0.2
9404,502,199.82,8,0.0
9404,717,46.09,1,0.15
9404,113,311.43,6,0.0
9405,183,60.81,1,0.1
9405,785,427.66,10,0.2
9405,886,223.56,3,0.15
9405,934,406.87,8,0.15
9405,658,293.51,5,0.05
9406,905,244.37,3,0.05
9407,206,366.16,6,0.05
9408,713,394.11,9,0.15
9408,9,306.81,7,0.05
9408,191,333.74,8,0.05
9408,931,380.37,7,0.05
9409,189,486.36,2,0.15
9409,801,268.91,3,0.1
9410,598,226.02,4,0.05
9411,572,412.41,5,0.0
9411,802,296.92,4,0.2
9412,147,188.15,1,0.05
9412,807,122.56,7,0.1
9412,250,445.84,7,0.1
9413,554,437.26,2,0.15
9414,213,463.14,3,0.15
9414,6,30.03,9,0.15
9415,611,15.07,8,0.05
9415,84,305.62,3,0.1
9415,45,393.56,10,0.2
9415,797,295.45,1,0.15
9415,700,108.54,10,0.15
9416,464,96.95,4,0.05
9416,230,323.67,2,0.0
9416,613,92.07,9,0.05
9416,883,127.89,2,0.15
9417,235,249.03,10,0.2
9417,46,431.23,2,0.0
9417,89,209.46,2,0.15
9418,349,281.18,10,0.2
9418,857,240.58,2,0.15
9418,854,148.94,10,0.05
9419,233,178.65,4,0.0
9419,25,310.55,3,0.15
9419,351,37.61,3,0.0
9419,959,280.98,3,0.2
9420,373,184.01,10,0.0
9420,670,27.63,2,0.15
9420,477,231.78,1,0.15
9420,883,110.31,6,0.15
9420,527,320.51,3,0.05
9421,99,380.3,8,0.2
9421,799,140.21,1,0.0
9421,171,481.41,9,0.2
9421,990,351.1,8,0.05
9421,481,346.18,8,0.1
9422,365,198.31,7,0.05
9422,390,285.24,4,0.1
9422,83,454.35,9,0.15
9422,226,202.35,3,0.0
9422,398,286.97,9,0.05
9423,86,341.33,3,0.0
9424,862,298.7,1,0.0
9424,518,75.44,7,0.0
9424,962,82.0,4,0.05
9424,345,400.16,9,0.1
9425,359,296.83,10,0.0
9426,511,300.72,3,0.15
9426,910,465.72,1,0.15
9426,29,145.63,9,0.05
9427,691,306.69,2,0.05
9427,505,192.41,9,0.05
9428,756,469.07,9,0.05
9428,976,88.82,5,0.0
9428,88,46.41,7,0.2
9428,710,217.14,10,0.2
9429,27,427.25,2,0.15
9429,579,259.84,1,0.1
9429,317,20.96,1,0.2
9429,883,92.25,3,0.15
9429,614,479.32,3,0.2
9430,994,443.03,5,0.1
9430,447,447.13,4,0.0
9430,256,14.54,5,0.15
9430,867,32.43,2,0.2
9431,710,196.42,5,0.1
9431,943,475.75,4,0.1
9431,109,279.21,5,0.05
9432,442,38.44,9,0.1
9432,451,492.17,6,0.0
9432,758,144.58,8,0.05
9433,71,204.31,10,0.2
9433,674,51.22,1,0.1
9433,130,240.15,5,0.2
9433,336,409.43,4,0.0
9434,916,398.87,8,0.0
9434,132,59.9,9,0.2
9434,309,58.62,6,0.1
9434,713,116.58,2,0.2
9434,426,427.3,2,0.05
9435,298,448.34,10,0.1
9435,115,210.18,6,0.15
9435,356,219.49,2,0.05
9435,45,32.71,4,0.1
9436,221,290.18,3,0.15
9436,297,393.3,10,0.15
9436,165,57.43,6,0.05
9436,147,172.9,6,0.2
9436,897,225.82,9,0.0
9437,442,477.56,8,0.15
9437,131,238.69,3,0.15
9438,47,135.92,4,0.05
9438,984,66.99,10,0.1
9438,687,375.73,3,0.05
9438,346,407.71,4,0.15
9438,962,320.05,7,0.2
9439,351,10.64,4,0.0
9440,279,79.18,5,0.15
9440,757,156.13,4,0.2
9440,97,171.52,5,0.15
9441,196,385.3,7,0.0
9441,742,112.24,9,0.0
9441,148,263.66,1,0.15
9441,87,116.24,7,0.1
9442,87,475.61,4,0.05
9443,471,140.27,10,0.15
9443,933,323.52,1,0.0
9444,979,486.14,2,0.2
9444,537,271.57,10,0.15
9444,191,310.0,2,0.1
9445,889,251.7,6,0.15
9445,946,142.06,1,0.0
9446,160,120.7,4,0.0
9446,440,22.73,2,0.2
9447,605,452.55,9,0.2
9447,759,30.92,3,0.2
9448,708,29.27,6,0.1
9448,881,21.87,6,0.15
9448,852,310.6,9,0.15
9448,133,410.08,6,0.2
9448,38,321.52,5,0.15
9449,427,115.5,3,0.0
9449,75,223.09,9,0.05
9450,15,196.12,2,0.15
9450,982,127.67,1,0.0
9450,692,88.22,2,0.05
9450,576,150.53,7,0.05
9450,84,368.93,4,0.2
9451,295,221.74,3,0.0
9451,226,134.42,1,0.05
9451,444,206.47,9,0.0
9452,254,26.02,8,0.15
9452,847,362.59,6,0.0
9453,901,284.62,3,0.05
9454,935,350.33,6,0.0
9454,855,242.89,9,0.0
9455,268,485.32,4,0.0
9456,809,84.1,9,0.2
9456,705,64.1,9,0.05
9457,982,181.76,3,0.15
9457,292,83.43,5,0.2
9457,724,202.35,10,0.2
9457,130,357.5,8,0.15
9458,323,194.53,2,0.0
9459,901,446.42,9,0.0
9460,321,240.56,3,0.0
9460,440,172.28,5,0.0
9461,916,425.37,3,0.15
9461,232,429.93,7,0.0
9461,724,231.02,4,0.2
9461,548,417.6,10,0.15
9461,241,249.7,8,0.15
9462,959,141.49,3,0.1
9463,159,402.88,8,0.2
9463,784,44.7,10,0.2
9463,271,437.03,4,0.1
9463,876,392.12,3,0.1
9464,677,14.7,9,0.05
9464,250,166.39,3,0.05
9464,503,270.67,2,0.2
9464,828,201.9,3,0.15
9465,670,219.53,4,0.2
9465,233,392.06,8,0.15
9466,241,89.38,4,0.1
9466,248,97.23,6,0.05
9466,671,273.57,7,0.15
9466,395,372.21,7,0.1
9467,748,86.25,6,0.15
9467,346,110.35,3,0.1
9467,949,19.95,8,0.2
9467,224,477.39,4,0.15
9468,191,401.74,9,0.2
9468,783,447.75,9,0.2
9468,866,454.84,6,0.1
9469,898,186.31,10,0.05
9470,406,361.95,4,0.05
9471,62,410.3,10,0.0
9471,397,24.13,3,0.2
9471,664,396.86,6,0.15
9471,956,312.29,9,0.15
9472,736,83.3,2,0.15
9472,917,82.8,9,0.05
9473,31,272.24,1,0.05
9473,801,189.55,10,0.2
9474,458,94.18,10,0.05
9474,90,124.04,7,0.1
9474,271,199.53,7,0.0
9474,796,148.73,6,0.2
9474,884,302.08,6,0.05
9475,559,363.75,4,0.1
9475,275,228.96,9,0.2
9476,466,65.16,5,0.0
9476,791,186.36,8,0.0
9476,764,328.11,5,0.0
9477,313,121.77,5,0.1
9477,360,327.0,4,0.1
9478,431,233.91,3,0.15
9478,725,399.1,3,0.1
9478,378,383.32,3,0.15
9478,836,395.02,9,0.1
9479,872,407.89,7,0.0
9479,398,259.47,1,0.2
9479,828,167.9,9,0.2
9479,152,34.2,5,0.1
9479,677,455.62,9,0.2
9480,204,422.71,8,0.15
9480,282,151.24,5,0.05
9480,83,73.63,1,0.15
9480,613,209.55,9,0.05
9480,405,132.54,5,0.2
9481,923,396.45,5,0.2
9481,522,451.36,6,0.1
9481,498,376.71,6,0.0
9481,924,205.31,8,0.2
9481,480,399.3,5,0.1
9482,857,342.53,5,0.1
9482,945,403.1,10,0.05
9482,274,138.54,6,0.2
9482,859,377.6,2,0.0
9483,86,121.66,5,0.05
9483,983,123.72,7,0.15
9483,353,242.71,2,0.05
9483,679,280.01,9,0.0
9484,702,494.93,10,0.0
9485,819,399.29,9,0.1
9486,898,287.43,7,0.1
9486,139,100.66,3,0.1
9486,310,197.93,3,0.2
9486,111,188.92,4,0.0
9486,509,348.67,4,0.0
9487,88,124.77,8,0.0
9487,981,255.46,3,0.1
9487,823,341.65,5,0.15
9488,160,275.5,7,0.0
9488,170,469.77,9,0.2
9488,239,88.77,1,0.15
9488,42,54.71,4,0.05
9489,770,236.38,3,0.05
9489,834,424.32,6,0.15
9489,348,294.01,6,0.2
9489,615,112.37,5,0.2
9489,701,52.51,8,0.0
9490,486,366.54,1,0.2
9490,367,117.45,1,0.05
9490,664,158.91,1,0.0
9490,480,52.69,8,0.0
9491,327,378.89,3,0.05
9491,990,195.95,1,0.15
9492,526,473.16,7,0.0
9492,422,460.28,8,0.1
9493,864,225.74,8,0.0
9493,42,131.42,1,0.0
9493,786,354.23,2,0.0
9493,834,51.13,3,0.15
9494,446,259.62,8,0.05
9494,785,295.2,4,0.2
9494,110,330.27,4,0.1
9494,208,281.07,7,0.1
9495,552,396.82,3,0.2
9495,723,140.19,6,0.1
9495,68,26.18,6,0.15
9496,382,422.69,4,0.0
9496,876,347.22,8,0.2
9497,228,47.7,8,0.05
9497,574,334.47,3,0.2
9497,302,144.22,7,0.1
9497,75,378.28,2,0.15
9498,868,122.93,4,0.2
9499,221,388.35,6,0.2
9499,905,76.7,6,0.2
9499,58,80.37,9,0.05
9499,942,397.47,2,0.05
9500,534,220.37,2,0.2
9500,67,90.82,4,0.05
9501,582,331.96,10,0.1
9501,264,488.06,1,0.0
9502,568,266.44,2,0.1
9502,668,361.9,8,0.1
9502,339,26.79,5,0.0
9502,112,63.12,1,0.1
9503,510,264.96,2,0.05
9504,617,107.05,7,0.15
9504,173,277.97,8,0.05
9504,141,295.04,7,0.05
9504,741,379.19,8,0.2
9505,966,331.74,9,0.2
9505,560,72.52,4,0.2
9505,59,427.16,1,0.1
9505,563,81.43,4,0.2
9506,164,88.7,6,0.15
9506,923,105.44,5,0.15
9506,302,467.22,3,0.15
9506,75,214.96,9,0.1
9506,760,364.3,8,0.0
9507,747,235.55,2,0.15
9507,505,45.79,5,0.0
9507,685,129.47,3,0.15
9507,993,12.55,1,0.2
9507,199,436.89,8,0.2
9508,878,444.33,3,0.1
9509,699,469.94,10,0.15
9510,430,100.96,4,0.1
9511,347,12.52,3,0.2
9511,319,55.19,7,0.15
9511,547,90.77,1,0.2
9511,21,282.4,1,0.0
9512,26,98.4,9,0.2
9512,491,228.72,9,0.2
9512,962,366.98,6,0.05
9512,137,365.1,1,0.2
9513,833,320.74,5,0.2
9513,109,491.46,1,0.0
9513,768,364.31,9,0.15
9513,119,389.67,1,0.2
9513,924,66.17,7,0.15
9514,75,66.98,3,0.2
9514,906,350.26,4,0.0
9514,911,17.42,4,0.0
9514,558,290.87,10,0.2
9515,15,431.0,4,0.1
9516,320,40.7,8,0.15
9516,118,10.48,4,0.05
9516,188,465.65,2,0.2
9516,220,99.67,8,0.05
9517,73,29.83,2,0.15
9517,254,105.08,1,0.2
9517,1000,276.22,1,0.2
9517,113,217.2,1,0.2
9517,747,317.33,7,0.1
9518,576,280.53,7,0.2
9518,824,105.12,5,0.0
9518,773,224.95,9,0.1
9519,430,271.55,4,0.0
9519,685,474.83,3,0.2
9519,111,108.49,10,0.2
9519,713,75.07,4,0.0
9519,727,102.58,10,0.2
9520,700,437.79,2,0.05
9520,6,121.93,2,0.15
9520,960,203.13,4,0.05
9521,988,230.96,10,0.0
9521,579,386.74,6,0.2
9522,419,175.69,6,0.05
9522,95,328.47,3,0.05
9522,832,154.92,6,0.15
9522,941,243.92,6,0.0
9522,844,411.88,5,0.1
9523,861,211.59,10,0.05
9524,855,491.07,8,0.15
9525,169,107.28,2,0.05
9526,370,432.72,3,0.1
9526,646,423.41,9,0.15
9526,850,324.38,4,0.15
9526,40,100.64,3,0.15
9527,660,475.24,6,0.1
9527,44,312.77,1,0.1
9527,657,107.75,8,0.15
9527,95,327.49,4,0.0
9528,107,335.89,3,0.0
9528,878,356.47,1,0.2
9528,447,200.0,10,0.05
9528,450,346.76,8,0.0
9528,501,196.55,3,0.2
9529,589,199.31,10,0.1
9529,123,319.78,10,0.05
9529,229,141.64,3,0.05
9529,779,12.59,7,0.15
9530,297,108.1,7,0.15
9530,427,433.75,10,0.2
9530,989,382.51,9,0.1
9530,464,203.26,7,0.0
9530,219,410.17,4,0.05
9531,139,302.92,9,0.05
9531,802,369.61,9,0.2
9531,429,359.69,3,0.15
9531,154,147.31,3,0.1
9531,536,337.32,6,0.05
9532,137,197.1,7,0.15
9532,261,382.09,9,0.15
9532,75,100.11,4,0.2
9533,808,347.76,6,0.0
9533,88,397.06,5,0.2
9533,496,438.9,4,0.05
9534,475,112.46,5,0.0
9534,663,216.14,4,0.15
9534,925,283.89,10,0.05
9534,208,203.34,5,0.2
9535,913,399.46,8,0.0
9535,163,344.58,4,0.05
9535,503,24.86,4,0.0
9536,929,64.72,4,0.05
9536,239,231.59,4,0.15
9537,602,47.93,4,0.1
9538,122,462.8,2,0.15
9538,441,402.09,4,0.2
9539,546,36.22,2,0.2
9539,244,392.81,6,0.05
9539,171,277.05,8,0.15
9539,354,339.27,9,0.05
9539,329,171.83,1,0.15
9540,699,10.43,4,0.05
9540,728,445.84,9,0.1
9540,757,124.2,2,0.1
9540,436,301.58,1,0.15
9541,276,195.7,10,0.05
9542,951,105.44,8,0.0
9542,929,191.59,4,0.15
9543,982,487.37,1,0.1
9544,659,431.91,6,0.0
9545,268,481.96,8,0.05
9545,632,269.78,3,0.1
9546,694,199.46,10,0.0
9546,83,367.31,7,0.0
9546,319,455.48,4,0.05
9547,818,104.39,2,0.15
9547,634,473.83,6,0.05
9547,403,109.68,8,0.0
9547,921,285.67,1,0.05
9547,117,499.8,3,0.05
9548,195,401.27,9,0.1
9548,877,325.47,1,0.0
9549,41,394.79,1,0.2
9549,874,199.71,4,0.2
9549,216,214.4,10,0.2
9549,2,293.32,3,0.15
9550,148,344.16,9,0.0
9550,271,255.01,7,0.0
9550,135,306.09,2,0.2
9550,661,439.9,5,0.1
9550,539,98.04,7,0.2
9551,653,187.27,6,0.05
9551,746,304.94,10,0.05
9552,381,351.76,8,0.1
9553,265,361.27,8,0.05
9554,703,288.81,5,0.1
9554,511,92.75,1,0.2
9554,560,224.79,7,0.2
9554,733,284.63,9,0.0
9555,719,42.11,2,0.2
9555,874,492.43,1,0.05
9555,23,436.97,6,0.0
9555,199,456.0,5,0.1
9555,220,135.6,6,0.05
9556,629,324.73,10,0.0
9556,689,428.83,1,0.05
9557,664,347.35,1,0.05
9557,710,473.89,2,0.0
9557,212,348.89,4,0.1
9557,910,106.33,8,0.15
9558,189,161.41,10,0.05
9559,729,429.62,6,0.1
9560,314,187.19,5,0.0
9560,361,284.69,1,0.15
9560,632,410.98,5,0.05
9561,663,479.89,9,0.05
9561,477,481.14,9,0.05
9561,707,86.16,10,0.2
9561,13,451.53,1,0.2
9561,593,120.88,4,0.2
9562,245,129.92,9,0.05
9563,127,249.36,1,0.05
9563,895,351.34,4,0.05
9563,205,475.99,6,0.05
9563,188,319.11,1,0.1
9564,977,450.17,2,0.1
9564,71,335.5,6,0.2
9564,36,464.36,3,0.05
9564,23,499.97,9,0.15
9564,545,418.66,1,0.15
9565,928,350.42,8,0.15
9565,763,80.95,10,0.1
9565,940,249.74,2,0.1
9566,185,378.98,1,0.05
9567,580,178.78,8,0.05
9567,696,452.52,7,0.1
9568,628,496.81,7,0.15
9568,28,423.34,2,0.15
9568,175,257.75,9,0.0
9569,296,444.5,10,0.0
9569,873,240.38,3,0.2
9569,856,204.6,5,0.1
9569,708,180.11,9,0.2
9569,829,468.61,5,0.05
9570,202,127.25,9,0.05
9571,90,47.95,8,0.0
9571,713,39.93,4,0.0
9571,752,380.59,6,0.1
9571,993,157.6,2,0.05
9571,642,295.21,2,0.15
9572,278,403.04,5,0.05
9573,736,104.48,8,0.1
9574,881,181.98,9,0.2
9574,258,80.52,8,0.0
9575,225,411.48,3,0.15
9575,265,342.39,3,0.05
9575,203,71.78,4,0.2
9575,978,34.91,9,0.15
9576,673,498.86,5,0.1
9576,985,296.77,8,0.2
9576,459,90.9,9,0.0
9576,166,113.86,2,0.1
9577,909,71.48,8,0.1
9577,563,376.06,5,0.0
9577,405,311.96,7,0.0
9578,513,224.44,8,0.1
9578,392,316.78,5,0.05
9578,192,146.3,9,0.05
9578,723,25.06,3,0.1
9579,12,139.85,5,0.15
9580,266,382.33,7,0.0
9580,367,403.09,1,0.1
9580,422,76.07,5,0.2
9580,816,286.41,7,0.0
9580,857,127.63,4,0.15
9581,527,284.95,1,0.1
9582,280,392.28,6,0.0
9583,689,212.73,3,0.1
9583,493,358.85,3,0.0
9583,235,112.4,7,0.15
9583,966,65.12,9,0.05
9584,71,372.88,7,0.1
9585,433,352.9,8,0.15
9585,184,228.68,4,0.2
9585,817,432.9,2,0.05
9585,515,394.5,2,0.15
9586,188,210.76,6,0.15
9586,506,415.71,10,0.05
9586,125,319.96,9,0.1
9587,206,231.07,6,0.2
9587,560,476.13,9,0.05
9587,138,44.9,8,0.1
9588,165,281.35,2,0.0
9588,508,45.03,10,0.2
9588,387,394.35,3,0.0
9588,708,82.22,6,0.0
9588,892,226.6,10,0.1
9589,366,270.35,6,0.0
9589,107,214.0,4,0.1
9589,814,334.23,6,0.1
9589,816,136.84,10,0.1
9590,500,379.64,6,0.05
9591,507,467.4,5,0.15
9591,214,280.66,2,0.05
9591,790,148.48,4,0.05
9591,18,18.98,4,0.0
9591,84,354.39,8,0.05
9592,733,72.58,3,0.15
9592,564,259.58,10,0.05
9592,25,82.83,3,0.05
9592,139,337.05,1,0.05
9592,677,483.28,2,0.2
9593,9,402.06,3,0.15
9594,292,159.05,8,0.15
9594,129,60.75,5,0.15
9594,68,82.59,10,0.1
9595,637,283.57,5,0.05
9595,242,194.07,5,0.0
9596,516,265.45,8,0.2
9597,457,157.22,1,0.15
9598,184,193.79,4,0.15
9598,837,107.48,9,0.0
9598,335,487.52,4,0.0
9599,432,101.83,2,0.05
9600,965,288.04,7,0.15
9601,169,299.81,7,0.05
9601,934,338.2,8,0.0
9602,680,369.36,4,0.15
9603,798,86.75,8,0.15
9603,359,145.44,7,0.1
9604,204,42.34,4,0.05
9604,584,305.16,8,0.1
9604,60,475.6,4,0.05
9604,659,176.37,4,0.15
9604,452,419.02,1,0.1
9605,549,404.9,5,0.0
9606,533,181.73,1,0.2
9606,316,214.04,9,0.05
9606,313,337.2,6,0.2
9606,213,396.39,2,0.05
9607,628,31.5,6,0.2
9607,23,173.39,10,0.05
9607,425,318.01,9,0.15
9607,362,223.41,1,0.2
9607,48,178.39,7,0.05
9608,583,114.47,5,0.2
9608,955,386.74,6,0.15
9608,529,214.87,7,0.05
9609,178,275.01,6,0.2
9609,289,26.95,4,0.15
9609,238,212.68,6,0.0
9609,984,421.77,9,0.05
9610,931,282.78,9,0.05
9610,250,498.38,5,0.2
9610,261,116.11,4,0.15
9611,174,173.69,9,0.1
9612,861,365.68,2,0.05
9612,760,249.25,5,0.05
9612,302,465.39,1,0.05
9613,136,454.29,1,0.2
9613,525,345.6,5,0.05
9613,83,431.97,9,0.05
9613,886,95.96,2,0.05
9613,642,79.05,4,0.0
9614,968,320.51,8,0.1
9614,951,101.45,8,0.2
9614,71,312.49,7,0.05
9614,849,269.21,5,0.15
9614,24,257.7,2,0.1
9615,605,307.15,3,0.0
9615,902,247.46,3,0.15
9615,409,356.8,1,0.2
9615,569,86.94,4,0.1
9615,360,308.46,3,0.2
9616,705,122.25,1,0.15
9616,786,429.5,5,0.15
9617,719,196.19,2,0.15
9617,619,358.53,9,0.05
9617,649,115.95,3,0.15
9617,350,112.51,9,0.05
9618,900,457.8,5,0.0
9618,724,130.37,8,0.05
9618,577,414.75,8,0.15
9618,483,13.64,8,0.1
9619,111,27.85,9,0.1
9619,313,277.38,6,0.05
9619,587,65.64,3,0.2
9619,694,415.32,5,0.05
9620,274,223.93,2,0.15
9620,27,146.42,9,0.2
9620,61,480.66,10,0.0
9621,396,388.46,1,0.1
9621,29,414.48,6,0.15
9621,503,184.58,2,0.15
9621,913,130.23,6,0.15
9621,407,132.08,10,0.15
9622,783,280.12,5,0.1
9622,304,28.39,3,0.05
9622,471,487.46,9,0.05
9622,707,256.77,3,0.15
9622,17,404.22,6,0.05
9623,353,421.01,6,0.2
9623,445,391.63,10,0.2
9624,807,341.72,8,0.05
9624,796,465.32,1,0.2
9625,77,357.22,2,0.05
9626,841,342.06,1,0.0
9626,446,343.06,7,0.2
9626,556,477.62,6,0.1
9627,838,220.05,3,0.15
9627,151,250.67,2,0.1
9627,799,52.39,2,0.2
9628,253,335.76,5,0.05
9628,92,403.85,5,0.15
9629,400,53.11,4,0.0
9629,336,214.82,4,0.2
9629,635,426.35,3,0.2
9630,417,408.56,9,0.0
9630,985,296.24,5,0.2
9630,76,304.17,6,0.1
9630,798,183.49,5,0.2
9630,288,299.03,10,0.1
9631,979,398.0,1,0.05
9631,764,184.8,5,0.1
9631,247,19.15,7,0.2
9631,563,302.18,10,0.15
9632,879,438.98,6,0.1
9632,736,195.48,8,0.15
9632,909,306.8,3,0.0
9632,856,445.74,10,0.0
9633,11,152.38,5,0.1
9633,842,159.72,1,0.1
9633,634,221.68,6,0.1
9633,380,385.48,10,0.15
9633,589,449.12,2,0.15
9634,552,448.51,3,0.05
9635,199,338.19,1,0.15
9636,888,352.75,8,0.15
9636,128,332.72,8,0.0
9636,756,92.78,7,0.2
9636,918,329.2,5,0.0
9636,374,449.88,8,0.15
9637,233,141.26,10,0.0
9637,892,353.96,7,0.05
9638,575,45.89,10,0.2
9639,161,23.46,8,0.15
9639,976,274.42,6,0.05
9639,981,281.5,7,0.05
9639,307,431.69,5,0.1
9639,955,272.15,10,0.1
9640,924,369.61,7,0.15
9640,637,64.71,7,0.0
9640,808,269.84,1,0.15
9641,485,82.85,5,0.05
9641,835,72.31,2,0.05
9641,769,384.66,6,0.1
9642,855,348.19,1,0.05
9643,775,231.24,6,0.0
9643,1,401.95,10,0.0
9644,561,35.16,1,0.2
9644,297,333.7,10,0.15
9644,152,185.29,4,0.15
9644,440,179.11,9,0.2
9645,312,90.56,5,0.2
9645,710,35.05,2,0.15
9645,249,413.38,4,0.15
9645,167,117.41,5,0.15
9646,304,39.34,1,0.15
9647,601,77.52,9,0.05
9647,840,128.36,3,0.15
9648,791,87.08,3,0.2
9648,867,394.92,10,0.1
9648,285,411.43,6,0.0
9648,413,242.79,9,0.1
9649,820,450.62,7,0.1
9649,891,307.4,8,0.15
9649,3,49.56,3,0.0
9649,138,156.57,1,0.0
9649,755,394.77,9,0.05
9650,394,317.86,9,0.15
9651,708,124.87,2,0.05
9651,911,228.57,6,0.2
9652,222,317.0,9,0.05
9652,27,491.67,5,0.0
9652,949,144.69,2,0.05
9653,847,464.2,10,0.0
9653,619,332.6,6,0.1
9653,588,218.86,4,0.15
9653,519,374.48,9,0.0
9654,502,425.48,3,0.15
9654,290,197.2,6,0.1
9654,506,488.27,5,0.15
9654,641,358.43,3,0.1
9655,828,256.84,9,0.15
9655,405,278.09,2,0.15
9655,364,316.6,2,0.05
9656,957,340.48,5,0.05
9656,163,446.49,10,0.0
9656,815,173.2,5,0.05
9657,595,137.45,9,0.0
9657,487,273.5,8,0.15
9658,710,27.49,10,0.0
9659,280,410.69,2,0.15
9659,789,290.95,3,0.2
9659,911,211.31,8,0.15
9659,231,362.03,10,0.0
9659,302,278.74,9,0.1
9660,199,454.65,7,0.05
9660,862,236.2,3,0.2
9660,453,201.38,1,0.2
9661,847,89.33,5,0.2
9661,151,377.64,7,0.2
9662,807,116.94,3,0.1
9663,112,479.19,9,0.05
9664,299,483.48,7,0.1
9664,349,197.5,3,0.2
9665,33,233.09,5,0.15
9665,543,156.22,5,0.15
9665,570,178.03,6,0.2
9666,63,223.47,10,0.2
9666,50,419.73,6,0.2
9667,742,429.53,4,0.2
9667,806,66.39,2,0.2
9667,449,153.2,10,0.05
9667,830,106.65,7,0.1
9667,124,457.06,1,0.2
9668,993,464.56,4,0.1
9669,215,25.32,2,0.15
9670,175,238.85,4,0.2
9670,339,106.37,9,0.05
9670,47,223.28,2,0.1
9670,937,366.77,3,0.05
9671,512,392.98,4,0.05
9671,51,222.76,3,0.05
9671,706,341.1,5,0.2
9671,493,375.46,8,0.05
9671,685,274.66,7,0.1
9672,116,328.68,9,0.1
9673,919,191.22,6,0.1
9674,990,188.36,7,0.05
9674,175,455.63,3,0.2
9674,371,24.07,4,0.15
9675,968,57.37,1,0.1
9675,85,365.72,8,0.05
9675,266,189.13,3,0.2
9676,786,238.77,5,0.05
9677,755,445.54,10,0.05
9677,745,399.77,6,0.15
9678,987,68.65,4,0.2
9678,199,312.4,1,0.0
9679,748,321.56,5,0.0
9679,740,76.64,2,0.1
9679,55,20.96,9,0.1
9680,575,359.51,2,0.1
9680,914,295.02,6,0.0
9680,162,413.72,10,0.1
9680,712,433.06,3,0.05
9680,811,209.38,10,0.0
9681,849,212.76,1,0.1
9681,515,330.59,10,0.05
9681,413,261.95,7,0.1
9681,173,163.37,1,0.2
9681,889,126.24,5,0.2
9682,148,208.77,8,0.0
9682,491,445.09,3,0.15
9682,117,84.13,10,0.15
9682,519,161.52,5,0.0
9682,320,427.11,3,0.0
9683,65,18.76,7,0.1
9683,10,178.25,10,0.2
9683,880,260.6,5,0.0
9683,408,374.77,7,0.2
9684,160,46.4,2,0.05
9684,740,134.51,1,0.1
9684,174,456.18,8,0.0
9685,541,458.89,7,0.05
9685,80,498.83,5,0.1
9685,176,73.53,8,0.15
9685,224,43.37,7,0.1
9685,651,431.74,9,0.15
9686,533,440.43,1,0.2
9686,59,266.9,4,0.2
9687,199,333.65,5,0.15
9687,937,362.4,3,0.2
9687,301,488.34,10,0.2
9687,725,83.99,4,0.1
9687,938,107.55,5,0.05
9688,862,355.95,3,0.05
9688,424,169.36,5,0.2
9688,90,459.55,4,0.15
9688,838,270.08,4,0.15
9688,40,467.09,7,0.1
9689,402,331.0,3,0.2
9690,797,10.11,6,0.0
9690,358,238.99,8,0.1
9690,118,250.5,3,0.1
9691,339,223.12,7,0.0
9692,155,59.68,8,0.05
9692,159,103.7,8,0.05
9692,172,364.22,4,0.2
9692,689,47.27,3,0.05
9692,554,158.21,3,0.15
9693,772,276.63,2,0.0
9694,887,486.1,8,0.0
9695,603,486.53,10,0.1
9695,91,377.31,4,0.15
9695,471,284.58,1,0.05
9695,25,365.32,9,0.2
9696,476,483.46,7,0.15
9696,496,187.78,1,0.1
9696,619,219.43,8,0.1
9696,494,352.1,10,0.1
9697,502,176.14,4,0.15
9697,297,114.65,6,0.05
9698,304,284.39,6,0.15
9698,208,67.28,7,0.05
9699,666,327.47,4,0.2
9699,953,483.09,5,0.2
9699,57,106.96,3,0.1
9699,902,289.49,3,0.05
9700,458,477.03,3,0.0
9700,587,44.49,8,0.05
9700,962,300.16,10,0.1
9700,10,68.15,5,0.15
9701,460,31.76,9,0.0
9701,417,344.49,4,0.0
9702,756,125.34,2,0.15
9702,413,233.3,2,0.15
9702,989,450.75,4,0.0
9702,798,135.9,6,0.0
9703,656,275.33,8,0.2
9703,598,196.14,2,0.05
9703,971,71.44,6,0.15
9703,90,91.65,10,0.05
9703,437,349.8,10,0.05
9704,678,41.57,1,0.15
9704,497,10.89,10,0.1
9705,167,115.92,10,0.0
9705,894,265.28,8,0.05
9705,814,442.35,1,0.2
9705,324,305.7,1,0.15
9705,568,49.55,5,0.2
9706,985,346.28,7,0.0
9706,926,218.98,3,0.1
9706,674,355.94,6,0.15
9706,315,256.33,7,0.0
9706,765,310.74,8,0.1
9707,212,12.71,6,0.1
9707,682,422.11,7,0.05
9708,385,453.6,10,0.1
9708,14,86.52,6,0.1
9708,957,99.3,5,0.05
9708,702,374.81,8,0.2
9708,635,495.94,6,0.0
9709,323,11.69,8,0.0
9709,624,32.24,8,0.05
9710,951,197.89,9,0.0
9710,263,176.25,3,0.1
9710,83,104.31,1,0.0
9710,507,152.44,1,0.15
9710,236,179.28,8,0.0
9711,402,229.14,7,0.15
9711,726,27.34,4,0.2
9711,556,317.98,4,0.05
9711,428,407.75,7,0.15
9711,113,395.71,6,0.2
9712,813,403.89,10,0.2
9713,513,165.3,6,0.1
9713,593,451.14,8,0.2
9713,636,386.5,6,0.05
9714,319,47.13,2,0.05
9715,459,229.95,5,0.2
9715,575,186.56,7,0.15
9715,572,77.71,4,0.15
9716,73,379.76,2,0.1
9716,100,68.89,5,0.0
9716,294,195.96,4,0.1
9716,68,392.54,1,0.2
9716,703,242.61,7,0.2
9717,532,260.62,10,0.1
9717,738,118.73,6,0.1
9717,814,175.01,8,0.0
9717,445,469.66,6,0.2
9718,201,106.02,10,0.05
9718,619,214.54,7,0.0
9719,554,222.25,9,0.05
9719,877,311.87,5,0.0
9719,770,462.33,7,0.2
9719,243,329.6,4,0.1
9720,682,210.03,8,0.05
9720,892,341.37,9,0.05
9720,634,344.8,3,0.0
9720,106,391.09,10,0.15
9721,66,74.26,4,0.05
9721,944,336.8,2,0.2
9721,270,447.26,2,0.0
9721,362,347.67,4,0.15
9722,259,476.1,4,0.1
9722,528,169.24,3,0.15
9723,885,376.28,7,0.05
9724,902,130.28,4,0.15
9724,703,352.66,6,0.05
9724,741,467.42,4,0.2
9725,690,369.02,3,0.2
9726,930,157.92,3,0.0
9726,377,120.63,4,0.15
9726,692,410.59,2,0.15
9726,94,382.8,10,0.1
9727,379,288.64,1,0.05
9727,327,323.02,5,0.2
9727,671,85.37,5,0.1
9727,405,403.32,3,0.1
9727,234,439.91,1,0.1
9728,862,250.16,8,0.2
9728,220,169.05,8,0.0
9728,718,494.22,10,0.1
9728,368,41.22,6,0.05
9729,49,259.55,4,0.2
9729,701,15.95,8,0.05
9729,856,189.68,5,0.15
9729,588,320.37,8,0.1
9730,416,378.45,9,0.2
9730,890,483.07,8,0.2
9730,37,96.4,7,0.1
9730,827,45.46,1,0.1
9731,609,293.66,4,0.2
9731,781,237.99,2,0.0
9731,254,458.8,5,0.15
9731,358,446.86,8,0.15
9731,61,323.35,9,0.1
9732,851,338.34,3,0.15
9732,266,239.4,3,0.05
9732,830,50.34,5,0.1
9733,553,433.54,8,0.1
9733,484,336.35,2,0.15
9734,364,236.63,2,0.05
9734,313,294.65,10,0.05
9735,550,286.22,9,0.0
9735,633,162.44,6,0.05
9736,145,203.34,1,0.1
9736,283,71.04,7,0.2
9736,493,374.67,2,0.1
9736,104,42.22,1,0.0
9736,607,19.35,10,0.15
9737,438,177.92,1,0.2
9737,526,379.36,5,0.0
9738,116,455.22,7,0.15
9739,854,404.77,3,0.0
9739,162,466.52,7,0.1
9740,537,208.83,5,0.15
9740,479,177.5,9,0.0
9740,526,326.55,6,0.2
9741,408,311.37,8,0.0
9741,856,446.0,6,0.15
9741,576,93.49,6,0.1
9741,292,238.2,8,0.1
9742,707,168.02,3,0.1
9742,776,238.16,10,0.0
9742,718,207.66,3,0.1
9742,514,410.9,6,0.2
9742,240,81.34,2,0.1
9743,45,374.65,7,0.2
9743,518,119.78,2,0.15
9744,828,79.87,10,0.15
9744,773,293.77,3,0.1
9744,722,437.32,10,0.2
9745,723,237.34,7,0.05
9745,187,297.4,6,0.2
9745,963,489.4,2,0.1
9745,990,252.57,5,0.1
9746,253,88.34,8,0.1
9746,495,45.09,2,0.0
9746,263,56.51,1,0.0
9746,291,36.96,8,0.0
9747,225,45.42,4,0.1
9747,82,492.1,7,0.15
9747,991,234.77,8,0.0
9747,234,45.72,4,0.05
9748,934,137.03,9,0.15
9748,60,14.46,10,0.15
9749,993,205.32,3,0.0
9749,254,191.75,6,0.15
9749,240,85.07,10,0.15
9749,156,173.21,6,0.05
9750,498,330.19,6,0.2
9750,145,376.78,2,0.15
9750,525,284.41,7,0.0
9750,62,346.45,3,0.2
9750,431,182.04,6,0.0
9751,579,28.46,3,0.2
9751,298,308.0,9,0.05
9752,931,398.34,5,0.05
9752,782,192.05,2,0.1
9752,35,307.1,5,0.15
9753,778,290.96,6,0.05
9753,273,170.79,8,0.1
9754,340,423.61,6,0.15
9754,901,16.29,9,0.1
9754,129,249.38,1,0.15
9754,382,328.22,2,0.15
9754,191,463.35,4,0.05
9755,939,280.87,2,0.1
9755,765,42.42,10,0.1
9755,388,244.44,9,0.1
9755,104,444.79,3,0.2
9756,921,172.98,4,0.0
9756,529,21.09,10,0.2
9756,372,112.81,4,0.15
9757,836,175.69,10,0.1
9757,29,190.09,6,0.0
9757,897,210.07,10,0.0
9757,34,50.32,10,0.1
9758,762,104.36,9,0.15
9758,215,478.7,2,0.1
9758,994,307.3,6,0.1
9758,537,135.85,2,0.15
9758,180,178.14,5,0.15
9759,77,293.46,8,0.2
9760,108,357.93,1,0.1
9760,95,108.34,8,0.0
9760,33,452.46,2,0.2
9760,593,438.15,8,0.2
9760,27,228.41,9,0.05
9761,468,151.02,8,0.2
9762,999,118.74,8,0.15
9762,723,53.15,8,0.2
9763,119,226.62,7,0.15
9763,418,348.09,6,0.15
9763,723,62.12,9,0.15
9763,743,68.74,3,0.0
9764,453,271.37,9,0.05
9765,345,157.45,10,0.15
9765,562,51.7,10,0.0
9765,502,87.38,8,0.2
9765,335,130.52,7,0.15
9766,534,170.06,9,0.2
9766,709,181.87,4,0.15
9766,544,118.58,3,0.0
9767,504,202.86,10,0.05
9767,633,445.32,2,0.15
9768,805,490.88,6,0.15
9768,204,123.88,10,0.05
9768,835,498.26,8,0.2
9768,323,340.3,5,0.1
9769,720,105.2,4,0.15
9770,42,352.71,8,0.15
9770,174,43.42,4,0.1
9770,395,99.35,4,0.0
9770,105,304.69,8,0.05
9771,480,132.22,4,0.2
9771,1,288.05,9,0.0
9771,120,126.74,4,0.15
9771,953,42.44,2,0.2
9771,34,34.26,10,0.15
9772,160,446.69,9,0.0
9772,419,353.89,6,0.2
9773,376,397.14,7,0.15
9773,111,442.83,5,0.2
9773,530,321.53,2,0.05
9773,964,142.74,10,0.2
9773,448,177.79,10,0.2
9774,470,429.63,4,0.05
9774,820,111.83,8,0.15
9775,837,208.9,9,0.15
9775,225,94.22,10,0.1
9775,903,198.57,2,0.0
9775,169,200.64,6,0.0
9775,705,327.35,9,0.05
9776,727,341.9,10,0.15
9776,470,235.97,8,0.1
9776,173,172.42,6,0.2
9777,578,394.16,4,0.1
9777,423,223.03,5,0.2
9777,770,116.67,10,0.1
9777,3,91.76,4,0.15
9777,255,300.05,10,0.15
9778,458,421.45,6,0.0
9779,228,175.39,2,0.15
9779,881,476.86,3,0.15
9780,999,433.14,7,0.05
9780,630,98.09,1,0.1
9780,100,318.16,2,0.1
9780,402,307.47,9,0.0
9781,505,390.2,4,0.0
9781,376,359.16,10,0.05
9782,97,22.38,7,0.1
9783,979,63.59,10,0.1
9783,972,483.93,9,0.05
9784,920,80.35,3,0.2
9784,898,287.29,2,0.2
9784,880,345.94,1,0.0
9785,837,82.24,8,0.1
9785,369,412.76,5,0.15
9786,841,71.21,7,0.2
9786,549,465.67,3,0.1
9786,665,204.77,4,0.15
9787,603,125.54,9,0.0
9787,473,425.9,6,0.05
9787,769,280.29,6,0.0
9787,782,311.64,7,0.1
9787,935,203.69,7,0.1
9788,557,315.35,3,0.1
9789,996,90.95,4,0.2
9789,174,270.84,8,0.15
9789,225,217.02,10,0.05
9789,879,298.85,10,0.2
9790,403,264.32,2,0.05
9791,373,170.99,8,0.0
9791,964,289.14,2,0.1
9792,687,445.49,10,0.05
9792,223,364.98,9,0.0
9792,68,270.14,1,0.15
9792,978,304.6,1,0.0
9792,398,269.78,10,0.1
9793,335,252.14,3,0.0
9794,432,283.16,2,0.0
9794,918,483.11,2,0.0
9794,631,89.98,2,0.2
9794,200,165.98,3,0.05
9794,973,243.47,2,0.2
9795,574,220.8,9,0.1
9795,268,98.08,8,0.05
9795,986,49.46,8,0.2
9796,861,31.71,8,0.1
9796,160,466.7,3,0.0
9796,927,336.96,9,0.0
9796,351,163.47,10,0.05
9796,873,320.59,4,0.1
9797,122,332.3,4,0.05
9798,474,212.17,4,0.15
9798,290,453.32,6,0.05
9798,663,356.91,6,0.05
9799,39,173.92,1,0.1
9799,383,232.35,10,0.05
9799,48,437.68,9,0.2
9799,275,113.3,6,0.2
9799,681,489.48,8,0.1
9800,605,317.67,3,0.0
9800,366,389.36,9,0.15
9800,784,413.08,10,0.2
9801,814,29.61,3,0.1
9801,747,152.71,1,0.0
9802,88,20.89,9,0.0
9802,349,52.44,6,0.15
9803,414,363.05,5,0.0
9804,81,276.65,9,0.0
9804,675,108.13,9,0.05
9805,897,370.1,3,0.15
9806,1000,255.09,7,0.2
9806,559,448.41,3,0.1
9806,82,63.04,7,0.2
9806,36,114.85,2,0.0
9807,304,342.78,3,0.05
9807,974,96.45,6,0.1
9807,407,461.41,5,0.0
9807,353,355.91,10,0.0
9807,392,111.87,6,0.1
9808,738,101.52,3,0.15
9808,314,65.39,4,0.05
9808,189,267.77,9,0.2
9809,941,183.65,10,0.2
9809,913,192.89,1,0.0
9810,481,222.11,3,0.15
9810,68,474.46,8,0.2
9810,127,102.94,3,0.0
9810,285,281.54,8,0.15
9811,360,186.51,1,0.2
9811,632,145.44,10,0.05
9812,296,209.04,2,0.15
9812,443,160.09,1,0.2
9812,390,196.51,7,0.15
9812,626,99.85,4,0.1
9813,130,231.0,2,0.1
9813,588,67.66,5,0.05
9813,754,22.88,2,0.15
9813,702,377.04,8,0.2
9814,924,452.72,7,0.0
9814,864,13.25,4,0.2
9814,940,49.51,7,0.0
9814,919,252.62,7,0.0
9814,730,27.84,5,0.2
9815,312,219.64,3,0.05
9815,278,332.2,2,0.05
9815,85,301.89,1,0.1
9816,751,148.34,1,0.2
9816,101,20.23,8,0.1
9817,845,484.85,7,0.0
9817,213,85.86,9,0.0
9817,538,117.47,8,0.1
9817,975,317.1,9,0.0
9817,834,252.67,1,0.1
9818,727,160.38,6,0.05
9818,225,139.58,4,0.1
9818,976,254.37,7,0.0
9818,491,191.87,1,0.0
9819,22,130.7,10,0.1
9819,210,430.21,4,0.05
9819,375,264.67,5,0.0
9820,309,115.28,8,0.2
9820,596,37.98,5,0.1
9820,329,43.04,10,0.2
9820,971,205.86,6,0.15
9820,423,123.31,2,0.15
9821,578,382.15,5,0.15
9821,554,217.6,2,0.05
9821,751,97.11,7,0.15
9821,975,482.84,6,0.0
9821,372,221.79,7,0.15
9822,91,427.53,10,0.05
9823,714,200.24,7,0.0
9824,51,266.86,2,0.0
9824,284,77.94,7,0.2
9825,614,91.9,8,0.15
9825,961,183.36,8,0.2
9825,95,16.66,7,0.0
9825,545,393.23,3,0.0
9825,588,287.89,2,0.1
9826,82,292.19,6,0.15
9826,340,139.63,1,0.2
9827,242,163.21,4,0.05
9827,542,274.97,3,0.05
9828,391,397.41,5,0.0
9828,262,281.04,10,0.1
9828,271,478.91,7,0.2
9828,727,174.4,1,0.2
9828,673,149.66,9,0.1
9829,873,355.53,7,0.1
9829,394,102.89,1,0.2
9830,833,224.95,5,0.05
9830,134,186.74,9,0.05
9831,21,437.21,4,0.0
9831,971,276.02,1,0.0
9831,9,385.92,1,0.2
9832,828,218.51,6,0.2
9832,611,314.91,5,0.1
9832,767,384.94,6,0.1
9832,351,109.07,10,0.0
9832,839,190.98,10,0.2
9833,85,427.32,5,0.1
9833,513,410.12,5,0.2
9833,518,380.29,10,0.0
9833,365,414.56,8,0.05
9833,253,243.27,5,0.2
9834,582,293.9,1,0.2
9834,76,161.03,2,0.0
9834,420,379.13,5,0.1
9835,702,243.22,1,0.1
9836,897,185.11,3,0.1
9836,154,298.6,4,0.0
9837,17,372.57,4,0.15
9838,181,291.62,5,0.1
9838,820,172.73,3,0.15
9838,717,168.49,3,0.15
9839,230,321.96,2,0.05
9839,758,237.1,6,0.0
9840,755,126.57,10,0.1
9840,597,257.47,5,0.0
9840,637,217.44,4,0.1
9840,697,292.87,8,0.2
9840,974,193.15,7,0.0
9841,82,16.39,1,0.05
9841,45,78.49,9,0.1
9841,624,462.55,9,0.15
9842,246,413.01,4,0.15
9842,25,337.78,8,0.15
9842,943,278.64,2,0.0
9842,494,127.77,5,0.15
9842,283,494.95,2,0.15
9843,915,206.8,9,0.15
9843,327,417.48,1,0.2
9844,188,65.92,8,0.0
9844,149,299.1,3,0.1
9844,219,326.54,8,0.15
9844,344,396.67,4,0.1
9844,901,254.28,9,0.2
9845,408,71.12,10,0.15
9846,203,324.75,2,0.2
9846,920,119.1,4,0.1
9847,539,289.35,8,0.15
9847,22,298.73,2,0.15
9848,616,451.74,1,0.15
9848,460,190.62,8,0.2
9848,994,410.7,2,0.05
9849,827,332.9,3,0.0
9849,649,106.89,10,0.05
9849,770,462.72,1,0.0
9850,90,456.14,2,0.15
9850,317,205.73,10,0.1
9850,514,471.8,3,0.15
9850,769,206.06,4,0.0
9851,432,157.48,1,0.0
9851,381,51.72,5,0.1
9851,41,266.92,2,0.15
9851,37,319.21,10,0.15
9851,947,414.91,9,0.05
9852,602,357.89,5,0.0
9852,280,217.53,3,0.05
9853,278,356.8,5,0.0
9854,933,20.87,4,0.2
9854,963,294.56,8,0.05
9855,166,198.92,1,0.0
9856,968,30.27,4,0.0
9856,712,73.1,3,0.1
9856,337,179.01,6,0.0
9856,302,70.17,10,0.15
9857,425,58.65,3,0.15
9857,220,472.9,1,0.15
9858,657,414.59,10,0.1
9858,919,294.44,8,0.05
9858,360,257.73,4,0.15
9859,723,87.96,2,0.05
9859,55,410.8,7,0.15
9860,953,168.74,9,0.05
9860,941,64.61,9,0.15
9861,874,359.79,6,0.0
9862,808,253.79,5,0.0
9862,836,121.82,5,0.15
9863,225,232.98,6,0.2
9863,199,333.38,10,0.05
9863,764,111.45,2,0.15
9863,309,305.42,6,0.0
9864,573,95.35,1,0.1
9864,858,85.75,1,0.0
9865,555,204.89,7,0.1
9866,916,314.74,5,0.2
9866,424,384.02,9,0.05
9867,582,180.05,10,0.0
9867,922,345.68,1,0.15
9867,900,272.9,10,0.0
9868,43,342.77,10,0.05
9869,844,476.21,9,0.05
9870,112,208.84,10,0.2
9871,336,158.8,4,0.0
9871,761,423.57,8,0.1
9871,467,347.05,6,0.2
9871,492,394.55,5,0.2
9871,282,391.57,10,0.05
9872,123,280.55,1,0.1
9872,245,494.14,3,0.1
9873,767,457.32,9,0.15
9874,730,304.32,8,0.2
9875,135,169.55,10,0.0
9875,694,151.69,1,0.2
9875,159,89.23,7,0.1
9875,220,48.44,10,0.05
9876,318,186.62,2,0.1
9877,657,103.19,4,0.2
9877,824,350.04,1,0.1
9877,781,206.96,5,0.1
9877,31,221.94,8,0.2
9878,787,156.05,4,0.0
9878,507,429.39,8,0.05
9878,362,224.61,7,0.05
9878,300,293.88,6,0.2
9878,406,295.51,5,0.05
9879,703,40.37,9,0.2
9879,659,150.83,10,0.0
9880,701,164.83,8,0.15
9880,299,111.92,5,0.1
9880,874,393.36,2,0.05
9880,12,25.94,3,0.0
9880,972,11.91,2,0.1
9881,74,389.3,8,0.1
9881,924,316.8,8,0.1
9881,416,369.12,10,0.05
9881,732,83.08,1,0.0
9881,662,440.2,9,0.1
9882,902,284.82,7,0.1
9882,100,193.22,8,0.1
9882,392,489.71,7,0.15
9883,166,378.25,6,0.1
9883,858,259.79,3,0.2
9883,583,308.06,3,0.1
9883,67,336.44,8,0.05
9884,362,233.4,9,0.1
9884,768,498.47,8,0.1
9884,778,21.63,9,0.05
9884,418,412.35,7,0.05
9885,445,173.61,8,0.0
9886,648,273.07,2,0.0
9887,997,93.87,4,0.0
9887,763,357.37,6,0.1
9887,235,382.76,2,0.05
9887,187,148.39,3,0.15
9887,486,206.68,8,0.15
9888,655,455.69,8,0.0
9888,600,245.18,1,0.2
9888,980,219.51,4,0.2
9888,957,417.77,7,0.1
9888,306,14.28,9,0.05
9889,995,448.45,8,0.0
9889,608,126.1,5,0.0
9889,866,314.79,6,0.0
9889,248,447.42,3,0.15
9889,402,146.7,2,0.2
9890,846,271.47,10,0.15
9890,192,351.74,7,0.2
9890,834,210.19,6,0.2
9890,225,431.5,1,0.15
9891,173,88.32,2,0.2
9891,200,35.3,2,0.0
9891,807,498.77,7,0.2
9892,629,222.59,5,0.2
9893,11,128.61,10,0.05
9893,950,84.16,4,0.1
9893,761,290.18,8,0.05
9893,939,467.38,10,0.0
9894,795,396.34,1,0.2
9894,735,14.29,5,0.05
9894,256,309.43,7,0.0
9894,259,99.39,4,0.1
9894,695,380.06,4,0.1
9895,253,364.01,1,0.1
9895,751,376.13,9,0.05
9896,651,359.14,1,0.05
9897,68,400.38,4,0.2
9897,39,451.05,9,0.15
9898,69,296.59,4,0.05
9898,624,376.87,5,0.0
9898,202,459.87,3,0.05
9898,433,39.64,3,0.1
9898,291,247.36,10,0.0
9899,49,325.8,7,0.05
9900,828,468.6,3,0.15
9900,870,251.76,6,0.05
9901,142,225.53,5,0.2
9901,316,188.74,2,0.05
9901,543,284.01,5,0.2
9901,701,307.41,8,0.15
9902,447,221.46,6,0.1
9903,178,59.34,8,0.05
9903,26,277.34,10,0.05
9903,785,54.56,7,0.0
9904,598,70.56,9,0.05
9905,120,154.29,4,0.0
9905,941,170.13,1,0.15
9905,892,59.7,9,0.1
9905,223,317.61,4,0.05
9905,970,129.8,2,0.05
9906,81,157.77,9,0.15
9907,360,148.33,7,0.05
9907,298,193.67,10,0.15
9908,899,349.04,2,0.15
9908,18,320.86,5,0.05
9908,124,185.86,3,0.2
9909,355,42.64,5,0.0
9909,883,284.43,6,0.15
9910,45,69.06,6,0.0
9910,762,207.86,10,0.2
9911,426,260.35,8,0.2
9911,466,312.37,7,0.05
9911,273,192.98,2,0.1
9911,442,187.39,4,0.0
9912,78,469.14,9,0.2
9912,522,88.27,3,0.0
9912,960,45.81,1,0.15
9912,901,489.99,3,0.2
9912,290,478.43,4,0.15
9913,746,294.97,7,0.05
9914,713,140.52,5,0.2
9914,385,393.69,6,0.0
9915,138,390.33,9,0.0
9915,297,278.94,5,0.1
9915,210,317.04,2,0.15
9915,104,101.29,2,0.0
9915,316,138.42,3,0.05
9916,486,416.38,1,0.05
9916,317,90.55,2,0.0
9916,98,441.6,2,0.0
9916,311,68.92,3,0.0
9917,153,16.93,2,0.2
9917,33,222.16,7,0.2
9917,4,167.05,7,0.2
9918,314,432.3,9,0.2
9918,283,472.35,2,0.05
9919,885,238.88,8,0.0
9919,451,356.84,7,0.15
9919,658,262.36,9,0.1
9919,407,107.18,7,0.2
9920,775,390.1,7,0.2
9920,410,257.54,7,0.05
9921,45,324.04,10,0.05
9921,485,362.82,8,0.15
9922,327,81.93,1,0.2
9922,303,293.09,8,0.05
9922,766,118.6,7,0.1
9923,979,238.92,7,0.2
9923,464,60.22,5,0.0
9923,556,275.66,3,0.05
9923,283,159.17,1,0.2
9923,410,471.69,3,0.0
9924,239,452.76,1,0.0
9925,721,258.55,9,0.05
9925,988,361.6,9,0.1
9925,464,28.6,8,0.1
9926,586,482.55,5,0.0
9927,500,377.86,7,0.1
9927,159,402.24,10,0.0
9927,60,283.39,9,0.05
9927,317,181.99,7,0.15
9927,503,32.47,10,0.15
9928,413,275.64,3,0.15
9928,869,258.5,4,0.15
9928,512,380.79,10,0.1
9929,833,445.25,5,0.1
9930,218,347.75,6,0.2
9930,579,292.82,2,0.1
9930,209,122.55,8,0.1
9931,900,425.66,8,0.05
9932,110,235.86,8,0.1
9932,180,431.84,8,0.15
9932,145,103.5,3,0.2
9932,420,137.68,3,0.1
9932,270,249.83,5,0.2
9933,730,285.48,8,0.2
9933,550,219.95,2,0.0
9934,163,120.5,4,0.1
9935,189,399.17,6,0.1
9935,263,316.14,7,0.2
9935,914,433.58,7,0.2
9936,432,119.22,10,0.15
9936,560,371.14,4,0.0
9936,255,41.04,10,0.0
9937,348,279.91,7,0.15
9937,572,179.99,9,0.0
9938,302,471.74,2,0.0
9938,468,389.45,6,0.1
9938,929,185.98,5,0.0
9938,39,443.37,8,0.1
9938,504,102.14,5,0.2
9939,472,108.52,7,0.05
9939,628,387.89,5,0.0
9939,72,429.07,7,0.05
9939,572,423.39,7,0.05
9940,397,423.42,10,0.2
9940,510,44.47,2,0.15
9941,89,466.3,4,0.0
9941,517,55.11,5,0.0
9941,683,21.83,5,0.05
9941,587,106.45,10,0.05
9942,28,84.82,8,0.2
9942,517,267.59,8,0.0
9942,417,287.3,2,0.0
9942,184,280.68,7,0.05
9943,35,189.14,5,0.2
9943,866,440.0,9,0.05
9943,898,186.26,1,0.2
9943,23,10.48,9,0.05
9944,910,186.17,9,0.15
9945,687,59.94,2,0.05
9945,344,92.21,6,0.1
9946,825,73.32,8,0.2
9946,643,424.12,8,0.0
9946,977,385.12,2,0.1
9946,202,397.05,9,0.05
9947,214,240.37,4,0.2
9947,220,23.18,6,0.0
9948,3,409.87,2,0.0
9948,917,67.81,6,0.2
9948,817,172.27,10,0.0
9948,700,294.45,6,0.2
9948,500,241.58,4,0.15
9949,126,325.55,5,0.0
9949,665,264.37,3,0.2
9950,676,149.51,7,0.0
9950,616,201.14,5,0.0
9950,960,295.61,4,0.05
9951,764,186.88,1,0.05
9951,343,225.68,8,0.0
9951,165,101.9,10,0.15
9951,65,42.45,9,0.1
9952,327,489.81,4,0.0
9952,75,223.56,4,0.15
9952,217,387.4,9,0.2
9952,970,450.79,10,0.05
9952,279,498.68,7,0.05
9953,785,428.83,5,0.15
9954,380,192.37,7,0.05
9955,745,254.64,3,0.1
9955,60,132.3,2,0.1
9955,172,88.12,10,0.15
9955,471,218.43,9,0.1
9956,906,49.25,3,0.15
9956,772,173.09,6,0.0
9956,300,395.83,4,0.15
9956,387,472.98,10,0.05
9957,874,30.26,2,0.15
9957,118,217.17,1,0.0
9957,176,441.42,3,0.2
9957,196,320.35,8,0.15
9958,93,51.54,3,0.15
9958,160,222.82,3,0.1
9959,180,161.45,7,0.15
9960,583,344.71,2,0.05
9960,21,485.23,2,0.05
9961,712,203.58,8,0.1
9961,288,363.47,10,0.15
9962,94,17.4,6,0.15
9962,836,297.08,7,0.0
9962,856,454.08,6,0.1
9962,430,205.05,3,0.2
9963,346,449.73,2,0.05
9963,706,307.2,3,0.15
9963,823,406.06,6,0.15
9963,125,191.97,2,0.0
9963,315,314.1,10,0.1
9964,908,50.08,4,0.05
9964,469,319.58,1,0.15
9964,684,239.91,7,0.1
9964,608,345.9,3,0.05
9964,49,392.31,6,0.2
9965,207,360.51,7,0.15
9966,485,482.3,5,0.05
9966,927,237.94,8,0.05
9966,908,33.1,2,0.1
9966,497,242.66,3,0.15
9966,74,303.01,7,0.2
9967,267,181.06,4,0.15
9967,308,367.99,1,0.1
9968,199,277.39,1,0.0
9969,737,64.72,4,0.1
9969,354,46.48,6,0.1
9969,904,171.86,3,0.05
9970,170,404.09,7,0.1
9970,825,90.09,10,0.05
9970,187,67.67,6,0.0
9971,23,230.71,5,0.0
9971,878,362.12,1,0.15
9971,351,470.12,4,0.2
9971,6,330.72,10,0.1
9972,170,170.34,9,0.05
9972,558,289.4,4,0.0
9972,453,419.79,5,0.05
9973,510,498.26,2,0.0
9974,125,142.97,2,0.0
9974,951,197.81,4,0.2
9975,237,302.06,6,0.2
9976,634,36.14,4,0.2
9976,416,148.58,6,0.15
9976,850,333.89,6,0.1
9977,678,376.59,2,0.15
9977,633,236.39,1,0.0
9977,757,150.0,6,0.15
9977,647,445.94,7,0.15
9977,250,146.26,8,0.05
9978,759,339.04,5,0.2
9978,224,98.91,4,0.2
9978,139,263.7,10,0.05
9979,15,351.83,1,0.1
9979,762,210.48,7,0.15
9979,20,48.74,5,0.1
9980,521,121.73,1,0.15
9980,645,233.99,2,0.1
9980,593,19.94,2,0.15
9980,407,359.14,7,0.2
9981,929,89.02,6,0.1
9981,171,102.19,10,0.2
9982,892,340.21,6,0.0
9982,67,475.62,8,0.15
9983,219,134.74,7,0.05
9983,104,422.24,6,0.15
9983,167,125.81,6,0.15
9983,27,260.83,5,0.15
9984,916,359.85,2,0.2
9984,413,325.81,1,0.05
9984,140,153.24,6,0.0
9984,367,216.93,3,0.1
9984,86,441.2,3,0.15
9985,610,191.68,4,0.05
9986,125,416.7,5,0.15
9986,587,211.66,1,0.05
9986,25,376.21,9,0.15
9986,937,294.45,1,0.05
9986,841,122.7,5,0.2
9987,901,242.93,7,0.1
9987,378,241.9,1,0.05
9987,99,126.94,7,0.05
9987,721,274.75,3,0.2
9987,473,271.65,4,0.0
9988,869,175.4,9,0.1
9988,252,76.62,1,0.2
9989,71,300.9,10,0.15
9990,24,166.3,1,0.2
9990,503,190.18,10,0.15
9990,785,485.77,4,0.1
9991,534,78.18,5,0.1
9991,858,325.93,7,0.15
9991,928,375.52,10,0.2
9991,969,347.27,4,0.2
9991,684,141.9,6,0.05
9992,951,98.96,6,0.15
9992,990,401.14,3,0.05
9992,474,201.74,6,0.2
9993,364,166.73,3,0.0
9994,756,57.07,10,0.15
9994,727,488.29,8,0.1
9994,815,467.82,7,0.0
9995,77,330.32,9,0.1
9996,936,43.64,5,0.15
9996,557,321.9,10,0.1
9997,982,449.79,2,0.15
9998,283,316.32,8,0.0
9999,102,300.78,6,0.05
9999,973,428.75,10,0.15
9999,187,114.42,2,0.15
9999,380,212.11,7,0.15
9999,396,161.29,2,0.1
10000,942,421.11,2,0.1
10000,239,369.78,3,0.15
10000,102,38.94,7,0.1
10000,343,133.78,1,0.0
10000,472,119.66,9,0.2
